company_name,listing_date,corp_code,rcept_no,report_nm,track_type,discount_rate_low_pct,discount_rate_high_pct,discount_rate_mid_pct,price_band_low,price_band_high,band_midpoint,final_offering_price,price_vs_mid,net_income_mn,net_income_bn,peer_per,valuation_model,per_stock_value,total_shares,offering_shares,offering_amount,discount_rate_xml_low,discount_rate_xml_high,discount_rate_xml_mid,listing_market,is_tech_special,is_growth_special,filled_key_fields,extraction_status,xml_size,discount_rate_implied,discount_rate_diff,data_quality_flag,net_income_type,institutional_ratio,retail_ratio,discount_rate_xml_source
바이오비쥬,2025-05-20,1657197,20250502000293,[발행조건확정]증권신고서(지분증권),general,31.42,39.67,35.545,8000.0,9100.0,8550.0,9100.0,0.0643,8120.0,81.2,25.51,PER,13342.0,15524430.0,3000000.0,27300000000.0,31.42,39.67,35.545,코스닥,0.0,0.0,5.0,ok,507002.0,31.7943,0.0,OK,,,,
원일티엔아이,2025-05-09,488244,20250423000260,[발행조건확정]증권신고서(지분증권),general,41.12,49.54,45.33,11500.0,13500.0,12500.0,13500.0,0.08,7871.0,78.71,24.42,PER,22929.0,8381030.0,1200000.0,16200000000.0,41.12,49.84,45.48,코스닥,0.0,0.0,5.0,ok,549270.0,41.1226,0.15,OK,,,,
한국피아이엠,2025-04-04,765897,20250324000424,[발행조건확정]증권신고서(지분증권),general,30.59,42.37,36.48,9300.0,11200.0,10250.0,11200.0,0.0927,9062.292,90.6229,11.81,EV/EBITDA,16136.0,6080457.0,65000.0,14560000000.0,30.59,42.37,36.48,코스닥,0.0,0.0,5.0,ok,712141.0,30.59,0.0,OK,EBITDA,,,
에이유브랜즈,2025-04-03,1803927,20250321000213,[발행조건확정]증권신고서(지분증권),general,8.79,20.19,14.49,14000.0,16000.0,15000.0,16000.0,0.0667,10658.266,106.5827,23.47,PER,17542.0,14260000.0,60000.0,32000000000.0,8.79,20.19,14.49,코스닥,0.0,0.0,5.0,ok,590422.0,8.7903,0.0,OK,,,,
더즌,2025-03-24,1563667,20250311000714,[발행조건확정]증권신고서(지분증권),general,24.41,36.51,30.46,10500.0,12500.0,11500.0,9000.0,-0.2174,11760.417,117.6042,33.7,PER,16537.0,23967758.0,2500000.0,22500000000.0,24.41,36.51,30.46,코스닥,0.0,0.0,5.0,ok,450457.0,45.5766,0.0,OK,,,,
한텍,2025-03-20,404941,20250305000408,[발행조건확정]증권신고서(지분증권),general,43.0,51.5,47.25,9200.0,10800.0,10000.0,10800.0,0.08,,,14.07,PER,19102.0,11127819.0,3309000.0,35737200000.0,43.0,51.5,47.25,코스닥,0.0,0.0,4.0,ok,548002.0,43.4614,0.0,OK,,,,
티엑스알로보틱스,2025-03-20,1458161,20250307001078,[발행조건확정]증권신고서(지분증권),general,25.49,36.53,31.01,11500.0,13500.0,12500.0,13500.0,0.08,,,,PER,18119.0,,3075400.0,41517900000.0,25.49,36.53,31.01,코스닥,0.0,0.0,3.0,partial,1093809.0,25.4926,0.0,OK,,,,
엠디바이스,2025-03-07,1022142,20250221000431,[발행조건확정]증권신고서(지분증권),general,40.11,48.36,44.235,7200.0,8350.0,7775.0,8350.0,0.074,9385.0,93.85,15.95,PER,13942.0,,1260000.0,10521000000.0,40.11,48.36,44.235,코스닥,0.0,0.0,5.0,ok,855116.0,40.109,0.0,OK,,,,
대진첨단소재,2025-03-06,1549472,20250219001498,[발행조건확정]증권신고서(지분증권),general,30.11,41.4,35.754999999999995,10900.0,13000.0,11950.0,9000.0,-0.2469,,,31.54,EV/EBITDA,19200.0,,3000000.0,27000000000.0,32.29,43.23,37.76,코스닥,0.0,0.0,4.0,ok,730567.0,53.125,2.005,MINOR_DIFF,,,,
엘케이켐,2025-02-25,1747977,20250212000695,[발행조건확정]증권신고서(지분증권),general,29.73,39.77,34.75,18000.0,21000.0,19500.0,21000.0,0.0769,,,,PER,29883.0,6424676.0,,21000000000.0,29.73,39.76,34.745,코스닥,0.0,0.0,3.0,partial,393939.0,29.7259,0.005,OK,,,,
위너스,2025-02-24,1137860,20250212000606,[발행조건확정]증권신고서(지분증권),general,17.19,26.93,22.06,7500.0,8500.0,8000.0,8500.0,0.0625,2882.0,28.82,,PER,,6851000.0,1700000.0,14450000000.0,17.19,26.93,22.06,코스닥,0.0,0.0,4.0,ok,393840.0,,0.0,OK,,,,
모티브링크,2025-02-20,367400,20250210000466,[발행조건확정]증권신고서(지분증권),general,16.98,29.43,23.205,5100.0,6000.0,5550.0,6000.0,0.0811,3204.0,32.04,,PER,7227.0,12390358.0,3020590.0,18123540000.0,17.53,29.88,23.705,코스닥,0.0,0.0,4.0,ok,507340.0,16.978,0.5,OK,,,,
동국생명과학,2025-02-17,1233465,20250131000480,[발행조건확정]증권신고서(지분증권),general,11.2,21.75,16.475,12600.0,14300.0,13450.0,9000.0,-0.3309,,,14.82,EV/EBITDA,16103.0,,2000000.0,18000000000.0,11.26,21.5,16.38,코스닥,0.0,0.0,4.0,ok,624274.0,44.1098,0.095,OK,,,,
동방메디컬,2025-02-13,1073261,20250124000579,[발행조건확정]증권신고서(지분증권),general,38.78,47.53,43.155,9000.0,10500.0,9750.0,10500.0,0.0769,22301.155,223.0115,17.58,EV/EBITDA,17152.0,21226940.0,3000000.0,31500000000.0,40.63,49.11,44.87,코스닥,0.0,0.0,5.0,ok,488569.0,38.7826,1.715,MINOR_DIFF,EBITDA,69.0,25.0,
피아이이,2025-02-04,1429220,20250116000121,[발행조건확정]증권신고서(지분증권),general,23.97,39.17,31.57,4000.0,5000.0,4500.0,5000.0,0.1111,,,,PER,6576.0,36201000.0,3600000.0,14400000000.0,23.96,39.17,31.565,코스닥,0.0,0.0,3.0,partial,458502.0,23.9659,0.005,OK,,,,
삼양엔씨켐,2025-02-03,863533,20250114000181,[발행조건확정]증권신고서(지분증권),general,17.75,26.89,22.32,16000.0,18000.0,17000.0,18000.0,0.0588,16121.0,161.21,,EV/EBITDA,21884.0,10830140.0,1100000.0,19800000000.0,17.7,26.9,22.3,코스닥,0.0,0.0,4.0,ok,463573.0,17.7481,0.02,OK,EBITDA,,,
아스테라시스,2025-01-24,1590528,20250113000245,[발행조건확정]증권신고서(지분증권),general,13.7,24.95,19.325,4000.0,4600.0,4300.0,4600.0,0.0698,,,31.89,PER,5330.0,36514642.0,3650000.0,16790000000.0,13.7,24.95,19.325,코스닥,0.0,0.0,4.0,ok,395677.0,13.6961,0.0,OK,,,,
미트박스,2025-01-23,1374717,20250110000703,[발행조건확정]증권신고서(지분증권),general,29.18,41.5,35.34,19000.0,23000.0,21000.0,19000.0,-0.0952,,,,PER,32478.0,5642150.0,1000000.0,19000000000.0,29.18,41.5,35.34,코스닥,0.0,0.0,3.0,partial,467403.0,41.4989,0.0,OK,,,,
듀켐바이오,2024-12-20,867034,20241210000172,[발행조건확정]증권신고서(지분증권),general,30.99,39.8,35.395,,,,8000.0,,,,,PER,,,1430000.0,11440000000.0,,,,,0.0,0.0,1.0,fail,165556.0,,,NO_XML_DR,,,,
벡트,2024-12-16,1453944,20241203000034,[발행조건확정]증권신고서(지분증권),general,23.7,31.53,27.615,3500.0,3900.0,3700.0,3900.0,0.0541,3174.0,31.74,22.08,PER,,,4750000.0,18525000000.0,23.7,31.53,27.615,코스닥,0.0,0.0,5.0,ok,579711.0,,0.0,OK,,,,
위츠,2024-11-20,1445440,20241105000117,[발행조건확정]증권신고서(지분증권),general,14.77,29.42,22.095,5300.0,6400.0,5850.0,6400.0,0.094,5107.0,51.07,18.6,PER,7509.0,12652000.0,3000000.0,19200000000.0,14.76,29.41,22.085,코스닥,0.0,0.0,5.0,ok,509602.0,14.7689,0.01,OK,,,,
사이냅소프트,2024-11-19,1207901,20241106000152,[발행조건확정]증권신고서(지분증권),general,27.98,38.26,33.12,21000.0,24500.0,22750.0,24500.0,0.0769,6809.0,68.09,25.2,PER,34016.0,5037023.0,1010000.0,24745000000.0,27.98,38.26,33.12,코스닥,0.0,0.0,5.0,ok,450847.0,27.9751,0.0,OK,,,,
엠오티,2024-11-18,1563922,20241106000087,[발행조건확정]증권신고서(지분증권),general,6.48,19.84,13.16,12000.0,14000.0,13000.0,10000.0,-0.2308,,,,PER,14970.0,12174580.0,1750000.0,17500000000.0,6.48,19.84,13.16,코스닥,0.0,0.0,3.0,partial,620383.0,33.1997,0.0,OK,,,,
닷밀,2024-11-13,1605282,20241101000289,[발행조건확정]증권신고서(지분증권),general,20.91,33.08,26.995,11000.0,13000.0,12000.0,13000.0,0.0833,,,,PER,16438.0,9438054.0,1200000.0,,20.91,33.08,26.995,코스닥,0.0,0.0,3.0,partial,457533.0,20.915,0.0,OK,,,,
탑런토탈솔루션,2024-11-01,814582,20241022000214,[발행조건확정]증권신고서(지분증권),general,37.85,46.73,42.29,,,,18000.0,,,,,PER,,,2500000.0,45000000000.0,,,,,0.0,0.0,1.0,fail,159825.0,,,NO_XML_DR,,,,
에이럭스,2024-11-01,1641600,20241021000237,[발행조건확정]증권신고서(지분증권),general,13.41,26.24,19.825,11500.0,13500.0,12500.0,16000.0,0.28,4169.567,41.6957,51.56,PER,15591.0,13789430.0,1500000.0,24000000000.0,13.41,26.24,19.825,코스닥,0.0,0.0,5.0,ok,695495.0,-2.6233,0.0,OK,,,,
성우,2024-10-31,319272,20241018000189,[발행조건확정]증권신고서(지분증권),general,14.03,25.89,19.96,25000.0,29000.0,27000.0,32000.0,0.1852,,,,PER,33732.0,15076980.0,3000000.0,96000000000.0,14.03,25.89,19.96,코스닥,0.0,0.0,3.0,partial,522577.0,5.1346,0.0,OK,,,,
에이치엔에스하이텍,2024-10-25,311216,20241011000542,[발행조건확정]증권신고서(지분증권),general,19.37,31.78,25.575000000000003,22000.0,26000.0,24000.0,22000.0,-0.0833,13082.172,130.8217,,PER,32247.0,8061064.0,500000.0,,19.37,31.78,25.575,코스닥,0.0,0.0,4.0,ok,390590.0,31.7766,0.0,OK,,,,
한켐,2024-10-22,1016309,20241002000203,[발행조건확정]증권신고서(지분증권),general,18.89,30.08,24.485,12500.0,14500.0,13500.0,18000.0,0.3333,,,,PER,17878.0,8067134.0,,,18.9,30.08,24.49,코스닥,0.0,0.0,3.0,partial,506667.0,-0.6824,0.005,OK,,,,
와이제이링크,2024-10-18,1023211,20241007000466,[발행조건확정]증권신고서(지분증권),general,23.05,32.47,27.76,8600.0,9800.0,9200.0,12000.0,0.3043,7054.0,70.54,,PER,12714.0,,3560000.0,42720000000.0,22.92,32.36,27.64,코스닥,0.0,0.0,4.0,ok,931540.0,5.6159,0.12,OK,,,,
인스피언,2024-10-18,1284876,20241002000231,[발행조건확정]증권신고서(지분증권),general,16.37,33.1,24.735,8000.0,10000.0,9000.0,12000.0,0.3333,3947.766,39.4777,,PER,,10137772.0,2250000.0,27000000000.0,16.38,33.1,24.74,코스닥,0.0,0.0,4.0,ok,568369.0,,0.005,OK,,,,
제닉스,2024-09-30,1293485,20240913000388,[발행조건확정]증권신고서(지분증권),general,23.44,36.95,30.195,28000.0,34000.0,31000.0,40000.0,0.2903,6891.0,68.91,,PER,44411.0,4442640.0,,,23.44,36.95,30.195,코스닥,0.0,0.0,4.0,ok,462626.0,9.9322,0.0,OK,,,,
아이스크림미디어,2024-08-30,657224,20240820000053,[발행조건확정]증권신고서(지분증권),general,9.41,27.89,18.65,32000.0,40200.0,36100.0,32000.0,-0.1136,28279.0,282.79,,PER,44374.0,13678433.0,2460000.0,,9.41,27.89,18.65,코스닥,0.0,0.0,4.0,ok,302356.0,27.8857,0.0,OK,,,,
M83,2024-08-22,1704680,20240809000437,[발행조건확정]증권신고서(지분증권),general,33.63,43.84,38.735,11000.0,13000.0,12000.0,16000.0,0.3333,,,,PER,19588.0,8270400.0,,,33.63,43.84,38.735,코스닥,0.0,0.0,3.0,partial,521727.0,18.3173,0.0,OK,,,,
티디에스팜,2024-08-21,1232192,20240808000209,[발행조건확정]증권신고서(지분증권),general,11.86,21.75,16.805,9500.0,10700.0,10100.0,13000.0,0.2871,4392.286,43.9229,,PER,12140.0,5530000.0,1000000.0,13000000000.0,11.86,21.75,16.805,코스닥,0.0,0.0,4.0,ok,513642.0,-7.084,0.0,OK,,,,
유라클,2024-08-16,407294,20240805000135,[발행조건확정]증권신고서(지분증권),general,22.74,33.78,28.26,18000.0,21000.0,19500.0,21000.0,0.0769,4475.0,44.75,26.56,PER,27181.0,4372368.0,751000.0,15771000000.0,22.74,33.78,28.26,코스닥,0.0,0.0,5.0,ok,455422.0,22.7401,0.0,OK,,,,
하이젠알앤엠,2024-06-27,650771,20240617000110,[발행조건확정]증권신고서(지분증권),general,19.13,33.83,26.48,4500.0,5500.0,5000.0,7000.0,0.4,,,33.44,EV/EBITDA,6801.0,,3400000.0,,19.13,33.83,26.48,코스닥,0.0,0.0,4.0,ok,575891.0,-2.926,0.0,OK,,,,
그리드위즈,2024-06-14,1299203,20240531001586,[발행조건확정]증권신고서(지분증권),general,43.11,51.65,47.38,34000.0,40000.0,37000.0,40000.0,0.0811,,,,PER,70315.0,,1400000.0,56000000000.0,43.11,51.65,47.38,코스닥,0.0,0.0,3.0,partial,669538.0,43.1131,0.0,OK,,,,
노브랜드,2024-05-24,305941,20240510000090,[발행조건확정]증권신고서(지분증권),general,14.45,32.34,23.395000000000003,8700.0,11000.0,9850.0,14000.0,0.4213,,,,PER,12858.0,9950113.0,1200000.0,16800000000.0,14.45,32.34,23.395,코스닥,0.0,0.0,3.0,partial,622237.0,-8.8816,0.0,OK,,,,
코칩,2024-05-07,446901,20240423000279,[발행조건확정]증권신고서(지분증권),general,9.08,28.57,18.825,11000.0,14000.0,12500.0,18000.0,0.44,,,22.52,EV/EBITDA,15399.0,,1500000.0,18000.0,9.08,28.57,18.825,코스닥,0.0,0.0,4.0,ok,652369.0,-16.8907,0.0,OK,,,,
오상헬스케어,2024-03-13,260657,20240229002403,[기재정정]증권신고서(지분증권),general,39.89,47.91,43.9,13000.0,15000.0,14000.0,20000.0,0.4286,1210.0,12.1,,EV/EBITDA,24954.0,14989416.0,990000.0,,39.89,47.91,43.9,,0.0,0.0,4.0,ok,4526431.0,19.8525,0.0,OK,,,,
스튜디오삼익,2024-02-06,1540815,20240124000150,[발행조건확정]증권신고서(지분증권),general,19.62,29.36,24.49,14500.0,16500.0,15500.0,18000.0,0.1613,,,,PER,20526.0,,,15300000000.0,19.62,29.36,24.49,코스닥,0.0,0.0,3.0,partial,400382.0,12.3063,0.0,OK,,,,
이닉스,2024-02-01,338170,20240119000136,[발행조건확정]증권신고서(지분증권),general,21.93,34.71,28.32,9200.0,11000.0,10100.0,14000.0,0.3861,,,,PER,14090.0,,3000000.0,42000000000.0,21.93,34.71,28.32,코스닥,0.0,0.0,3.0,partial,612198.0,0.6388,0.0,OK,,,,
포스뱅크,2024-01-29,862312,20240115000358,[발행조건확정]증권신고서(지분증권),general,17.23,28.26,22.745,13000.0,15000.0,14000.0,18000.0,0.2857,,,,PER,18122.0,,1500000.0,27000000000.0,17.23,28.26,22.745,코스닥,0.0,0.0,3.0,partial,418687.0,0.6732,0.0,OK,,,,
현대힘스,2024-01-26,667373,20240116000199,[발행조건확정]증권신고서(지분증권),general,24.2,39.84,32.02,5000.0,6300.0,5650.0,7300.0,0.292,,,,PER,8311.0,,8707000.0,63561100000.0,24.2,39.84,32.02,코스닥,0.0,0.0,3.0,partial,320502.0,12.1646,0.0,OK,,,,
HB인베스트먼트,2024-01-25,309460,20240115000371,[발행조건확정]증권신고서(지분증권),general,26.62,37.1,31.86,,,,,,,,,PER,,,,22667800000.0,,,,,0.0,0.0,0.0,fail,31097.0,,,NO_XML_DR,,,,
우진엔텍,2024-01-24,1030503,20240115000087,[발행조건확정]증권신고서(지분증권),general,14.87,25.3,20.085,4300.0,4900.0,4600.0,5300.0,0.1522,,,,PER,,,2060000.0,,14.9,25.3,20.1,코스닥,0.0,0.0,3.0,partial,386832.0,,0.015,OK,,,,
LS머트리얼즈,2023-12-12,1528141,20231130001608,[발행조건확정]증권신고서(지분증권),general,13.62,30.89,22.255,4400.0,5500.0,4950.0,6000.0,0.2121,,,,EV/EBITDA,6423.0,,,87750000000.0,14.36,31.49,22.925,코스닥,0.0,0.0,3.0,partial,640531.0,6.5857,0.67,OK,,,,
케이엔에스,2023-12-06,1402995,20231124000347,[발행조건확정]증권신고서(지분증권),general,22.34,32.93,27.635,19000.0,22000.0,20500.0,23000.0,0.122,5729.0,57.29,,PER,28327.0,4442278.0,,,22.34,32.93,27.635,코스닥,0.0,0.0,4.0,ok,341332.0,18.8054,0.0,OK,,,,
에이에스텍,2023-11-28,1538528,20231115000157,[발행조건확정]증권신고서(지분증권),general,21.96,34.44,28.2,21000.0,25000.0,23000.0,28000.0,0.2174,,,,PER,,,35715.0,39396000000.0,21.96,34.44,28.2,코스닥,0.0,0.0,3.0,partial,508140.0,,0.0,OK,,,,
한선엔지니어링,2023-11-24,958451,20231110000103,[발행조건확정]증권신고서(지분증권),general,22.68,32.99,27.835,5200.0,6000.0,5600.0,7000.0,0.25,,,,PER,7760.0,,4250000.0,29750000000.0,22.68,32.99,27.835,코스닥,0.0,0.0,3.0,partial,557722.0,9.7938,0.0,OK,,,,
에코아이,2023-11-21,1218299,20231109000215,[발행조건확정]증권신고서(지분증권),general,15.6,30.7,23.15,28500.0,34700.0,31600.0,34700.0,0.0981,17474.0,174.74,,PER,41085.0,,2079000.0,72141300000.0,15.6,30.7,23.15,코스닥,0.0,0.0,4.0,ok,565521.0,15.541,0.0,OK,,,,
스톰테크,2023-11-20,1226270,20231108000512,[발행조건확정]증권신고서(지분증권),general,26.6,38.2,32.400000000000006,,,,,,,,,PER,,,3350000.0,36850000000.0,,,,,0.0,0.0,0.0,fail,27624.0,,,NO_XML_DR,,,,
캡스톤파트너스,2023-11-15,1497124,20231103000318,[발행조건확정]증권신고서(지분증권),general,14.87,24.32,19.595,3200.0,3600.0,3400.0,4000.0,0.1765,,,,PER,4229.0,,1596000.0,,14.87,24.32,19.595,코스닥,0.0,0.0,3.0,partial,347089.0,5.415,0.0,OK,,,,
에스와이스틸텍,2023-11-13,1135084,20231031000076,[발행조건확정]증권신고서(지분증권),general,20.0,36.0,28.0,1200.0,1500.0,1350.0,1800.0,0.3333,,,,PER,,,7000000.0,12600000000.0,20.0,36.0,28.0,코스닥,0.0,0.0,3.0,partial,360534.0,,0.0,OK,,,,
에이직랜드,2023-11-13,1540453,20231031000244,[발행조건확정]증권신고서(지분증권),general,30.96,38.38,34.67,19100.0,21400.0,20250.0,25000.0,0.2346,,,,PER,30998.0,,2636330.0,65908250000.0,30.96,38.38,34.67,코스닥,0.0,0.0,3.0,partial,768583.0,19.3496,0.0,OK,,,,
메가터치,2023-11-09,923516,20231030000175,[발행조건확정]증권신고서(지분증권),general,19.83,29.85,24.84,3500.0,4000.0,3750.0,4800.0,0.28,,,,PER,4989.0,,5200000.0,24960000000.0,19.83,29.85,24.84,코스닥,0.0,0.0,3.0,partial,605141.0,3.7883,0.0,OK,,,,
유진테크놀로지,2023-11-02,1085026,20231019000208,[발행조건확정]증권신고서(지분증권),general,30.55,38.69,34.62,12800.0,14500.0,13650.0,17000.0,0.2454,,,,PER,20879.0,,1049482.0,17841194000.0,30.55,38.69,34.62,코스닥,0.0,0.0,3.0,partial,460854.0,18.5785,0.0,OK,,,,
워트,2023-10-26,866451,20231013000580,[발행조건확정]증권신고서(지분증권),general,12.43,21.81,17.119999999999997,5000.0,5600.0,5300.0,6500.0,0.2264,,,,PER,6395.0,,,26000000000.0,,,,코스닥,0.0,0.0,3.0,partial,366046.0,-1.6419,,NO_XML_DR,,,,
에스엘에스바이오,2023-10-20,1112700,20230926000450,[발행조건확정]증권신고서(지분증권),general,7.55,19.35,13.45,8200.0,9400.0,8800.0,7000.0,-0.2045,,,,PER,10167.0,,770000.0,5390000000.0,,,31.1498,코스닥,0.0,0.0,3.0,partial,351407.0,31.1498,17.6998,MISMATCH_CHECK,,,,implied
신성에스티,2023-10-19,761183,20231006000228,[발행조건확정]증권신고서(지분증권),general,29.3,37.78,33.54,22000.0,25000.0,23500.0,26000.0,0.1064,,,,PER,35360.0,,38462.0,52000000000.0,,,26.4706,코스닥,0.0,0.0,3.0,partial,410497.0,26.4706,7.0694,MISMATCH_CHECK,,,,implied
퓨릿,2023-10-18,1027828,20231004000216,[발행조건확정]증권신고서(지분증권),general,28.0,40.5,34.25,8800.0,10700.0,9750.0,10700.0,0.0974,,,,EV/EBITDA,14824.0,,4137000.0,,28.0,40.5,34.25,코스닥,0.0,0.0,3.0,partial,562108.0,27.8198,0.0,OK,,,,
레뷰코퍼레이션,2023-10-06,1468061,20230918000162,[발행조건확정]증권신고서(지분증권),general,22.43,32.42,27.425,11500.0,13200.0,12350.0,15000.0,0.2146,,,,PER,17016.0,,2240000.0,,,,11.8477,코스닥,0.0,0.0,3.0,partial,828218.0,11.8477,15.5773,MISMATCH_CHECK,,,,implied
한싹,2023-10-04,1602638,20230918000117,[발행조건확정]증권신고서(지분증권),general,20.01,35.28,27.645000000000003,8900.0,11000.0,9950.0,12500.0,0.2563,,,,PER,,,1500000.0,18750000000.0,20.0,35.3,27.65,코스닥,0.0,0.0,3.0,partial,578849.0,,0.005,OK,,,,
인스웨이브시스템즈,2023-09-25,1222113,20230913000346,[발행조건확정]증권신고서(지분증권),general,38.96,49.14,44.05,20000.0,24000.0,22000.0,24000.0,0.0909,,,,PER,,,,,38.96,49.14,44.05,코스닥,0.0,0.0,3.0,partial,387219.0,,0.0,OK,,,,
빅텐츠,2023-08-17,550082,20230804000193,[첨부정정]증권신고서(지분증권),konex_transfer,21.56,28.38,24.97,,,,,,,,,,,,,,,,,,,,,download_failed,,,,,,,,
코츠테크놀로지,2023-08-10,959210,20230731000178,[발행조건확정]증권신고서(지분증권),general,23.69,33.65,28.67,10000.0,11500.0,10750.0,13000.0,0.2093,,,,PER,15071.0,,,13000000000.0,23.69,33.65,28.67,코스닥,0.0,0.0,3.0,partial,481817.0,13.7416,0.0,OK,,,,
엠아이큐브솔루션,2023-08-04,1497142,20230725000127,[발행조건확정]증권신고서(지분증권),general,24.48,35.81,30.145000000000003,8500.0,10000.0,9250.0,12000.0,0.2973,,,,PER,13242.0,,,14520000000.0,24.48,35.81,30.145,코스닥,0.0,0.0,3.0,partial,404009.0,9.3792,0.0,OK,,,,
에이엘티,2023-07-27,493325,20230714000210,[발행조건확정]증권신고서(지분증권),general,24.48,38.48,31.48,16700.0,20500.0,18600.0,25000.0,0.3441,,,,PER,27146.0,,900000.0,,24.48,38.48,31.48,코스닥,0.0,0.0,3.0,partial,276827.0,7.9054,0.0,OK,,,,
뷰티스킨,2023-07-24,1147487,20230712000259,[발행조건확정]증권신고서(지분증권),general,6.69,18.36,12.525,,,,26000.0,,,,,PER,25722.0,,,,6.69,18.36,12.525,코스닥,0.0,0.0,1.0,fail,543464.0,-1.0808,0.0,OK,,,,
필에너지,2023-07-14,1488320,20230704000144,[첨부정정]증권신고서(지분증권),general,20.73,30.5,25.615,,,,,,,,,,,,,,,,,,,,,download_failed,,,,,,,,
시큐센,2023-06-29,1113499,20230619000132,[발행조건확정]증권신고서(지분증권),konex_transfer,13.95,28.29,21.12,2000.0,2400.0,2200.0,3000.0,0.3636,,,,PER,2789.0,,1948000.0,5844000000.0,,,,코스닥,0.0,0.0,3.0,partial,349394.0,-7.5654,,NO_XML_DR,,,,
마녀공장,2023-06-08,1136977,20230524000321,[발행조건확정]증권신고서(지분증권),general,37.32,46.28,41.8,12000.0,14000.0,13000.0,16000.0,0.2308,,,,PER,22337.0,,,32000000000.0,37.32,46.28,41.8,코스닥,0.0,0.0,3.0,partial,341158.0,28.37,0.0,OK,,,,
나라셀라,2023-06-02,1021639,20230519000339,[발행조건확정]증권신고서(지분증권),general,21.52,34.6,28.06,20000.0,24000.0,22000.0,20000.0,-0.0909,,,,PER,,,,,21.52,34.6,28.06,코스닥,0.0,0.0,3.0,partial,335641.0,,0.0,OK,,,,
진영,2023-06-01,816933,20230519000263,[발행조건확정]증권신고서(지분증권),general,31.41,41.21,36.31,3600.0,4200.0,3900.0,5000.0,0.2821,,,,PER,6123.0,,4250000.0,21250000000.0,31.4,41.2,36.3,코스닥,0.0,0.0,3.0,partial,442940.0,18.3407,0.01,OK,,,,
기가비스,2023-05-24,765569,20230512000026,[발행조건확정]증권신고서(지분증권),general,39.0,47.14,43.07,34400.0,39700.0,37050.0,43000.0,0.1606,,,,PER,65082.0,,2218258.0,95385094000.0,,,33.9295,코스닥,0.0,0.0,3.0,partial,389674.0,33.9295,9.1405,MISMATCH_CHECK,,,,implied
트루엔,2023-05-17,1134216,20230503000315,[발행조건확정]증권신고서(지분증권),general,23.47,36.22,29.845,10000.0,12000.0,11000.0,12000.0,0.0909,,,,PER,15680.0,,2500000.0,30000000000.0,23.47,36.22,29.845,코스닥,0.0,0.0,3.0,partial,406518.0,23.4694,0.0,OK,,,,
토마토시스템,2023-04-27,1436479,20230414000088,[발행조건확정]증권신고서(지분증권),general,21.35,35.52,28.435,18200.0,22200.0,20200.0,18200.0,-0.099,,,,PER,,,860000.0,15652000000.0,21.35,35.52,28.435,코스닥,0.0,0.0,3.0,partial,270333.0,,0.0,OK,,,,
LB인베스트먼트,2023-03-29,231901,20230316001463,[발행조건확정]증권신고서(지분증권),general,19.78,30.79,25.285,,,,5100.0,,,,,PER,,,,23552039700.0,,,,코스닥,0.0,0.0,1.0,fail,81962.0,,,NO_XML_DR,,,,
금양그린파워,2023-03-13,872656,20230228000586,[발행조건확정]증권신고서(지분증권),general,33.41,44.23,38.81999999999999,6700.0,8000.0,7350.0,10000.0,0.3605,,,,PER,12013.0,,3007320.0,30073200000.0,,,16.7568,코스닥,0.0,0.0,3.0,partial,350066.0,16.7568,22.0632,MISMATCH_CHECK,,,,implied
