listing_date,company_name,discount_rate_high_pct,discount_rate_low_pct,discount_rate_mid_pct,rate_col1,rate_col2,source_pdf,source_page,extraction_method
2022-01-24,애드바이오텍,43.9,35.9,39.9,43.9,35.9,나라스페이스테크놀로지_peer_group_extraction.pdf,26,pypdf_text
2022-02-04,이지트로닉스,43.1,34.1,38.6,43.1,34.1,나라스페이스테크놀로지_peer_group_extraction.pdf,26,pypdf_text
2022-02-04,스코넥엔터테인먼트,45.8,27.8,36.8,45.8,27.8,나라스페이스테크놀로지_peer_group_extraction.pdf,26,pypdf_text
2022-02-21,바이오에프디엔씨,36.8,20.4,28.6,36.8,20.4,나라스페이스테크놀로지_peer_group_extraction.pdf,26,pypdf_text
2022-02-23,퓨런티어,37.0,24.3,30.65,37.0,24.3,나라스페이스테크놀로지_peer_group_extraction.pdf,26,pypdf_text
2022-02-28,풍원정밀,32.9,22.8,27.85,32.9,22.8,나라스페이스테크놀로지_peer_group_extraction.pdf,26,pypdf_text
2022-03-03,노을,36.2,16.5,26.35,36.2,16.5,나라스페이스테크놀로지_peer_group_extraction.pdf,26,pypdf_text
2022-03-10,모아데이타,27.9,15.9,21.9,27.9,15.9,나라스페이스테크놀로지_peer_group_extraction.pdf,26,pypdf_text
2022-06-20,비플라이소프트,42.9,34.2,38.55,42.9,34.2,나라스페이스테크놀로지_peer_group_extraction.pdf,26,pypdf_text
2022-06-24,보로노이,44.8,36.5,40.65,44.8,36.5,나라스페이스테크놀로지_peer_group_extraction.pdf,26,pypdf_text
2022-06-24,레이저쎌,27.7,15.6,21.65,27.7,15.6,나라스페이스테크놀로지_peer_group_extraction.pdf,26,pypdf_text
2022-07-01,넥스트칩,42.4,32.5,37.45,42.4,32.5,나라스페이스테크놀로지_peer_group_extraction.pdf,26,pypdf_text
2022-07-07,코난테크놀로지,37.6,25.7,31.65,37.6,25.7,나라스페이스테크놀로지_peer_group_extraction.pdf,26,pypdf_text
2022-07-14,영창케미칼,40.3,26.0,33.15,40.3,26.0,나라스페이스테크놀로지_peer_group_extraction.pdf,26,pypdf_text
2022-07-21,루닛,44.4,38.1,41.25,44.4,38.1,나라스페이스테크놀로지_peer_group_extraction.pdf,26,pypdf_text
2022-07-28,에이프릴바이오,48.1,40.3,44.2,48.1,40.3,나라스페이스테크놀로지_peer_group_extraction.pdf,26,pypdf_text
2022-07-29,아이씨에이치,30.2,9.7,19.95,30.2,9.7,나라스페이스테크놀로지_peer_group_extraction.pdf,26,pypdf_text
2022-10-17,에스비비테크,45.3,32.9,39.1,45.3,32.9,나라스페이스테크놀로지_peer_group_extraction.pdf,26,pypdf_text
2022-10-19,샤페론,48.0,35.3,41.65,48.0,35.3,나라스페이스테크놀로지_peer_group_extraction.pdf,26,pypdf_text
2022-10-20,핀텔,33.4,21.0,27.2,33.4,21.0,나라스페이스테크놀로지_peer_group_extraction.pdf,26,pypdf_text
2022-10-21,플라즈맵,43.9,31.5,37.7,43.9,31.5,나라스페이스테크놀로지_peer_group_extraction.pdf,26,pypdf_text
2022-11-04,뉴로메카,42.1,30.1,36.1,42.1,30.1,나라스페이스테크놀로지_peer_group_extraction.pdf,26,pypdf_text
2022-11-18,엔젯,37.0,20.2,28.6,37.0,20.2,나라스페이스테크놀로지_peer_group_extraction.pdf,26,pypdf_text
2022-11-22,인벤티지랩,33.2,8.6,20.9,33.2,8.6,나라스페이스테크놀로지_peer_group_extraction.pdf,26,pypdf_text
2023-01-19,티이엠씨,32.4,19.7,26.05,32.4,19.7,나라스페이스테크놀로지_peer_group_extraction.pdf,26,pypdf_text
2023-01-30,오브젠,41.6,22.2,31.9,41.6,22.2,나라스페이스테크놀로지_peer_group_extraction.pdf,26,pypdf_text
2023-02-15,샌즈랩,30.5,14.1,22.3,30.5,14.1,나라스페이스테크놀로지_peer_group_extraction.pdf,26,pypdf_text
2023-02-16,제이오,52.7,38.6,45.65,52.7,38.6,나라스페이스테크놀로지_peer_group_extraction.pdf,26,pypdf_text
2023-03-07,자람테크놀로지,40.9,26.2,33.55,40.9,26.2,나라스페이스테크놀로지_peer_group_extraction.pdf,26,pypdf_text
2023-03-30,지아이이노베이션,55.2,41.2,48.2,55.2,41.2,나라스페이스테크놀로지_peer_group_extraction.pdf,26,pypdf_text
2023-04-26,마이크로투나노,31.4,21.2,26.3,31.4,21.2,나라스페이스테크놀로지_peer_group_extraction.pdf,26,pypdf_text
2023-05-04,에스바이오메딕스,57.3,52.0,54.65,57.3,52.0,나라스페이스테크놀로지_peer_group_extraction.pdf,26,pypdf_text
2023-05-19,씨유박스,50.9,33.8,42.35,50.9,33.8,나라스페이스테크놀로지_peer_group_extraction.pdf,26,pypdf_text
2023-05-19,모니터랩,46.9,30.6,38.75,46.9,30.6,나라스페이스테크놀로지_peer_group_extraction.pdf,26,pypdf_text
2023-06-15,큐라티스,53.1,42.3,47.7,53.1,42.3,나라스페이스테크놀로지_peer_group_extraction.pdf,26,pypdf_text
2023-06-16,프로테옴텍,30.7,15.4,23.05,30.7,15.4,나라스페이스테크놀로지_peer_group_extraction.pdf,26,pypdf_text
2023-06-30,오픈놀,29.41,13.37,21.39,29.41,13.37,나라스페이스테크놀로지_peer_group_extraction.pdf,26,pypdf_text
2023-07-06,이노시뮬레이션,39.2,29.9,34.55,39.2,29.9,나라스페이스테크놀로지_peer_group_extraction.pdf,27,pypdf_text
2023-07-19,센서뷰,49.0,36.7,42.85,49.0,36.7,나라스페이스테크놀로지_peer_group_extraction.pdf,27,pypdf_text
2023-07-26,버넥트,33.9,21.9,27.9,33.9,21.9,나라스페이스테크놀로지_peer_group_extraction.pdf,27,pypdf_text
2023-07-27,파로스아이바이오,56.7,44.4,50.55,56.7,44.4,나라스페이스테크놀로지_peer_group_extraction.pdf,27,pypdf_text
2023-08-03,시지트로닉스,46.5,40.6,43.55,46.5,40.6,나라스페이스테크놀로지_peer_group_extraction.pdf,27,pypdf_text
2023-08-07,파두,36.4,24.2,30.3,36.4,24.2,나라스페이스테크놀로지_peer_group_extraction.pdf,27,pypdf_text
2023-08-10,템즈,44.8,32.0,38.4,44.8,32.0,나라스페이스테크놀로지_peer_group_extraction.pdf,27,pypdf_text
2023-08-22,스마트레이더시스템,50.7,42.2,46.45,50.7,42.2,나라스페이스테크놀로지_peer_group_extraction.pdf,27,pypdf_text
2023-08-24,시큐레터,35.7,25.9,30.8,35.7,25.9,나라스페이스테크놀로지_peer_group_extraction.pdf,27,pypdf_text
2023-10-10,아이엠티,47.53,40.04,43.785,47.53,40.04,나라스페이스테크놀로지_peer_group_extraction.pdf,27,pypdf_text
2023-10-27,퀄리타스반도체,34.25,24.13,29.19,34.25,24.13,나라스페이스테크놀로지_peer_group_extraction.pdf,27,pypdf_text
2023-11-07,쏘닉스,46.1,24.55,35.325,46.1,24.55,나라스페이스테크놀로지_peer_group_extraction.pdf,27,pypdf_text
2023-11-09,비아이매트릭스,30.12,15.53,22.825,30.12,15.53,나라스페이스테크놀로지_peer_group_extraction.pdf,27,pypdf_text
2023-11-09,큐로셀,29.88,21.18,25.53,29.88,21.18,나라스페이스테크놀로지_peer_group_extraction.pdf,27,pypdf_text
2023-11-09,컨텍,31.58,24.16,27.87,31.58,24.16,나라스페이스테크놀로지_peer_group_extraction.pdf,27,pypdf_text
2023-11-24,그린리소스,37.3,20.2,28.75,37.3,20.2,나라스페이스테크놀로지_peer_group_extraction.pdf,27,pypdf_text
2023-12-01,에이텀,42.56,25.08,33.82,42.56,25.08,나라스페이스테크놀로지_peer_group_extraction.pdf,27,pypdf_text
2023-12-05,와이바이오로직스,47.48,35.81,41.645,47.48,35.81,나라스페이스테크놀로지_peer_group_extraction.pdf,27,pypdf_text
2024-02-22,케이웨더,28.89,14.08,21.485,28.89,14.08,나라스페이스테크놀로지_peer_group_extraction.pdf,27,pypdf_text
2024-02-23,이에이트,40.65,24.28,32.465,40.65,24.28,나라스페이스테크놀로지_peer_group_extraction.pdf,27,pypdf_text
2024-02-23,코셈,28.56,16.65,22.605,28.56,16.65,나라스페이스테크놀로지_peer_group_extraction.pdf,27,pypdf_text
2024-03-07,케이엔알시스템,43.85,31.37,37.61,43.85,31.37,나라스페이스테크놀로지_peer_group_extraction.pdf,27,pypdf_text
2024-03-21,삼현,30.28,12.93,21.605,30.28,12.93,나라스페이스테크놀로지_peer_group_extraction.pdf,27,pypdf_text
2024-03-26,엔젤로보틱스,38.99,16.81,27.9,38.99,16.81,나라스페이스테크놀로지_peer_group_extraction.pdf,27,pypdf_text
2024-04-03,아이엠비디엑스,41.49,24.77,33.13,41.49,24.77,나라스페이스테크놀로지_peer_group_extraction.pdf,27,pypdf_text
2024-05-02,디앤디파마텍,49.49,40.31,44.9,49.49,40.31,나라스페이스테크놀로지_peer_group_extraction.pdf,27,pypdf_text
2024-05-03,민테크,33.95,13.62,23.785,33.95,13.62,나라스페이스테크놀로지_peer_group_extraction.pdf,27,pypdf_text
2024-05-17,아이씨티케이,31.0,15.0,23.0,31.0,15.0,나라스페이스테크놀로지_peer_group_extraction.pdf,27,pypdf_text
2024-06-17,라메디텍,26.75,10.54,18.645,26.75,10.54,나라스페이스테크놀로지_peer_group_extraction.pdf,27,pypdf_text
2024-06-24,한중엔시에스,42.64,32.6,37.62,42.64,32.6,나라스페이스테크놀로지_peer_group_extraction.pdf,27,pypdf_text
2024-06-19,씨어스테크놀로지,30.7,7.6,19.15,30.7,7.6,나라스페이스테크놀로지_peer_group_extraction.pdf,27,pypdf_text
2024-06-28,에이치브이엠,36.0,17.0,26.5,36.0,17.0,나라스페이스테크놀로지_peer_group_extraction.pdf,27,pypdf_text
2024-07-02,이노스페이스,37.0,25.0,31.0,37.0,25.0,나라스페이스테크놀로지_peer_group_extraction.pdf,27,pypdf_text
2024-07-03,하스,33.79,11.72,22.755,33.79,11.72,나라스페이스테크놀로지_peer_group_extraction.pdf,27,pypdf_text
2024-07-15,엑셀세라퓨틱스,39.13,24.4,31.765,39.13,24.4,나라스페이스테크놀로지_peer_group_extraction.pdf,27,pypdf_text
2024-07-31,피앤에스미캐닉스,37.75,24.41,31.08,37.75,24.41,나라스페이스테크놀로지_peer_group_extraction.pdf,27,pypdf_text
2024-08-06,아이빔테크놀로지,34.6,23.9,29.25,34.6,23.9,나라스페이스테크놀로지_peer_group_extraction.pdf,27,pypdf_text
2024-08-12,뱅크웨어글로벌,39.31,27.93,33.62,39.31,27.93,나라스페이스테크놀로지_peer_group_extraction.pdf,28,pypdf_text
2024-08-20,케이쓰리아이,37.78,22.85,30.315,37.78,22.85,나라스페이스테크놀로지_peer_group_extraction.pdf,28,pypdf_text
2024-08-20,넥스트바이오메디컬,42.56,30.6,36.58,42.56,30.6,나라스페이스테크놀로지_peer_group_extraction.pdf,28,pypdf_text
2024-08-23,이엔셀,31.96,23.45,27.705,31.96,23.45,나라스페이스테크놀로지_peer_group_extraction.pdf,28,pypdf_text
2024-09-23,아이언디바이스,35.91,25.45,30.68,35.91,25.45,나라스페이스테크놀로지_peer_group_extraction.pdf,28,pypdf_text
2024-10-16,셀비온,51.1,41.32,46.21,51.1,41.32,나라스페이스테크놀로지_peer_group_extraction.pdf,28,pypdf_text
2024-10-21,루미르,36.7,21.36,29.03,36.7,21.36,나라스페이스테크놀로지_peer_group_extraction.pdf,28,pypdf_text
2024-10-24,씨메스,29.76,15.71,22.735,29.76,15.71,나라스페이스테크놀로지_peer_group_extraction.pdf,28,pypdf_text
2024-10-25,웨이비스,27.81,17.97,22.89,27.81,17.97,나라스페이스테크놀로지_peer_group_extraction.pdf,28,pypdf_text
2024-10-28,클로봇,35.51,25.22,30.365,35.51,25.22,나라스페이스테크놀로지_peer_group_extraction.pdf,28,pypdf_text
2024-11-05,에이치이엠파마,35.02,24.72,29.87,35.02,24.72,나라스페이스테크놀로지_peer_group_extraction.pdf,28,pypdf_text
2024-11-07,토모큐브,30.46,14.51,22.485,30.46,14.51,나라스페이스테크놀로지_peer_group_extraction.pdf,28,pypdf_text
2024-11-08,에어레인,40.15,30.8,35.475,40.15,30.8,나라스페이스테크놀로지_peer_group_extraction.pdf,28,pypdf_text
2024-11-14,쓰리빌리언,38.49,11.15,24.82,38.49,11.15,나라스페이스테크놀로지_peer_group_extraction.pdf,28,pypdf_text
2024-12-18,온코크로스,30.35,15.18,22.765,30.35,15.18,나라스페이스테크놀로지_peer_group_extraction.pdf,28,pypdf_text
2024-12-19,온코닉테라퓨틱스,32.83,24.44,28.635,32.83,24.44,나라스페이스테크놀로지_peer_group_extraction.pdf,28,pypdf_text
2024-12-24,쓰리에이로직스,52.9,45.4,49.15,52.9,45.4,나라스페이스테크놀로지_peer_group_extraction.pdf,28,pypdf_text
2024-12-26,파인메딕스,39.53,32.81,36.17,39.53,32.81,나라스페이스테크놀로지_peer_group_extraction.pdf,28,pypdf_text
2025-01-24,와이즈넛,34.53,29.08,31.805,34.53,29.08,나라스페이스테크놀로지_peer_group_extraction.pdf,28,pypdf_text
2025-02-04,아이지넷,37.39,26.96,32.175,37.39,26.96,나라스페이스테크놀로지_peer_group_extraction.pdf,28,pypdf_text
2025-02-12,아이에스티이,47.5,38.0,42.75,47.5,38.0,나라스페이스테크놀로지_peer_group_extraction.pdf,28,pypdf_text
2025-02-14,오름테라퓨틱,72.22,65.27,68.745,72.22,65.27,나라스페이스테크놀로지_peer_group_extraction.pdf,28,pypdf_text
2025-05-09,오가노이드사이언스,34.33,18.88,26.605,34.33,18.88,나라스페이스테크놀로지_peer_group_extraction.pdf,28,pypdf_text
2025-05-19,이뮨온시아,43.3,32.09,37.695,43.3,32.09,나라스페이스테크놀로지_peer_group_extraction.pdf,28,pypdf_text
2025-05-23,인투셀,45.4,25.8,35.6,45.4,25.8,나라스페이스테크놀로지_peer_group_extraction.pdf,28,pypdf_text
2025-06-10,링크솔루션,50.32,42.87,46.595,50.32,42.87,나라스페이스테크놀로지_peer_group_extraction.pdf,28,pypdf_text
2025-06-11,지씨지놈,36.35,25.74,31.045,36.35,25.74,나라스페이스테크놀로지_peer_group_extraction.pdf,28,pypdf_text
2025-06-30,지에프씨생명과학,42.97,29.06,36.015,42.97,29.06,나라스페이스테크놀로지_peer_group_extraction.pdf,28,pypdf_text
2025-07-04,뉴엔에이아이,35.92,26.06,30.99,35.92,26.06,나라스페이스테크놀로지_peer_group_extraction.pdf,28,pypdf_text
2025-07-15,아우토크립트,33.35,21.59,27.47,33.35,21.59,나라스페이스테크놀로지_peer_group_extraction.pdf,28,pypdf_text
2025-07-25,뉴로핏,38.74,24.76,31.75,38.74,24.76,나라스페이스테크놀로지_peer_group_extraction.pdf,28,pypdf_text
2025-07-29,프로티나,43.99,28.72,36.355,43.99,28.72,나라스페이스테크놀로지_peer_group_extraction.pdf,28,pypdf_text
2025-08-14,지투지바이오,52.76,42.91,47.835,52.76,42.91,나라스페이스테크놀로지_peer_group_extraction.pdf,28,pypdf_text
2023-08-10,큐리옥스바이오시스,44.8,32.0,38.4,44.8,32.0,페스카로_peer_group_extraction.pdf,27,pypdf_text
2024-06-25,에스오에스랩,45.44,34.53,39.985,45.44,34.53,페스카로_peer_group_extraction.pdf,28,pypdf_text
2025-07-04,뉴엔AI,35.92,26.06,30.99,35.92,26.06,페스카로_peer_group_extraction.pdf,29,pypdf_text
2025-08-25,그래피,42.53,32.39,37.46,42.53,32.39,페스카로_peer_group_extraction.pdf,29,pypdf_text
2025-09-19,에스투더블유,34.65,24.05,29.35,34.65,24.05,페스카로_peer_group_extraction.pdf,29,pypdf_text
2025-05-20,바이오비쥬,39.67,31.42,35.545,39.67,31.42,한라캐스트_peer_group_extraction.pdf,18,pypdf_text
2025-05-09,원일티엔아이,49.54,41.12,45.33,49.54,41.12,한라캐스트_peer_group_extraction.pdf,18,pypdf_text
2025-04-04,한국피아이엠,42.37,30.59,36.48,42.37,30.59,한라캐스트_peer_group_extraction.pdf,18,pypdf_text
2025-04-03,에이유브랜즈,20.19,8.79,14.49,20.19,8.79,한라캐스트_peer_group_extraction.pdf,18,pypdf_text
2025-03-24,더즌,36.51,24.41,30.46,36.51,24.41,한라캐스트_peer_group_extraction.pdf,18,pypdf_text
2025-03-20,한텍,51.5,43.0,47.25,51.5,43.0,한라캐스트_peer_group_extraction.pdf,18,pypdf_text
2025-03-20,티엑스알로보틱스,36.53,25.49,31.01,36.53,25.49,한라캐스트_peer_group_extraction.pdf,18,pypdf_text
2025-03-07,엠디바이스,48.36,40.11,44.235,48.36,40.11,한라캐스트_peer_group_extraction.pdf,18,pypdf_text
2025-03-06,대진첨단소재,41.4,30.11,35.755,41.4,30.11,한라캐스트_peer_group_extraction.pdf,18,pypdf_text
2025-02-25,엘케이켐,39.77,29.73,34.75,39.77,29.73,한라캐스트_peer_group_extraction.pdf,18,pypdf_text
2025-02-24,위너스,26.93,17.19,22.06,26.93,17.19,한라캐스트_peer_group_extraction.pdf,18,pypdf_text
2025-02-20,모티브링크,29.43,16.98,23.205,29.43,16.98,한라캐스트_peer_group_extraction.pdf,18,pypdf_text
2025-02-17,동국생명과학,21.75,11.2,16.475,21.75,11.2,한라캐스트_peer_group_extraction.pdf,18,pypdf_text
2025-02-13,동방메디컬,47.53,38.78,43.155,47.53,38.78,한라캐스트_peer_group_extraction.pdf,18,pypdf_text
2025-02-04,피아이이,39.17,23.97,31.57,39.17,23.97,한라캐스트_peer_group_extraction.pdf,18,pypdf_text
2025-02-03,삼양엔씨켐,26.89,17.75,22.32,26.89,17.75,한라캐스트_peer_group_extraction.pdf,18,pypdf_text
2025-01-24,아스테라시스,24.95,13.7,19.325,24.95,13.7,한라캐스트_peer_group_extraction.pdf,18,pypdf_text
2025-01-23,미트박스,41.5,29.18,35.34,41.5,29.18,한라캐스트_peer_group_extraction.pdf,18,pypdf_text
2024-12-20,듀켐바이오,39.8,30.99,35.395,39.8,30.99,한라캐스트_peer_group_extraction.pdf,18,pypdf_text
2024-12-16,벡트,31.53,23.7,27.615,31.53,23.7,한라캐스트_peer_group_extraction.pdf,18,pypdf_text
2024-11-20,위츠,29.42,14.77,22.095,29.42,14.77,한라캐스트_peer_group_extraction.pdf,18,pypdf_text
2024-11-19,사이냅소프트,38.26,27.98,33.12,38.26,27.98,한라캐스트_peer_group_extraction.pdf,18,pypdf_text
2024-11-18,엠오티,19.84,6.48,13.16,19.84,6.48,한라캐스트_peer_group_extraction.pdf,18,pypdf_text
2024-11-13,닷밀,33.08,20.91,26.995,33.08,20.91,한라캐스트_peer_group_extraction.pdf,18,pypdf_text
2024-11-01,탑런토탈솔루션,46.73,37.85,42.29,46.73,37.85,한라캐스트_peer_group_extraction.pdf,19,pypdf_text
2024-11-01,에이럭스,26.24,13.41,19.825,26.24,13.41,한라캐스트_peer_group_extraction.pdf,19,pypdf_text
2024-10-31,성우,25.89,14.03,19.96,25.89,14.03,한라캐스트_peer_group_extraction.pdf,19,pypdf_text
2024-10-25,에이치엔에스하이텍,31.78,19.37,25.575,31.78,19.37,한라캐스트_peer_group_extraction.pdf,19,pypdf_text
2024-10-22,한켐,30.08,18.89,24.485,30.08,18.89,한라캐스트_peer_group_extraction.pdf,19,pypdf_text
2024-10-18,와이제이링크,32.47,23.05,27.76,32.47,23.05,한라캐스트_peer_group_extraction.pdf,19,pypdf_text
2024-10-18,인스피언,33.1,16.37,24.735,33.1,16.37,한라캐스트_peer_group_extraction.pdf,19,pypdf_text
2024-09-30,제닉스,36.95,23.44,30.195,36.95,23.44,한라캐스트_peer_group_extraction.pdf,19,pypdf_text
2024-08-30,아이스크림미디어,27.89,9.41,18.65,27.89,9.41,한라캐스트_peer_group_extraction.pdf,19,pypdf_text
2024-08-22,M83,43.84,33.63,38.735,43.84,33.63,한라캐스트_peer_group_extraction.pdf,19,pypdf_text
2024-08-21,티디에스팜,21.75,11.86,16.805,21.75,11.86,한라캐스트_peer_group_extraction.pdf,19,pypdf_text
2024-08-16,유라클,33.78,22.74,28.26,33.78,22.74,한라캐스트_peer_group_extraction.pdf,19,pypdf_text
2024-06-27,하이젠알앤엠,33.83,19.13,26.48,33.83,19.13,한라캐스트_peer_group_extraction.pdf,19,pypdf_text
2024-06-14,그리드위즈,51.65,43.11,47.38,51.65,43.11,한라캐스트_peer_group_extraction.pdf,19,pypdf_text
2024-05-24,노브랜드,32.34,14.45,23.395,32.34,14.45,한라캐스트_peer_group_extraction.pdf,19,pypdf_text
2024-05-07,코칩,28.57,9.08,18.825,28.57,9.08,한라캐스트_peer_group_extraction.pdf,19,pypdf_text
2024-03-13,오상헬스케어,47.91,39.89,43.9,47.91,39.89,한라캐스트_peer_group_extraction.pdf,19,pypdf_text
2024-02-06,스튜디오삼익,29.36,19.62,24.49,29.36,19.62,한라캐스트_peer_group_extraction.pdf,19,pypdf_text
2024-02-01,이닉스,34.71,21.93,28.32,34.71,21.93,한라캐스트_peer_group_extraction.pdf,19,pypdf_text
2024-01-29,포스뱅크,28.26,17.23,22.745,28.26,17.23,한라캐스트_peer_group_extraction.pdf,19,pypdf_text
2024-01-26,현대힘스,39.84,24.2,32.02,39.84,24.2,한라캐스트_peer_group_extraction.pdf,19,pypdf_text
2024-01-25,HB인베스트먼트,37.1,26.62,31.86,37.1,26.62,한라캐스트_peer_group_extraction.pdf,19,pypdf_text
2024-01-24,우진엔텍,25.3,14.87,20.085,25.3,14.87,한라캐스트_peer_group_extraction.pdf,19,pypdf_text
2023-12-12,LS머트리얼즈,30.89,13.62,22.255,30.89,13.62,한라캐스트_peer_group_extraction.pdf,19,pypdf_text
2023-12-06,케이엔에스,32.93,22.34,27.635,32.93,22.34,한라캐스트_peer_group_extraction.pdf,19,pypdf_text
2023-11-28,에이에스텍,34.44,21.96,28.2,34.44,21.96,한라캐스트_peer_group_extraction.pdf,19,pypdf_text
2023-11-24,한선엔지니어링,32.99,22.68,27.835,32.99,22.68,한라캐스트_peer_group_extraction.pdf,19,pypdf_text
2023-11-21,에코아이,30.7,15.6,23.15,30.7,15.6,한라캐스트_peer_group_extraction.pdf,19,pypdf_text
2023-11-20,스톰테크,38.2,26.6,32.4,38.2,26.6,한라캐스트_peer_group_extraction.pdf,19,pypdf_text
2023-11-15,캡스톤파트너스,24.32,14.87,19.595,24.32,14.87,한라캐스트_peer_group_extraction.pdf,19,pypdf_text
2023-11-13,에스와이스틸텍,36.0,20.0,28.0,36.0,20.0,한라캐스트_peer_group_extraction.pdf,19,pypdf_text
2023-11-13,에이직랜드,38.38,30.96,34.67,38.38,30.96,한라캐스트_peer_group_extraction.pdf,19,pypdf_text
2023-11-09,메가터치,29.85,19.83,24.84,29.85,19.83,한라캐스트_peer_group_extraction.pdf,19,pypdf_text
2023-11-02,유진테크놀로지,38.69,30.55,34.62,38.69,30.55,한라캐스트_peer_group_extraction.pdf,19,pypdf_text
2023-10-26,워트,21.81,12.43,17.12,21.81,12.43,한라캐스트_peer_group_extraction.pdf,19,pypdf_text
2023-10-20,에스엘에스바이오,19.35,7.55,13.45,19.35,7.55,한라캐스트_peer_group_extraction.pdf,19,pypdf_text
2023-10-19,신성에스티,37.78,29.3,33.54,37.78,29.3,한라캐스트_peer_group_extraction.pdf,19,pypdf_text
2023-10-18,퓨릿,40.5,28.0,34.25,40.5,28.0,한라캐스트_peer_group_extraction.pdf,19,pypdf_text
2023-10-06,레뷰코퍼레이션,32.42,22.43,27.425,32.42,22.43,한라캐스트_peer_group_extraction.pdf,19,pypdf_text
2023-10-04,한싹,35.28,20.01,27.645,35.28,20.01,한라캐스트_peer_group_extraction.pdf,20,pypdf_text
2023-09-25,인스웨이브시스템즈,49.14,38.96,44.05,49.14,38.96,한라캐스트_peer_group_extraction.pdf,20,pypdf_text
2023-08-17,빅텐츠,28.38,21.56,24.97,28.38,21.56,한라캐스트_peer_group_extraction.pdf,20,pypdf_text
2023-08-10,코츠테크놀로지,33.65,23.69,28.67,33.65,23.69,한라캐스트_peer_group_extraction.pdf,20,pypdf_text
2023-08-04,엠아이큐브솔루션,35.81,24.48,30.145,35.81,24.48,한라캐스트_peer_group_extraction.pdf,20,pypdf_text
2023-07-27,에이엘티,38.48,24.48,31.48,38.48,24.48,한라캐스트_peer_group_extraction.pdf,20,pypdf_text
2023-07-24,뷰티스킨,18.36,6.69,12.525,18.36,6.69,한라캐스트_peer_group_extraction.pdf,20,pypdf_text
2023-07-14,필에너지,30.5,20.73,25.615,30.5,20.73,한라캐스트_peer_group_extraction.pdf,20,pypdf_text
2023-06-29,시큐센,28.29,13.95,21.12,28.29,13.95,한라캐스트_peer_group_extraction.pdf,20,pypdf_text
2023-06-08,마녀공장,46.28,37.32,41.8,46.28,37.32,한라캐스트_peer_group_extraction.pdf,20,pypdf_text
2023-06-02,나라셀라,34.6,21.52,28.06,34.6,21.52,한라캐스트_peer_group_extraction.pdf,20,pypdf_text
2023-06-01,진영,41.21,31.41,36.31,41.21,31.41,한라캐스트_peer_group_extraction.pdf,20,pypdf_text
2023-05-24,기가비스,47.14,39.0,43.07,47.14,39.0,한라캐스트_peer_group_extraction.pdf,20,pypdf_text
2023-05-17,트루엔,36.22,23.47,29.845,36.22,23.47,한라캐스트_peer_group_extraction.pdf,20,pypdf_text
2023-04-27,토마토시스템,35.52,21.35,28.435,35.52,21.35,한라캐스트_peer_group_extraction.pdf,20,pypdf_text
2023-03-29,LB인베스트먼트,30.79,19.78,25.285,30.79,19.78,한라캐스트_peer_group_extraction.pdf,20,pypdf_text
2023-03-13,금양그린파워,44.23,33.41,38.82,33.41,44.23,한라캐스트_peer_group_extraction.pdf,20,pypdf_text
2023-03-03,나노팀,31.19,22.21,26.7,22.21,31.19,한라캐스트_peer_group_extraction.pdf,20,pypdf_text
2023-03-02,바이오인프라,36.26,25.64,30.95,25.64,36.26,한라캐스트_peer_group_extraction.pdf,20,pypdf_text
2023-02-20,이노진,22.17,6.6,14.385,6.6,22.17,한라캐스트_peer_group_extraction.pdf,20,pypdf_text
2023-02-09,꿈비,22.83,13.18,18.005,13.18,22.83,한라캐스트_peer_group_extraction.pdf,20,pypdf_text
2023-02-07,스튜디오미르,38.0,20.8,29.4,20.8,38.0,한라캐스트_peer_group_extraction.pdf,20,pypdf_text
2023-02-03,삼기이브이,25.51,10.98,18.245,10.98,25.51,한라캐스트_peer_group_extraction.pdf,20,pypdf_text
2023-01-27,미래반도체,21.14,10.72,15.93,10.72,21.14,한라캐스트_peer_group_extraction.pdf,20,pypdf_text
2023-01-19,한주라이트메탈,40.95,32.2,36.575,32.2,40.95,한라캐스트_peer_group_extraction.pdf,20,pypdf_text
