company_name,listing_date,corp_code,rcept_no,report_nm,track_type,discount_rate_low_pct,discount_rate_high_pct,discount_rate_mid_pct,final_offering_price,valuation_model,offering_amount,listing_market,is_tech_special,is_growth_special,filled_key_fields,extraction_status,xml_size,discount_rate_diff,data_quality_flag,price_band_low,price_band_high,band_midpoint,price_vs_mid,per_stock_value,discount_rate_xml_low,discount_rate_xml_high,discount_rate_xml_mid,discount_rate_implied,total_shares,net_income_mn,net_income_bn,peer_per,offering_shares,discount_rate_xml_source,institutional_ratio,retail_ratio,net_income_type
HB인베스트먼트,2024-01-25,00309460,20240115000371,[발행조건확정]증권신고서(지분증권),general,26.62,37.1,31.86,,PER,22667800000.0,,0.0,0.0,0.0,fail,31097.0,,NO_XML_DR,,,,,,,,,,,,,,,,,,
LB인베스트먼트,2023-03-29,00231901,20230316001463,[발행조건확정]증권신고서(지분증권),general,19.78,30.79,25.285,5100.0,PER,23552039700.0,코스닥,0.0,0.0,1.0,fail,81962.0,,NO_XML_DR,,,,,,,,,,,,,,,,,,
LS머트리얼즈,2023-12-12,01528141,20231130001608,[발행조건확정]증권신고서(지분증권),general,13.62,30.89,22.255,6000.0,EV/EBITDA,87750000000.0,코스닥,0.0,0.0,3.0,partial,640531.0,0.67,OK,4400.0,5500.0,4950.0,0.2121,6423.0,14.36,31.49,22.925,6.5857,,,,,,,,,
M83,2024-08-22,01704680,20240809000437,[발행조건확정]증권신고서(지분증권),general,33.63,43.84,38.735,16000.0,PER,,코스닥,0.0,0.0,4.0,ok,521727.0,0.0,OK,11000.0,13000.0,12000.0,0.3333,19588.0,33.63,43.84,38.735,18.3173,8270400.0,6406.0,64.06,,,,,,
그래피,2025-08-25,01565054,20250808000191,[발행조건확정]증권신고서(지분증권),general,32.39,42.53,37.46,15000.0,PER,29250000000.0,코스닥,0.0,0.0,5.0,ok,852612.0,0.0,OK,17000.0,20000.0,18500.0,-0.1892,29581.0,32.39,42.53,37.46,49.2918,11528547.0,11776.0,117.76,28.96,1950000.0,,,,
그리드위즈,2024-06-14,01299203,20240531001586,[발행조건확정]증권신고서(지분증권),general,43.11,51.65,47.38,40000.0,PER,56000000000.0,코스닥,0.0,0.0,3.0,partial,669538.0,0.0,OK,34000.0,40000.0,37000.0,0.0811,70315.0,43.11,51.65,47.38,43.1131,,,,,1400000.0,,,,
그린광학,2025-11-17,00677486,20251105000064,[발행조건확정]증권신고서(지분증권),general,24.57,34.0,29.285,16000.0,PER,32000000000.0,코스닥,0.0,0.0,4.0,ok,553714.0,0.0,OK,14000.0,16000.0,15000.0,0.0667,21211.0,24.57,34.0,29.285,24.5674,11702541.0,9768.0,97.68,,,,,,
그린리소스,2023-11-24,01370863,20231110000300,[발행조건확정]증권신고서(지분증권),general,20.2,37.3,28.75,17000.0,PER,27880000000.0,코스닥,0.0,0.0,3.0,partial,426054.0,,NO_XML_DR,11000.0,14000.0,12500.0,0.36,17545.0,,,,3.1063,,,,,1640000.0,,,,
금양그린파워,2023-03-13,00872656,20230228000586,[발행조건확정]증권신고서(지분증권),general,33.41,44.23,38.82,10000.0,PER,30073200000.0,코스닥,0.0,0.0,3.0,partial,350066.0,22.0632,MISMATCH_CHECK,6700.0,8000.0,7350.0,0.3605,12013.0,,,16.7568,16.7568,,,,,3007320.0,implied,,,
기가비스,2023-05-24,00765569,20230512000026,[발행조건확정]증권신고서(지분증권),general,39.0,47.14,43.07,43000.0,PER,95385094000.0,코스닥,0.0,0.0,3.0,partial,389674.0,9.1405,MISMATCH_CHECK,34400.0,39700.0,37050.0,0.1606,65082.0,,,33.9295,33.9295,,,,,2218258.0,implied,,,
꿈비,2023-02-09,01586455,20230130000210,[발행조건확정]증권신고서(지분증권),general,13.18,22.83,18.005,5000.0,PER,10000000000.0,코스닥,0.0,0.0,3.0,partial,368993.0,,NO_XML_DR,4000.0,4500.0,4250.0,0.1765,5183.0,,,,3.5308,,,,,,,,,
나노팀,2023-03-03,01524118,20230217000999,[발행조건확정]증권신고서(지분증권),general,22.21,31.19,26.7,13000.0,PER,26650000000.0,코스닥,0.0,0.0,3.0,partial,411069.0,4.4884,MISMATCH_CHECK,11500.0,13000.0,12250.0,0.0612,16712.0,,,22.2116,22.2116,,,,,61500.0,implied,,,
나라셀라,2023-06-02,01021639,20230519000339,[발행조건확정]증권신고서(지분증권),general,21.52,34.6,28.06,20000.0,PER,,코스닥,0.0,0.0,3.0,partial,335641.0,0.0,OK,20000.0,24000.0,22000.0,-0.0909,30580.0,21.52,34.6,28.06,34.5978,,,,,,,,,
나라스페이스테크놀로지,2025-12-17,01787355,20251205000544,[발행조건확정]증권신고서(지분증권),general,30.69,44.97,37.83,16500.0,PER,28380000000.0,코스닥,0.0,0.0,5.0,ok,881712.0,0.0,OK,13100.0,16500.0,14800.0,0.1149,23805.0,30.69,44.97,37.83,30.6868,11774571.0,5419.0,54.19,51.72,1720000.0,,,,
나우로보틱스,2025-05-08,01594791,20250422000537,[발행조건확정]증권신고서(지분증권),general,25.17,35.07,30.12,6800.0,PER,17000000000.0,코스닥,0.0,0.0,3.0,partial,491154.0,0.0,OK,5900.0,6800.0,6350.0,0.0709,9087.0,25.17,35.07,30.12,25.1678,,,,,2500000.0,,,,
넥스트바이오메디컬,2024-08-20,01385050,20240806000195,[발행조건확정]증권신고서(지분증권),general,30.6,42.56,36.58,29000.0,PER,29000000000.0,코스닥,0.0,0.0,4.0,ok,519073.0,0.0,OK,24000.0,29000.0,26500.0,0.0943,417843.0,30.6,42.56,36.58,93.0596,,18360.0,183.6,,1000000.0,,,,
넥스트칩,2022-07-01,01515864,20220620000302,[발행조건확정]증권신고서(지분증권),general,32.5,42.4,37.45,13000.0,PER,33800000000.0,코스닥,0.0,0.0,3.0,partial,405420.0,0.0,OK,9900.0,11600.0,10750.0,0.2093,17181.0,32.5,42.4,37.45,24.335,,,,,78000.0,,,,
노머스,2024-11-12,01703849,20241101000247,[발행조건확정]증권신고서(지분증권),general,24.91,32.37,28.64,30200.0,PER,34126000000.0,코스닥,0.0,0.0,3.0,partial,699081.0,0.19,OK,27200.0,30200.0,28700.0,0.0523,40220.0,24.7,32.2,28.45,24.913,,,,,1130000.0,,,,
노브랜드,2024-05-23,00305941,20240510000090,[발행조건확정]증권신고서(지분증권),general,14.45,32.34,23.395,14000.0,PER,16800000000.0,코스닥,0.0,0.0,3.0,partial,622237.0,0.0,OK,8700.0,11000.0,9850.0,0.4213,12858.0,14.45,32.34,23.395,-8.8816,9950113.0,,,,1200000.0,,,,
노브랜드,2024-05-24,00305941,20240510000090,[발행조건확정]증권신고서(지분증권),general,14.45,32.34,23.395,14000.0,PER,16800000000.0,코스닥,0.0,0.0,3.0,partial,622237.0,0.0,OK,8700.0,11000.0,9850.0,0.4213,12858.0,14.45,32.34,23.395,-8.8816,9950113.0,,,,1200000.0,,,,
노을,2022-03-03,01494118,20220218001119,[발행조건확정]증권신고서(지분증권),general,16.5,36.2,26.35,10000.0,PER,15000000000.0,코스닥,0.0,0.0,3.0,partial,349163.0,0.02,OK,13000.0,17000.0,15000.0,-0.3333,,16.51,36.15,26.33,,,,,,1500000.0,,64.0,25.0,
노타,2025-11-03,01810477,20251022000314,[발행조건확정]증권신고서(지분증권),general,22.7,35.5,29.1,9100.0,PER,26535600000.0,코스닥,0.0,0.0,5.0,ok,977500.0,0.0,OK,7600.0,9100.0,8350.0,0.0898,11774.0,22.7,35.5,29.1,22.7111,21500805.0,8616.0,86.16,29.4,2916000.0,,,,
뉴로메카,2022-11-04,01336461,20221025000174,[발행조건확정]증권신고서(지분증권),general,30.1,42.1,36.1,16900.0,PER,,코스닥,0.0,0.0,5.0,ok,657971.0,0.41,OK,14000.0,16900.0,15450.0,0.0939,24177.0,29.69,41.69,35.69,30.0989,10967670.0,14220.76,142.2076,30.41,45000.0,,,,
뉴로핏,2025-07-25,01782004,20250714000224,[발행조건확정]증권신고서(지분증권),general,24.76,38.74,31.75,14000.0,PER,28000000000.0,코스닥,0.0,0.0,3.0,partial,745705.0,0.0,OK,11400.0,14000.0,12700.0,0.1024,18608.0,24.76,38.74,31.75,24.7635,,,,,2000000.0,,,,
뉴엔AI,2025-07-04,01639508,20250620000288,[발행조건확정]증권신고서(지분증권),general,26.06,35.92,30.99,15000.0,EV/EBITDA,33300000000.0,코스닥,0.0,0.0,3.0,partial,647823.0,0.0,OK,13000.0,15000.0,14000.0,0.0714,20287.0,26.06,35.92,30.99,26.061,,,,,2220000.0,,,,
뉴엔에이아이,2025-07-04,,,,general,26.06,35.92,30.99,,,,,,,,no_rcept_no,,,,,,,,,,,,,,,,,,,,,
닷밀,2024-11-13,01605282,20241101000289,[발행조건확정]증권신고서(지분증권),general,20.91,33.08,26.995,13000.0,PER,,코스닥,0.0,0.0,3.0,partial,457533.0,0.0,OK,11000.0,13000.0,12000.0,0.0833,16438.0,20.91,33.08,26.995,20.915,9438054.0,,,,1200000.0,,,,
대진첨단소재,2025-03-06,01549472,20250219001498,[발행조건확정]증권신고서(지분증권),general,30.11,41.4,35.755,9000.0,EV/EBITDA,27000000000.0,코스닥,0.0,0.0,4.0,ok,730567.0,2.005,MINOR_DIFF,10900.0,13000.0,11950.0,-0.2469,19200.0,32.29,43.23,37.76,53.125,16504372.0,,,31.54,3000000.0,,,,
더즌,2025-03-24,01563667,20250311000714,[발행조건확정]증권신고서(지분증권),general,24.41,36.51,30.46,9000.0,PER,22500000000.0,코스닥,0.0,0.0,5.0,ok,450457.0,0.0,OK,10500.0,12500.0,11500.0,-0.2174,16537.0,24.41,36.51,30.46,45.5766,23967758.0,11760.417,117.6042,33.7,2500000.0,,,,
더핑크퐁컴퍼니,2025-11-18,01138364,20251105000307,[발행조건확정]증권신고서(지분증권),general,15.3,28.67,21.985,38000.0,EV/EBITDA,76000000000.0,코스닥,0.0,0.0,4.0,ok,530840.0,0.0,OK,32000.0,38000.0,35000.0,0.0857,44864.0,15.3,28.67,21.985,15.2996,,25616.0,256.16,,2000000.0,,,,EBITDA
데이원컴퍼니,2025-01-24,01455492,20250114000473,[발행조건확정]증권신고서(지분증권),general,14.14,29.25,21.695,13000.0,EV/EBITDA,17693000000.0,코스닥,0.0,0.0,3.0,partial,675634.0,0.0,OK,22000.0,26700.0,24350.0,-0.4661,31097.0,14.14,29.25,21.695,58.1953,13950639.0,,,,1361000.0,,,,
도우인시스,2025-07-23,01380578,20250711000117,[발행조건확정]증권신고서(지분증권),general,16.2,24.05,20.125,32000.0,EV/EBITDA,44800000000.0,코스닥,0.0,0.0,4.0,ok,509587.0,0.0,OK,29000.0,32000.0,30500.0,0.0492,38185.0,16.2,24.05,20.125,16.1975,10964654.0,,,15.01,1400000.0,,,,
동국생명과학,2025-02-17,01233465,20250131000480,[발행조건확정]증권신고서(지분증권),general,11.2,21.75,16.475,9000.0,EV/EBITDA,18000000000.0,코스닥,0.0,0.0,4.0,ok,624274.0,0.095,OK,12600.0,14300.0,13450.0,-0.3309,16103.0,11.26,21.5,16.38,44.1098,15992070.0,,,14.82,2000000.0,,,,
동방메디컬,2025-02-13,01073261,20250124000579,[발행조건확정]증권신고서(지분증권),general,38.78,47.53,43.155,10500.0,EV/EBITDA,31500000000.0,코스닥,0.0,0.0,5.0,ok,488569.0,1.715,MINOR_DIFF,9000.0,10500.0,9750.0,0.0769,17152.0,40.63,49.11,44.87,38.7826,21226940.0,22301.155,223.0115,17.58,3000000.0,,69.0,25.0,EBITDA
듀켐바이오,2024-12-20,00867034,20241210000172,[발행조건확정]증권신고서(지분증권),general,30.99,39.8,35.395,8000.0,PER,11440000000.0,,0.0,0.0,1.0,fail,165556.0,,NO_XML_DR,,,,,,,,,,,,,,1430000.0,,,,
디앤디파마텍,2024-05-02,01376715,20240419000507,[발행조건확정]증권신고서(지분증권),general,40.31,49.49,44.9,33000.0,PER,36300000000.0,코스닥,0.0,0.0,4.0,ok,775557.0,0.0,OK,22000.0,26000.0,24000.0,0.375,43555.0,40.31,49.49,44.9,24.2337,11029867.0,33297.0,332.97,,1100000.0,,,,
라메디텍,2024-06-17,01504211,20240603000259,[발행조건확정]증권신고서(지분증권),general,10.54,26.75,18.645,16000.0,PER,20768000000.0,코스닥,0.0,0.0,3.0,partial,491910.0,0.0,OK,10400.0,12700.0,11550.0,0.3853,14197.0,10.54,26.75,18.645,-12.6999,,,,,1298000.0,,,,
레뷰코퍼레이션,2023-10-06,01468061,20230918000162,[발행조건확정]증권신고서(지분증권),general,22.43,32.42,27.425,15000.0,PER,,코스닥,0.0,0.0,3.0,partial,828218.0,15.5773,MISMATCH_CHECK,11500.0,13200.0,12350.0,0.2146,17016.0,,,11.8477,11.8477,,,,,2240000.0,implied,,,
레이저쎌,2022-06-24,01573381,20220613000057,[발행조건확정]증권신고서(지분증권),general,15.6,27.7,21.65,16000.0,PER,25600000000.0,코스닥,0.0,0.0,3.0,partial,392603.0,,NO_XML_DR,12000.0,14000.0,13000.0,0.2308,16592.0,,,,3.568,,,,,1600000.0,,,,
로킷헬스케어,2025-05-12,01335143,20250422000103,[발행조건확정]증권신고서(지분증권),general,29.0,39.5,34.25,11000.0,PER,17160000000.0,코스닥,0.0,0.0,5.0,ok,833985.0,0.0,OK,11000.0,13000.0,12000.0,-0.0833,18249.0,29.0,39.5,34.25,39.7227,16218639.0,11784.0,117.84,25.12,46800.0,,,,
루닛,2022-07-21,01397620,20220711000248,[발행조건확정]증권신고서(지분증권),general,38.1,44.4,41.25,30000.0,PER,36474000000.0,코스닥,0.0,0.0,5.0,ok,836009.0,0.02,OK,44000.0,49000.0,46500.0,-0.3548,79178.0,38.11,44.43,41.27,62.1107,22055945.0,58349.0,583.49,34.82,1215800.0,,,,
루미르,2024-10-21,01636565,20241008000444,[발행조건확정]증권신고서(지분증권),general,21.36,36.7,29.03,12000.0,PER,28800000000.0,코스닥,0.0,0.0,5.0,ok,689910.0,0.0,OK,16500.0,20500.0,18500.0,-0.3514,26068.0,21.36,36.7,29.03,53.9665,19198502.0,17652.0,176.52,28.35,2400000.0,,,,
리브스메드,2025-12-24,01385005,20251212000518,[발행조건확정]증권신고서(지분증권),general,27.13,41.7,34.415,55000.0,PER,135850000000.0,코스닥,0.0,0.0,5.0,ok,1240739.0,0.0,OK,44000.0,55000.0,49500.0,0.1111,75474.0,27.13,41.7,34.415,27.1272,25919737.0,42995.0,429.95,45.5,2470000.0,,,,
링크솔루션,2025-06-10,01764099,20250526000299,[발행조건확정]증권신고서(지분증권),general,42.87,50.32,46.595,23000.0,PER,20700000000.0,코스닥,0.0,0.0,5.0,ok,426880.0,0.0,OK,20000.0,23000.0,21500.0,0.0698,40259.0,42.87,50.32,46.595,42.8699,5806432.0,7771.0,77.71,30.08,,,,,
마녀공장,2023-06-08,01136977,20230524000321,[발행조건확정]증권신고서(지분증권),general,37.32,46.28,41.8,16000.0,PER,32000000000.0,코스닥,0.0,0.0,3.0,partial,341158.0,0.0,OK,12000.0,14000.0,13000.0,0.2308,22337.0,37.32,46.28,41.8,28.37,,,,,,,,,
마이크로투나노,2023-04-26,00624378,20230413001207,[발행조건확정]증권신고서(지분증권),general,21.2,31.4,26.3,15500.0,PER,15500000000.0,코스닥,0.0,0.0,3.0,partial,385971.0,5.1002,MISMATCH_CHECK,13500.0,15500.0,14500.0,0.069,19670.0,,,21.1998,21.1998,,,,,30000.0,implied,,,
메가터치,2023-11-09,00923516,20231030000175,[발행조건확정]증권신고서(지분증권),general,19.83,29.85,24.84,4800.0,PER,24960000000.0,코스닥,0.0,0.0,5.0,ok,605141.0,0.0,OK,3500.0,4000.0,3750.0,0.28,4989.0,19.83,29.85,24.84,3.7883,20771000.0,3366.0,33.66,30.79,5200000.0,,,,
모니터랩,2023-05-19,01583652,20230508000469,[발행조건확정]증권신고서(지분증권),general,30.6,46.9,38.75,9800.0,PER,19600000000.0,코스닥,0.0,0.0,3.0,partial,342877.0,,NO_XML_DR,7500.0,9800.0,8650.0,0.1329,,,,,,,,,,2000000.0,,,,
모아데이타,2022-03-10,01423837,20220224002200,[발행조건확정]증권신고서(지분증권),general,15.9,27.9,21.9,20000.0,PER,16000000000.0,코스닥,0.0,0.0,3.0,partial,299677.0,0.0,OK,24000.0,28000.0,26000.0,-0.2308,33286.0,15.9,27.9,21.9,39.9147,,,,,24000.0,,,,
모티브링크,2025-02-20,00367400,20250210000466,[발행조건확정]증권신고서(지분증권),general,16.98,29.43,23.205,6000.0,PER,18123540000.0,코스닥,0.0,0.0,4.0,ok,507340.0,0.5,OK,5100.0,6000.0,5550.0,0.0811,7227.0,17.53,29.88,23.705,16.978,12390358.0,3204.0,32.04,,3020590.0,,,,
미래반도체,2023-01-27,00299844,20230113000114,[발행조건확정]증권신고서(지분증권),general,10.72,21.14,15.93,6000.0,PER,21600000000.0,코스닥,0.0,0.0,3.0,partial,340257.0,5.2024,MISMATCH_CHECK,5300.0,6000.0,5650.0,0.0619,6721.0,,,10.7276,10.7276,,,,,3600000.0,implied,,,
미트박스,2025-01-23,01374717,20250110000703,[발행조건확정]증권신고서(지분증권),general,29.18,41.5,35.34,19000.0,PER,19000000000.0,코스닥,0.0,0.0,3.0,partial,467403.0,0.0,OK,19000.0,23000.0,21000.0,-0.0952,32478.0,29.18,41.5,35.34,41.4989,5642150.0,,,,1000000.0,,,,
미트박스글로벌,2025-01-23,,,,general,29.18,41.5,35.34,,,,,,,,no_rcept_no,,,,,,,,,,,,,,,,,,,,,
민테크,2024-05-03,01689035,20240422000037,[발행조건확정]증권신고서(지분증권),general,13.62,33.95,23.785,10500.0,PER,,코스닥,0.0,0.0,3.0,partial,370406.0,0.0,OK,6500.0,8500.0,7500.0,0.4,9841.0,13.62,33.95,23.785,-6.6965,,,,,3000000.0,,,,
밀리의서재,2023-09-27,01467451,20230915000280,[발행조건확정]증권신고서(지분증권),general,38.16,46.23,42.195,23000.0,PER,,코스닥,0.0,0.0,3.0,partial,438189.0,0.0,OK,20000.0,23000.0,21500.0,0.0698,37193.0,38.16,46.23,42.195,38.1604,,,,,1500000.0,,,,
바이오비쥬,2025-05-20,01657197,20250502000293,[발행조건확정]증권신고서(지분증권),general,31.42,39.67,35.545,9100.0,PER,27300000000.0,코스닥,0.0,0.0,5.0,ok,507002.0,0.0,OK,8000.0,9100.0,8550.0,0.0643,13342.0,31.42,39.67,35.545,31.7943,15524430.0,8120.0,81.2,25.51,3000000.0,,,,
바이오에프디엔씨,2022-02-21,01160974,20220127000144,[발행조건확정]증권신고서(지분증권),general,20.4,36.8,28.6,28000.0,PER,,코스닥,0.0,0.0,5.0,ok,532934.0,0.0,OK,23000.0,29000.0,26000.0,0.0769,36414.2,20.36,36.84,28.6,23.1069,8864700.0,14799.0,147.99,28.85,1300000.0,,,,
바이오인프라,2023-03-02,01110058,20230217001371,[기재정정]증권신고서(지분증권),general,25.64,36.26,30.95,21000.0,EV/EBITDA,,,0.0,0.0,4.0,ok,2627373.0,5.3126,MISMATCH_CHECK,18000.0,21000.0,19500.0,0.0769,28240.0,,,25.6374,25.6374,2.0,3349.0,33.49,,650000.0,implied,,,
뱅크웨어글로벌,2024-08-12,01138595,20240731000209,[발행조건확정]증권신고서(지분증권),general,27.93,39.31,33.62,16000.0,PER,,코스닥,0.0,0.0,3.0,partial,348349.0,0.0,OK,16000.0,19000.0,17500.0,-0.0857,26361.0,27.93,39.31,33.62,39.3043,,,,,1400000.0,,,,
버넥트,2023-07-26,01605529,20230714000339,[기재정정]증권신고서(지분증권),general,21.9,33.9,27.9,16000.0,EV/EBITDA,,코스닥,0.0,0.0,4.0,ok,3490948.0,0.01,OK,11500.0,13600.0,12550.0,0.2749,17408.0,21.88,33.94,27.91,8.0882,,9956.0,99.56,,1920000.0,,,,
벡트,2024-12-16,01453944,20241203000034,[발행조건확정]증권신고서(지분증권),general,23.7,31.53,27.615,3900.0,PER,18525000000.0,코스닥,0.0,0.0,5.0,ok,579711.0,0.0,OK,3500.0,3900.0,3700.0,0.0541,,23.7,31.53,27.615,,,3174.0,31.74,22.08,4750000.0,,,,
보로노이,2022-06-24,01327746,20220613000191,[발행조건확정]증권신고서(지분증권),general,36.5,44.8,40.65,40000.0,PER,52000000000.0,코스닥,0.0,0.0,3.0,partial,385674.0,0.01,OK,40000.0,46000.0,43000.0,-0.0698,72464.0,36.52,44.8,40.66,44.8002,,,,,1300000.0,,,,
뷰티스킨,2023-07-24,01147487,20230712000259,[발행조건확정]증권신고서(지분증권),general,6.69,18.36,12.525,26000.0,PER,,코스닥,0.0,0.0,1.0,fail,543464.0,0.0,OK,,,,,25722.0,6.69,18.36,12.525,-1.0808,,,,,,,,,
블루엠텍,2023-12-13,01559637,20231130001738,[발행조건확정]증권신고서(지분증권),general,19.96,36.81,28.385,,PER,26600000000.0,,0.0,0.0,0.0,fail,15493.0,,NO_XML_DR,,,,,,,,,,,,,,1400000.0,,,,
비아이매트릭스,2023-11-09,01462739,20231027000507,[발행조건확정]증권신고서(지분증권),general,15.53,30.12,22.825,,PER,15600000000.0,,0.0,0.0,0.0,fail,75705.0,,NO_XML_DR,,,,,,,,,,,,,,,,,,
비츠로넥스텍,2025-11-21,01194607,20251110000233,[발행조건확정]증권신고서(지분증권),general,21.95,33.26,27.605,6900.0,PER,30360000000.0,코스닥,0.0,0.0,5.0,ok,650831.0,0.0,OK,5900.0,6900.0,6400.0,0.0781,8840.0,21.95,33.26,27.605,21.9457,,6781.0,67.81,37.78,4400000.0,,,,
비플라이소프트,2022-06-20,,,,general,34.2,42.9,38.55,,,,,,,,no_rcept_no,,,,,,,,,,,,,,,,,,,,,
빅텐츠,2023-08-17,,,,general,21.56,28.38,24.97,,,,,,,,no_rcept_no,,,,,,,,,,,,,,,,,,,,,
빅토리콘텐츠,2023-08-17,,,,general,21.56,28.38,24.97,,,,,,,,no_rcept_no,,,,,,,,,,,,,,,,,,,,,
사이냅소프트,2024-11-19,01207901,20241106000152,[발행조건확정]증권신고서(지분증권),general,27.98,38.26,33.12,24500.0,PER,24745000000.0,코스닥,0.0,0.0,5.0,ok,450847.0,0.0,OK,21000.0,24500.0,22750.0,0.0769,34016.0,27.98,38.26,33.12,27.9751,5037023.0,6809.0,68.09,25.2,1010000.0,,,,
삼기이브이,2023-02-03,,,,general,10.98,25.51,18.245,,,,,,,,no_rcept_no,,,,,,,,,,,,,,,,,,,,,
삼양엔씨켐,2025-02-03,00863533,20250114000181,[발행조건확정]증권신고서(지분증권),general,17.75,26.89,22.32,18000.0,EV/EBITDA,19800000000.0,코스닥,0.0,0.0,4.0,ok,463573.0,0.02,OK,16000.0,18000.0,17000.0,0.0588,21884.0,17.7,26.9,22.3,17.7481,10830140.0,16121.0,161.21,,1100000.0,,,,EBITDA
삼양컴텍,2025-08-18,00141583,20250801000255,[발행조건확정]증권신고서(지분증권),general,25.25,35.92,30.585,7700.0,PER,111650000000.0,코스닥,0.0,0.0,4.0,ok,899220.0,0.0,OK,6600.0,7700.0,7150.0,0.0769,,25.25,35.92,30.585,,,2.0,0.02,,14500000.0,,,,
삼현,2024-03-21,00262266,20240311000468,[발행조건확정]증권신고서(지분증권),general,12.93,30.28,21.605,30000.0,PER,60000000000.0,코스닥,0.0,0.0,3.0,partial,573898.0,0.0,OK,20000.0,25000.0,22500.0,0.3333,28685.0,12.93,30.28,21.605,-4.5843,,,,,2000000.0,,,,
샌즈랩,2023-02-15,01242241,20230203000232,[발행조건확정]증권신고서(지분증권),general,14.1,30.5,22.3,10500.0,PER,38850000000.0,코스닥,0.0,0.0,3.0,partial,542174.0,8.1615,MISMATCH_CHECK,8500.0,10500.0,9500.0,0.1053,12229.0,,,14.1385,14.1385,,,,,,implied,,,
샤페론,2022-10-19,01387164,20221005000182,[발행조건확정]증권신고서(지분증권),general,35.3,48.0,41.65,5000.0,PER,13735000000.0,코스닥,0.0,0.0,3.0,partial,358224.0,0.0,OK,8200.0,10200.0,9200.0,-0.4565,15758.0,35.3,48.0,41.65,68.2701,,,,,2747000.0,,,,
성우,2024-10-30,00319272,20241018000189,[발행조건확정]증권신고서(지분증권),general,14.03,25.89,19.96,32000.0,PER,96000000000.0,코스닥,0.0,0.0,4.0,ok,522577.0,0.0,OK,25000.0,29000.0,27000.0,0.1852,33732.0,14.03,25.89,19.96,5.1346,15076980.0,25518.0,255.18,,3000000.0,,,,
성우,2024-10-31,00319272,20241018000189,[발행조건확정]증권신고서(지분증권),general,14.03,25.89,19.96,32000.0,PER,96000000000.0,코스닥,0.0,0.0,4.0,ok,522577.0,0.0,OK,25000.0,29000.0,27000.0,0.1852,33732.0,14.03,25.89,19.96,5.1346,15076980.0,25518.0,255.18,,3000000.0,,,,
세나테크놀로지,2025-11-14,01010615,20251031000250,[발행조건확정]증권신고서(지분증권),general,39.44,49.35,44.395,56800.0,PER,31808000000.0,코스닥,0.0,0.0,5.0,ok,559400.0,0.045,OK,47500.0,56800.0,52150.0,0.0892,93788.0,39.4,49.3,44.35,39.4379,5862700.0,20549.0,205.49,26.76,560000.0,,,,
센서뷰,2023-07-19,01593668,20230706000211,[발행조건확정]증권신고서(지분증권),general,36.7,49.0,42.85,4500.0,PER,17550000000.0,코스닥,0.0,0.0,3.0,partial,445275.0,22.0057,MISMATCH_CHECK,2900.0,3600.0,3250.0,0.3846,5685.0,,,20.8443,20.8443,,,,,3900000.0,implied,,,
셀비온,2024-10-16,01275489,20241004000196,[발행조건확정]증권신고서(지분증권),general,41.32,51.1,46.21,15000.0,PER,28665000000.0,코스닥,0.0,0.0,3.0,partial,400235.0,0.46,OK,10000.0,12200.0,11100.0,0.3514,20449.0,40.5,51.0,45.75,26.6468,,,,,1911000.0,,,,
스마트레이더시스템,2023-08-22,01555215,20230809000641,[발행조건확정]증권신고서(지분증권),general,42.2,50.7,46.45,8000.0,PER,17760000000.0,코스닥,0.0,0.0,3.0,partial,460255.0,0.035,OK,5800.0,6800.0,6300.0,0.2698,11773.0,42.24,50.73,46.485,32.0479,,,,,2220000.0,,,,
스코넥,2022-02-04,01290248,20220118000123,[발행조건확정]증권신고서(지분증권),general,27.76,45.82,36.79,13000.0,PER,28941900000.0,코스닥,0.0,0.0,3.0,partial,378360.0,15.0467,MISMATCH_CHECK,9000.0,12000.0,10500.0,0.2381,16612.0,,,21.7433,21.7433,,,,,2226300.0,implied,,,
스코넥엔터테인먼트,2022-02-04,,,,general,27.8,45.8,36.8,,,,,,,,no_rcept_no,,,,,,,,,,,,,,,,,,,,,
스톰테크,2023-11-20,01226270,20231108000512,[발행조건확정]증권신고서(지분증권),general,26.6,38.2,32.4,,PER,36850000000.0,,0.0,0.0,0.0,fail,27624.0,,NO_XML_DR,,,,,,,,,,,,,,3350000.0,,,,
스튜디오미르,2023-02-07,01139965,20230119000286,[발행조건확정]증권신고서(지분증권),general,20.8,38.0,29.4,19500.0,PER,,코스닥,0.0,0.0,3.0,partial,466942.0,0.0,OK,15300.0,19500.0,17400.0,0.1207,24603.0,20.8,38.0,29.4,20.7414,,,,,1000000.0,,,,
스튜디오삼익,2024-02-06,01540815,20240124000150,[발행조건확정]증권신고서(지분증권),general,19.62,29.36,24.49,18000.0,PER,15300000000.0,코스닥,0.0,0.0,3.0,partial,400382.0,0.0,OK,14500.0,16500.0,15500.0,0.1613,20526.0,19.62,29.36,24.49,12.3063,,,,,,,,,
시지트로닉스,2023-08-03,01284751,20230721000279,[발행조건확정]증권신고서(지분증권),general,40.6,46.5,43.55,25000.0,PER,,코스닥,0.0,0.0,3.0,partial,397255.0,0.01,OK,18000.0,20000.0,19000.0,0.3158,33651.0,40.57,46.51,43.54,25.708,,,,,900000.0,,,,
시큐레터,2023-08-24,01579570,20230811001329,[발행조건확정]증권신고서(지분증권),general,25.9,35.7,30.8,12000.0,PER,16006620000.0,코스닥,0.0,0.0,3.0,partial,986493.0,0.2,OK,9200.0,10600.0,9900.0,0.2121,14313.0,26.0,36.0,31.0,16.1601,,,,,1333885.0,,,,
시큐센,2023-06-29,,,,general,13.95,28.29,21.12,,,,,,,,no_rcept_no,,,,,,,,,,,,,,,,,,,,,
신성에스티,2023-10-19,00761183,20231006000228,[발행조건확정]증권신고서(지분증권),general,29.3,37.78,33.54,26000.0,PER,52000000000.0,코스닥,0.0,0.0,3.0,partial,410497.0,7.0694,MISMATCH_CHECK,22000.0,25000.0,23500.0,0.1064,35360.0,,,26.4706,26.4706,,,,,38462.0,implied,,,
심플랫폼,2025-03-21,01590980,20250310000115,[발행조건확정]증권신고서(지분증권),general,21.84,32.26,27.05,15000.0,PER,13800000000.0,코스닥,0.0,0.0,5.0,ok,587582.0,0.29,OK,13000.0,15000.0,14000.0,0.0714,19192.0,22.04,32.64,27.34,21.8424,6647443.0,4116.0,41.16,30.99,920000.0,,,,
싸이닉솔루션,2025-07-07,00874168,20250624000255,[발행조건확정]증권신고서(지분증권),general,8.74,22.33,15.535,4700.0,PER,16450000000.0,코스닥,0.0,0.0,4.0,ok,431658.0,0.0,OK,4000.0,4700.0,4350.0,0.0805,5150.0,8.74,22.33,15.535,8.7379,23605000.0,4003.0,40.03,,3500000.0,,,,
쎄크,2025-04-28,00406222,20250416000412,[발행조건확정]증권신고서(지분증권),general,23.52,33.71,28.615,15000.0,PER,18000000000.0,코스닥,0.0,0.0,5.0,ok,438466.0,0.0,OK,13000.0,15000.0,14000.0,0.0714,19612.0,23.52,33.71,28.615,23.5162,8825535.0,8043.0,80.43,21.52,,,,,
쏘닉스,2023-11-07,00561723,20231025000085,[발행조건확정]증권신고서(지분증권),general,24.55,46.1,35.325,7500.0,PER,27000000000.0,코스닥,0.0,0.0,3.0,partial,440855.0,0.0,OK,5000.0,7000.0,6000.0,0.25,9277.0,24.55,46.1,35.325,19.1549,,,,,3600000.0,,,,
쓰리빌리언,2024-11-14,01506617,20241101000139,[발행조건확정]증권신고서(지분증권),general,11.15,38.49,24.82,4500.0,PER,14400000000.0,코스닥,0.0,0.0,4.0,ok,520768.0,0.0,OK,4500.0,6500.0,5500.0,-0.1818,7315.0,11.15,38.49,24.82,38.4826,31770176.0,8712.0,87.12,,3200000.0,,,,
쓰리에이로직스,2024-12-24,00870065,20241212000606,[발행조건확정]증권신고서(지분증권),general,45.4,52.9,49.15,11000.0,PER,20431400000.0,코스닥,0.0,0.0,3.0,partial,488615.0,0.0,OK,15700.0,18200.0,16950.0,-0.351,,45.4,52.9,49.15,,,,,,1857400.0,,,,
씨메스,2024-10-24,01588189,20241014000121,[기재정정]증권신고서(지분증권),general,15.71,29.76,22.735,30000.0,PER,,코스닥,0.0,0.0,5.0,ok,3914502.0,0.0,OK,20000.0,24000.0,22000.0,0.3636,28472.0,15.71,29.76,22.735,-5.3667,11972920.0,7556.0,75.56,45.12,2600000.0,,,,
씨어스테크놀로지,2024-06-19,,,,general,7.6,30.7,19.15,,,,,,,,no_rcept_no,,,,,,,,,,,,,,,,,,,,,
씨엠티엑스,2025-11-20,01529982,20251107000432,[발행조건확정]증권신고서(지분증권),general,33.56,44.0,38.78,60500.0,PER,60500000000.0,코스닥,0.0,0.0,4.0,ok,703219.0,0.0,OK,55000.0,60500.0,57750.0,0.0476,91066.0,33.56,44.0,38.78,33.5647,9608767.0,45655.0,456.55,,1000000.0,,,,
씨유박스,2023-05-19,,,,general,33.8,50.9,42.35,,,,,,,,no_rcept_no,,,,,,,,,,,,,,,,,,,,,
아로마티카,2025-11-27,01381805,20251117000056,[발행조건확정]증권신고서(지분증권),general,19.95,39.96,29.955,8000.0,PER,24000000000.0,코스닥,0.0,0.0,4.0,ok,914102.0,0.0,OK,6000.0,8000.0,7000.0,0.1429,9994.0,19.95,39.96,29.955,19.952,12802170.0,4925.0,49.25,,3000000.0,,,,
아스테라시스,2025-01-24,01590528,20250113000245,[발행조건확정]증권신고서(지분증권),general,13.7,24.95,19.325,4600.0,PER,16790000000.0,코스닥,0.0,0.0,4.0,ok,395677.0,0.0,OK,4000.0,4600.0,4300.0,0.0698,5330.0,13.7,24.95,19.325,13.6961,36514642.0,,,31.89,3650000.0,,,,
아우토크립트,2025-07-15,01649620,20250702000145,[기재정정]증권신고서(지분증권),general,21.59,33.35,27.47,22000.0,PER,,코스닥,0.0,0.0,5.0,ok,4902418.0,0.13,OK,18700.0,22000.0,20350.0,0.0811,28058.0,21.7,33.5,27.6,21.591,10076324.0,17608.0,176.08,23.58,1400000.0,,,,
아이빔테크놀로지,2024-08-06,01678312,20240723000178,[발행조건확정]증권신고서(지분증권),general,23.9,34.6,29.25,10000.0,PER,22340000000.0,코스닥,0.0,0.0,4.0,ok,689634.0,0.0,OK,7300.0,8500.0,7900.0,0.2658,11170.0,23.9,34.6,29.25,10.4745,15749370.0,,,29.7,2234000.0,,,,
아이스크림미디어,2024-08-30,00657224,20240820000053,[발행조건확정]증권신고서(지분증권),general,9.41,27.89,18.65,32000.0,PER,,코스닥,0.0,0.0,4.0,ok,302356.0,0.0,OK,32000.0,40200.0,36100.0,-0.1136,44374.0,9.41,27.89,18.65,27.8857,13678433.0,28279.0,282.79,,2460000.0,,,,
아이씨에이치,2022-07-29,01302853,20220718000093,[발행조건확정]증권신고서(지분증권),general,9.7,30.2,19.95,34000.0,PER,40100000000.0,코스닥,0.0,0.0,3.0,partial,387283.0,10.2764,MISMATCH_CHECK,34000.0,44000.0,39000.0,-0.1282,48729.0,,,30.2264,30.2264,,,,,1180000.0,implied,,,
아이씨티케이,2024-05-17,01373709,20240503000443,[발행조건확정]증권신고서(지분증권),general,15.0,31.0,23.0,20000.0,PER,39400000000.0,코스닥,0.0,0.0,3.0,partial,712437.0,,NO_XML_DR,13000.0,16000.0,14500.0,0.3793,18828.0,,,,-6.2248,,,,,1970000.0,,,,
아이언디바이스,2024-09-23,01706794,20240906000321,[발행조건확정]증권신고서(지분증권),general,25.45,35.91,30.68,7000.0,PER,21000000000.0,코스닥,0.0,0.0,3.0,partial,434285.0,0.0,OK,4900.0,5700.0,5300.0,0.3208,7646.0,25.45,35.91,30.68,8.4489,,,,,3000000.0,,,,
아이에스티이,2025-02-12,01208751,20250131000259,[발행조건확정]증권신고서(지분증권),general,38.0,47.5,42.75,11400.0,PER,14820000000.0,코스닥,0.0,0.0,3.0,partial,695375.0,4.2553,MISMATCH_CHECK,9700.0,11400.0,10550.0,0.0806,18535.0,,,38.4947,38.4947,,,,,1300000.0,implied,,,
아이엠비디엑스,2024-04-03,01497373,20240322000928,[발행조건확정]증권신고서(지분증권),general,24.77,41.49,33.13,13000.0,PER,32500000000.0,코스닥,0.0,0.0,3.0,partial,424337.0,0.0,OK,7700.0,9900.0,8800.0,0.4773,13160.0,24.77,41.49,33.13,1.2158,,,,,2500000.0,,,,
아이엠티,2023-10-10,01546101,20230914000342,[발행조건확정]증권신고서(지분증권),general,40.04,47.53,43.785,14000.0,PER,22120000000.0,코스닥,0.0,0.0,3.0,partial,368254.0,,NO_XML_DR,10500.0,12000.0,11250.0,0.2444,,,,,,,,,,47400.0,,,,
아이지넷,2025-02-04,01728167,20250117000291,[발행조건확정]증권신고서(지분증권),general,26.96,37.39,32.175,7000.0,PER,14000000000.0,코스닥,0.0,0.0,4.0,ok,607751.0,0.0,OK,6000.0,7000.0,6500.0,0.0769,9584.0,26.96,37.39,32.175,26.9616,18304437.0,6703.0,67.03,,60000.0,,,,
아이티켐,2025-08-07,00914341,20250725000509,[발행조건확정]증권신고서(지분증권),general,23.32,30.94,27.13,16100.0,EV/EBITDA,32200000000.0,코스닥,0.0,0.0,4.0,ok,613727.0,0.0,OK,14500.0,16100.0,15300.0,0.0523,20996.0,23.32,30.94,27.13,23.3187,13094481.0,,,24.9,2000000.0,,,,
아크릴,2025-12-16,01829819,20251203000194,[발행조건확정]증권신고서(지분증권),general,23.63,31.46,27.545,19500.0,PER,42120000000.0,코스닥,0.0,0.0,5.0,ok,1250798.0,3.125,MISMATCH_CHECK,17500.0,19500.0,18500.0,0.0541,26685.0,26.92,34.42,30.67,26.9252,7922042.0,7532.0,75.32,28.07,2160000.0,,,,
알멕,2023-06-30,00229030,20230616000534,[발행조건확정]증권신고서(지분증권),general,17.78,26.91,22.345,50000.0,PER,50000000000.0,코스닥,0.0,0.0,5.0,ok,582849.0,0.0,OK,40000.0,45000.0,42500.0,0.1765,54729.0,17.78,26.91,22.345,8.6408,6396381.0,35156.0,351.56,13.7,1000000.0,,,,
알지노믹스,2025-12-18,01596920,20251205000229,[발행조건확정]증권신고서(지분증권),general,26.49,44.46,35.475,22500.0,PER,46350000000.0,코스닥,0.0,0.0,4.0,ok,1240655.0,0.0,OK,17000.0,22500.0,19750.0,0.1392,30609.0,26.49,44.46,35.475,26.4922,14259479.0,,,29.58,2060000.0,,,,
애드바이오텍,2022-01-24,01022902,20220111000212,[발행조건확정]증권신고서(지분증권),general,35.9,43.9,39.9,7000.0,PER,9520000000.0,코스닥,0.0,0.0,3.0,partial,337882.0,4.0013,MISMATCH_CHECK,7000.0,8000.0,7500.0,-0.0667,12478.0,,,43.9013,43.9013,,,,,1360000.0,implied,,,
애드바이오텍,2022-01-25,01022902,20220111000212,[발행조건확정]증권신고서(지분증권),general,35.89,43.9,39.895,7000.0,PER,9520000000.0,코스닥,0.0,0.0,3.0,partial,337882.0,4.0063,MISMATCH_CHECK,7000.0,8000.0,7500.0,-0.0667,12478.0,,,43.9013,43.9013,,,,,1360000.0,implied,,,
에스바이오메딕스,2023-05-04,01258020,20230420000516,[발행조건확정]증권신고서(지분증권),general,52.0,57.3,54.65,18000.0,PER,13500000000.0,코스닥,0.0,0.0,3.0,partial,465759.0,0.1,OK,16000.0,18000.0,17000.0,0.0588,37480.0,52.0,57.5,54.75,51.9744,,,,,,,,,
에스비비테크,2022-10-17,00567897,20221004000084,[발행조건확정]증권신고서(지분증권),general,32.9,45.3,39.1,12400.0,PER,,코스닥,0.0,0.0,3.0,partial,555689.0,0.015,OK,10100.0,12400.0,11250.0,0.1022,18470.0,32.86,45.31,39.085,32.8641,,,,,54000.0,,,,
에스엔시스,2025-08-19,01294110,20250805000193,[발행조건확정]증권신고서(지분증권),general,28.8,36.0,32.4,30000.0,PER,57000000000.0,코스닥,0.0,0.0,4.0,ok,779235.0,0.0,OK,27000.0,30000.0,28500.0,0.0526,42200.0,28.8,36.0,32.4,28.91,9440268.0,18462.0,184.62,,1900000.0,,,,
에스엘에스바이오,2023-10-20,01112700,20230926000450,[발행조건확정]증권신고서(지분증권),general,7.55,19.35,13.45,7000.0,PER,5390000000.0,코스닥,0.0,0.0,3.0,partial,351407.0,17.6998,MISMATCH_CHECK,8200.0,9400.0,8800.0,-0.2045,10167.0,,,31.1498,31.1498,,,,,770000.0,implied,,,
에스오에스랩,2024-06-25,01686427,20240612000332,[발행조건확정]증권신고서(지분증권),general,34.53,45.44,39.985,11500.0,PER,23000000000.0,코스닥,0.0,0.0,3.0,partial,583517.0,0.0,OK,7500.0,9000.0,8250.0,0.3939,13747.0,34.53,45.44,39.985,16.3454,17991970.0,,,,2000000.0,,,,
에스와이스틸텍,2023-11-13,01135084,20231031000076,[발행조건확정]증권신고서(지분증권),general,20.0,36.0,28.0,1800.0,PER,12600000000.0,코스닥,0.0,0.0,3.0,partial,360534.0,0.0,OK,1200.0,1500.0,1350.0,0.3333,1874.0,20.0,36.0,28.0,3.9488,,,,,7000000.0,,,,
에스켐,2024-11-18,01383779,20241106000010,[발행조건확정]증권신고서(지분증권),general,21.82,30.39,26.105,,PER,19500000000.0,,0.0,0.0,0.0,fail,22108.0,,NO_XML_DR,,,,,,,,,,,,,,1950000.0,,,,
에스투더블유,2025-09-19,01803635,20250909000313,[발행조건확정]증권신고서(지분증권),general,24.05,34.65,29.35,13200.0,PER,20856000000.0,코스닥,0.0,0.0,4.0,ok,444263.0,0.0,OK,11400.0,13200.0,12300.0,0.0732,17399.0,24.05,34.65,29.35,24.1336,11058366.0,,,19.36,1580000.0,,,,
에어레인,2024-11-08,01663116,20241023000152,[발행조건확정]증권신고서(지분증권),general,30.8,40.15,35.475,23000.0,PER,,코스닥,0.0,0.0,3.0,partial,452311.0,0.0,OK,16000.0,18500.0,17250.0,0.3333,27878.0,30.8,40.15,35.475,17.4977,,,,,,,,,
에이럭스,2024-11-01,01641600,20241021000237,[발행조건확정]증권신고서(지분증권),general,13.41,26.24,19.825,16000.0,PER,24000000000.0,코스닥,0.0,0.0,5.0,ok,695495.0,0.0,OK,11500.0,13500.0,12500.0,0.28,15591.0,13.41,26.24,19.825,-2.6233,13789430.0,4169.567,41.6957,51.56,1500000.0,,,,
에이에스텍,2023-11-28,01538528,20231115000157,[발행조건확정]증권신고서(지분증권),general,21.96,34.44,28.2,28000.0,PER,39396000000.0,코스닥,0.0,0.0,3.0,partial,508140.0,0.0,OK,21000.0,25000.0,23000.0,0.2174,32033.0,21.96,34.44,28.2,12.5901,,,,,35715.0,,,,
에이엘티,2023-07-27,00493325,20230714000210,[발행조건확정]증권신고서(지분증권),general,24.48,38.48,31.48,25000.0,PER,,코스닥,0.0,0.0,3.0,partial,276827.0,0.0,OK,16700.0,20500.0,18600.0,0.3441,27146.0,24.48,38.48,31.48,7.9054,,,,,900000.0,,,,
에이유브랜즈,2025-04-03,01803927,20250321000213,[발행조건확정]증권신고서(지분증권),general,8.79,20.19,14.49,16000.0,PER,32000000000.0,코스닥,0.0,0.0,5.0,ok,590422.0,0.0,OK,14000.0,16000.0,15000.0,0.0667,17542.0,8.79,20.19,14.49,8.7903,14260000.0,10658.266,106.5827,23.47,60000.0,,,,
에이직랜드,2023-11-13,01540453,20231031000244,[발행조건확정]증권신고서(지분증권),general,30.96,38.38,34.67,25000.0,PER,65908250000.0,코스닥,0.0,0.0,4.0,ok,768583.0,0.0,OK,19100.0,21400.0,20250.0,0.2346,30998.0,30.96,38.38,34.67,19.3496,,6175.0,61.75,,2636330.0,,,,
에이치브이엠,2024-06-28,01011368,20240618000224,[발행조건확정]증권신고서(지분증권),general,17.0,36.0,26.5,18000.0,PER,43200000000.0,코스닥,0.0,0.0,3.0,partial,604048.0,0.0,OK,11000.0,14200.0,12600.0,0.4286,17139.0,17.0,36.0,26.5,-5.0236,,,,,2400000.0,,,,
에이치엔에스하이텍,2024-10-25,00311216,20241011000542,[발행조건확정]증권신고서(지분증권),general,19.37,31.78,25.575,22000.0,PER,,코스닥,0.0,0.0,4.0,ok,390590.0,0.0,OK,22000.0,26000.0,24000.0,-0.0833,32247.0,19.37,31.78,25.575,31.7766,8061064.0,13082.172,130.8217,,500000.0,,,,
에이치이엠파마,2024-11-05,,,,general,24.72,35.02,29.87,,,,,,,,no_rcept_no,,,,,,,,,,,,,,,,,,,,,
에이텀,2023-12-01,01444380,20231117000115,[발행조건확정]증권신고서(지분증권),general,25.08,42.56,33.82,18000.0,PER,,코스닥,0.0,0.0,3.0,partial,345329.0,0.0,OK,23000.0,30000.0,26500.0,-0.3208,40043.0,25.08,42.56,33.82,55.0483,,,,,19500.0,,,,
에이프릴바이오,2022-07-28,01375822,20220718000098,[발행조건확정]증권신고서(지분증권),general,40.3,48.1,44.2,16000.0,PER,20736000000.0,코스닥,0.0,0.0,5.0,ok,542492.0,1.77,MINOR_DIFF,20000.0,23000.0,21500.0,-0.2558,37346.0,38.41,46.45,42.43,57.1574,11533445.0,28058.0,280.58,29.58,1296000.0,,,,
에임드바이오,2025-12-04,01781999,20251120000438,[발행조건확정]증권신고서(지분증권),general,29.0,41.9,35.45,11000.0,PER,70730000000.0,코스닥,0.0,0.0,5.0,ok,555802.0,0.0,OK,9000.0,11000.0,10000.0,0.1,15483.0,29.0,41.9,35.45,28.9543,66561193.0,46461.0,464.61,22.2,6430000.0,,,,
에코아이,2023-11-21,01218299,20231109000215,[발행조건확정]증권신고서(지분증권),general,15.6,30.7,23.15,34700.0,PER,72141300000.0,코스닥,0.0,0.0,5.0,ok,565521.0,0.0,OK,28500.0,34700.0,31600.0,0.0981,41085.0,15.6,30.7,23.15,15.541,,17474.0,174.74,23.24,2079000.0,,,,
엑셀세라퓨틱스,2024-07-15,01492217,20240702000251,[발행조건확정]증권신고서(지분증권),general,24.4,39.13,31.765,10000.0,PER,,코스닥,0.0,0.0,3.0,partial,509261.0,0.0,OK,6200.0,7700.0,6950.0,0.4388,10186.0,24.4,39.13,31.765,1.826,,,,,1618000.0,,,,
엔알비,2025-07-28,01708163,20250716000293,[발행조건확정]증권신고서(지분증권),general,9.99,22.85,16.42,21000.0,EV/EBITDA,44100000000.0,코스닥,0.0,0.0,5.0,ok,845416.0,0.0,OK,18000.0,21000.0,19500.0,0.0769,23330.0,9.99,22.85,16.42,9.9871,,21738.0,217.38,16.08,2100000.0,,,,EBITDA
엔젤로보틱스,2024-03-26,01592049,20240313000679,[발행조건확정]증권신고서(지분증권),general,16.81,38.99,27.9,20000.0,PER,32000000000.0,코스닥,0.0,0.0,3.0,partial,317697.0,0.0,OK,11000.0,15000.0,13000.0,0.5385,18030.0,16.81,38.99,27.9,-10.9262,,,,,1600000.0,,,,
엔젯,2022-11-18,01587056,20221108000080,[발행조건확정]증권신고서(지분증권),general,20.2,37.0,28.6,10000.0,PER,21000000000.0,코스닥,0.0,0.0,3.0,partial,374875.0,0.025,OK,12000.0,15200.0,13600.0,-0.2647,19055.0,20.23,37.02,28.625,47.5203,,,,,63000.0,,,,
엘비인베스트먼트,2023-03-29,,,,general,19.77,30.78,25.275,,,,,,,,no_rcept_no,,,,,,,,,,,,,,,,,,,,,
엘케이켐,2025-02-25,01747977,20250212000695,[발행조건확정]증권신고서(지분증권),general,29.73,39.77,34.75,21000.0,PER,21000000000.0,코스닥,0.0,0.0,4.0,ok,393939.0,0.005,OK,18000.0,21000.0,19500.0,0.0769,29883.0,29.73,39.76,34.745,29.7259,6424676.0,8197.0,81.97,,,,,,
엠83,2024-08-22,,,,general,33.63,43.84,38.735,,,,,,,,no_rcept_no,,,,,,,,,,,,,,,,,,,,,
엠디바이스,2025-03-07,01022142,20250221000431,[발행조건확정]증권신고서(지분증권),general,40.11,48.36,44.235,8350.0,PER,10521000000.0,코스닥,0.0,0.0,5.0,ok,855116.0,0.0,OK,7200.0,8350.0,7775.0,0.074,13942.0,40.11,48.36,44.235,40.109,,9385.0,93.85,15.95,1260000.0,,,,
엠아이큐브솔루션,2023-08-04,01497142,20230725000127,[발행조건확정]증권신고서(지분증권),general,24.48,35.81,30.145,12000.0,PER,14520000000.0,코스닥,0.0,0.0,3.0,partial,404009.0,0.0,OK,8500.0,10000.0,9250.0,0.2973,13242.0,24.48,35.81,30.145,9.3792,,,,,,,,,
엠오티,2024-11-18,01563922,20241106000087,[발행조건확정]증권신고서(지분증권),general,6.48,19.84,13.16,10000.0,PER,17500000000.0,코스닥,0.0,0.0,4.0,ok,620383.0,0.0,OK,12000.0,14000.0,13000.0,-0.2308,14970.0,6.48,19.84,13.16,33.1997,12174580.0,7023.0,70.23,,1750000.0,,,,
영창케미칼,2022-07-14,,,,general,26.0,40.3,33.15,,,,,,,,no_rcept_no,,,,,,,,,,,,,,,,,,,,,
오가노이드사이언스,2025-05-09,01626391,20250424000315,[발행조건확정]증권신고서(지분증권),general,18.88,34.33,26.605,21000.0,PER,25200000000.0,코스닥,0.0,0.0,4.0,ok,375349.0,0.0,OK,17000.0,21000.0,19000.0,0.1053,25888.0,18.88,34.33,26.605,18.8813,6854655.0,10305.0,103.05,,36000.0,,,,
오름테라퓨틱,2025-02-14,01658831,20250203000294,[발행조건확정]증권신고서(지분증권),general,65.27,72.22,68.745,20000.0,PER,50000000000.0,코스닥,0.0,0.0,4.0,ok,530241.0,0.0,OK,24000.0,30000.0,27000.0,-0.2593,86388.0,65.27,72.22,68.745,76.8486,22136419.0,99290.1169,992.9012,,2500000.0,,,,
오브젠,2023-01-30,01472930,20230113000327,[발행조건확정]증권신고서(지분증권),general,22.2,41.6,31.9,18000.0,PER,13967208000.0,코스닥,0.0,0.0,3.0,partial,329876.0,0.015,OK,18000.0,24000.0,21000.0,-0.1429,30843.0,22.19,41.64,31.915,41.6399,,,,,23279.0,,,,
오상헬스케어,2024-03-13,00260657,20240229002403,[기재정정]증권신고서(지분증권),general,39.89,47.91,43.9,20000.0,PER,,,0.0,0.0,5.0,ok,4526431.0,0.0,OK,13000.0,15000.0,14000.0,0.4286,24954.0,39.89,47.91,43.9,19.8525,14989416.0,1210.0,12.1,78.34,990000.0,,,,
오픈놀,2023-06-30,01585155,20230620000336,[기재정정]증권신고서(지분증권),general,13.37,29.41,21.39,10000.0,PER,,,0.0,0.0,3.0,partial,2922514.0,0.01,OK,,,,,15584.0,13.38,29.42,21.4,35.8316,1.0,15117.0,151.17,18.31,1650000.0,,,,
온코닉테라퓨틱스,2024-12-19,01632912,20241205000262,[발행조건확정]증권신고서(지분증권),general,24.44,32.83,28.635,13000.0,PER,20150000000.0,코스닥,0.0,0.0,4.0,ok,492449.0,16.7913,MISMATCH_CHECK,16000.0,18000.0,17000.0,-0.2353,23821.0,,,45.4263,45.4263,11569460.0,,,24.82,46500.0,implied,,,
온코크로스,2024-12-18,01423916,20241205000549,[발행조건확정]증권신고서(지분증권),general,15.18,30.35,22.765,7300.0,PER,10387900000.0,코스닥,0.0,0.0,4.0,ok,451209.0,0.0,OK,10100.0,12300.0,11200.0,-0.3482,14502.0,15.18,30.35,22.765,49.6621,12666957.0,9904.0,99.04,,1423000.0,,,,
와이랩,2023-07-20,01406265,20230706000314,[발행조건확정]증권신고서(지분증권),general,23.59,33.14,28.365,9000.0,PER,27000000000.0,코스닥,0.0,0.0,3.0,partial,471971.0,0.0,OK,7000.0,8000.0,7500.0,0.2,10470.0,23.59,33.14,28.365,14.0401,,,,,90000.0,,,,
와이바이오로직스,2023-12-05,01226234,20231121000049,[발행조건확정]증권신고서(지분증권),general,35.81,47.48,41.645,9000.0,PER,13500000000.0,코스닥,0.0,0.0,3.0,partial,709998.0,0.005,OK,9000.0,11000.0,10000.0,-0.1,17136.0,35.8,47.5,41.65,47.479,,,,,1500000.0,,,,
와이제이링크,2024-10-18,01023211,20241007000466,[발행조건확정]증권신고서(지분증권),general,23.05,32.47,27.76,12000.0,PER,42720000000.0,코스닥,0.0,0.0,5.0,ok,931540.0,0.12,OK,8600.0,9800.0,9200.0,0.3043,12714.0,22.92,32.36,27.64,5.6159,14317240.0,7054.0,70.54,32.23,3560000.0,,,,
와이즈넛,2025-01-24,00351427,20250114000177,[기재정정]증권신고서(지분증권),general,29.08,34.53,31.805,17000.0,PER,,,0.0,0.0,5.0,ok,4046706.0,0.0,OK,24000.0,26000.0,25000.0,-0.32,36659.0,29.08,34.53,31.805,53.6267,13170452.0,13559.0,135.59,35.61,900000.0,,,,
우진엔텍,2024-01-24,01030503,20240115000087,[발행조건확정]증권신고서(지분증권),general,14.87,25.3,20.085,5300.0,PER,,코스닥,0.0,0.0,3.0,partial,386832.0,0.015,OK,4300.0,4900.0,4600.0,0.1522,5756.0,14.9,25.3,20.1,7.9222,,,,,2060000.0,,,,
워트,2023-10-26,00866451,20231013000580,[발행조건확정]증권신고서(지분증권),general,12.43,21.81,17.12,6500.0,PER,26000000000.0,코스닥,0.0,0.0,3.0,partial,366046.0,,NO_XML_DR,5000.0,5600.0,5300.0,0.2264,6395.0,,,,-1.6419,,,,,,,,,
원일티엔아이,2025-05-09,00488244,20250423000260,[발행조건확정]증권신고서(지분증권),general,41.12,49.54,45.33,13500.0,PER,16200000000.0,코스닥,0.0,0.0,5.0,ok,549270.0,0.15,OK,11500.0,13500.0,12500.0,0.08,22929.0,41.12,49.84,45.48,41.1226,8381030.0,7871.0,78.71,24.42,1200000.0,,,,
웨이비스,2024-10-25,01270749,20241016000084,[발행조건확정]증권신고서(지분증권),general,17.97,27.81,22.89,15000.0,PER,22350000000.0,코스닥,0.0,0.0,3.0,partial,412137.0,0.36,OK,11000.0,12500.0,11750.0,0.2766,15238.0,18.35,28.15,23.25,1.5619,,,,,1490000.0,,,,
위너스,2025-02-24,,,,general,17.19,26.93,22.06,,,,,,,,no_rcept_no,,,,,,,,,,,,,,,,,,,,,
위츠,2024-11-20,01445440,20241105000117,[발행조건확정]증권신고서(지분증권),general,14.77,29.42,22.095,6400.0,PER,19200000000.0,코스닥,0.0,0.0,5.0,ok,509602.0,0.01,OK,5300.0,6400.0,5850.0,0.094,7509.0,14.76,29.41,22.085,14.7689,12652000.0,5107.0,51.07,18.6,3000000.0,,,,
유라클,2024-08-16,00407294,20240805000135,[발행조건확정]증권신고서(지분증권),general,22.74,33.78,28.26,21000.0,PER,15771000000.0,코스닥,0.0,0.0,5.0,ok,455422.0,0.0,OK,18000.0,21000.0,19500.0,0.0769,27181.0,22.74,33.78,28.26,22.7401,4372368.0,4475.0,44.75,26.56,751000.0,,,,
유진테크놀로지,2023-11-02,01085026,20231019000208,[발행조건확정]증권신고서(지분증권),general,30.55,38.69,34.62,17000.0,PER,17841194000.0,코스닥,0.0,0.0,3.0,partial,460854.0,0.0,OK,12800.0,14500.0,13650.0,0.2454,20879.0,30.55,38.69,34.62,18.5785,,,,,1049482.0,,,,
유투바이오,2023-11-02,,,,general,13.14,26.5,19.82,,,,,,,,no_rcept_no,,,,,,,,,,,,,,,,,,,,,
이노스페이스,2024-07-02,01700587,20240619000220,[발행조건확정]증권신고서(지분증권),general,25.0,37.0,31.0,43300.0,PER,57589000000.0,코스닥,0.0,0.0,4.0,ok,751951.0,0.0,OK,36400.0,43300.0,39850.0,0.0866,57754.0,25.0,37.0,31.0,25.0268,9520072.0,12999.0,129.99,,1330000.0,,,,
이노시뮬레이션,2023-07-06,00965318,20230626000073,[발행조건확정]증권신고서(지분증권),general,29.9,39.2,34.55,15000.0,PER,13500000000.0,코스닥,0.0,0.0,3.0,partial,342535.0,0.005,OK,13000.0,15000.0,14000.0,0.0714,21390.0,29.87,39.22,34.545,29.8738,,,,,900000.0,,,,
이노진,2023-02-20,01419135,20230208000172,[발행조건확정]증권신고서(지분증권),general,6.6,22.17,14.385,3000.0,PER,7800000000.0,코스닥,0.0,0.0,5.0,ok,381421.0,0.0,OK,2500.0,3000.0,2750.0,0.0909,3212.0,6.6,22.17,14.385,6.6002,,1460.0,14.6,26.78,2600000.0,,,,
이닉스,2024-02-01,00338170,20240119000136,[발행조건확정]증권신고서(지분증권),general,21.93,34.71,28.32,14000.0,PER,42000000000.0,코스닥,0.0,0.0,3.0,partial,612198.0,0.0,OK,9200.0,11000.0,10100.0,0.3861,14090.0,21.93,34.71,28.32,0.6388,,,,,3000000.0,,,,
이뮨온시아,2025-05-19,01203659,20250430001250,[발행조건확정]증권신고서(지분증권),general,32.09,43.3,37.695,3600.0,PER,32905735200.0,코스닥,0.0,0.0,4.0,ok,538141.0,0.05,OK,3000.0,3600.0,3300.0,0.0909,5301.0,32.09,43.4,37.745,32.0883,76571829.0,21163.0,211.63,,9140482.0,,,,
이에이트,2024-02-23,,,,general,24.28,40.65,32.465,,,,,,,,no_rcept_no,,,,,,,,,,,,,,,,,,,,,
이엔셀,2024-08-23,01544468,20240809000231,[발행조건확정]증권신고서(지분증권),general,23.45,31.96,27.705,15300.0,PER,23972040000.0,코스닥,0.0,0.0,4.0,ok,691023.0,0.005,OK,13600.0,15300.0,14450.0,0.0588,19988.0,23.46,31.96,27.71,23.4541,11181016.0,7335.0,73.35,,1566800.0,,,,
이지스,2025-12-11,01211889,20251201000405,[발행조건확정]증권신고서(지분증권),general,17.36,28.38,22.87,15000.0,PER,22500000000.0,코스닥,0.0,0.0,4.0,ok,914687.0,0.0,OK,13000.0,15000.0,14000.0,0.0714,18150.0,17.36,28.38,22.87,17.3554,10525075.0,7113.0,71.13,,1500000.0,,,,
이지트로닉스,2022-02-04,01140837,20220118000223,[발행조건확정]증권신고서(지분증권),general,34.1,43.1,38.6,22000.0,PER,43560000000.0,코스닥,0.0,0.0,3.0,partial,399902.0,0.015,OK,19000.0,22000.0,20500.0,0.0732,33374.0,34.08,43.09,38.585,34.0804,,,,,1980000.0,,,,
인벤티지랩,2022-11-22,01516456,20221110000280,[발행조건확정]증권신고서(지분증권),general,8.6,33.2,20.9,12000.0,PER,12480000000.0,코스닥,0.0,0.0,3.0,partial,595142.0,0.02,OK,19000.0,26000.0,22500.0,-0.4667,28453.0,8.62,33.22,20.92,57.8252,,,,,,,,,
인스웨이브시스템즈,2023-09-25,,,,general,38.96,49.14,44.05,,,,,,,,no_rcept_no,,,,,,,,,,,,,,,,,,,,,
인스피언,2024-10-18,01284876,20241002000231,[발행조건확정]증권신고서(지분증권),general,16.37,33.1,24.735,12000.0,PER,27000000000.0,코스닥,0.0,0.0,4.0,ok,568369.0,0.005,OK,8000.0,10000.0,9000.0,0.3333,11958.0,16.38,33.1,24.74,-0.3512,10137772.0,3947.766,39.4777,,2250000.0,,,,
인투셀,2025-05-23,01374443,20250512000686,[발행조건확정]증권신고서(지분증권),general,25.8,45.4,35.6,17000.0,PER,25500000000.0,코스닥,0.0,0.0,3.0,partial,559430.0,9.8358,MISMATCH_CHECK,12500.0,17000.0,14750.0,0.1525,22900.0,,,25.7642,25.7642,,,,,1500000.0,implied,,,
자람테크놀로지,2023-03-07,01365038,20230220002105,[발행조건확정]증권신고서(지분증권),general,26.2,40.9,33.55,22000.0,PER,,코스닥,0.0,0.0,3.0,partial,336227.0,0.025,OK,16000.0,20000.0,18000.0,0.2222,27089.0,26.14,40.91,33.525,18.7862,,,,,,,,,
제닉스,2024-09-30,01293485,20240913000388,[발행조건확정]증권신고서(지분증권),general,23.44,36.95,30.195,40000.0,PER,,코스닥,0.0,0.0,4.0,ok,462626.0,0.0,OK,28000.0,34000.0,31000.0,0.2903,44411.0,23.44,36.95,30.195,9.9322,4442640.0,6891.0,68.91,,,,,,
제이오,2023-02-16,00411808,20230206000061,[발행조건확정]증권신고서(지분증권),general,38.6,52.7,45.65,13000.0,EV/EBITDA,52000000000.0,코스닥,0.0,0.0,3.0,partial,516755.0,0.01,OK,10000.0,13000.0,11500.0,0.1304,21162.0,38.57,52.75,45.66,38.5691,,,,,4000000.0,,,,
제이피아이헬스케어,2025-08-21,00185301,20250808000280,[발행조건확정]증권신고서(지분증권),general,22.86,36.36,29.61,20000.0,PER,31600000000.0,코스닥,0.0,0.0,5.0,ok,456786.0,0.0,OK,16500.0,20000.0,18250.0,0.0959,25928.0,22.86,36.36,29.61,22.8633,5105400.0,6195.0,61.95,21.37,47400.0,,,,
제일엠앤에스,2024-04-30,00528791,20240416000398,[발행조건확정]증권신고서(지분증권),general,27.35,39.46,33.405,22000.0,PER,52800000000.0,코스닥,0.0,0.0,4.0,ok,652053.0,0.0,OK,15000.0,18000.0,16500.0,0.3333,24776.0,27.35,39.46,33.405,11.2044,20621877.0,19764.0,197.64,,2400000.0,,,,
지씨지놈,2025-06-11,01432598,20250527000209,[발행조건확정]증권신고서(지분증권),general,25.74,36.35,31.045,10500.0,PER,42000000000.0,코스닥,0.0,0.0,5.0,ok,741093.0,0.0,OK,9000.0,10500.0,9750.0,0.0769,14140.0,25.74,36.35,31.045,25.7426,,13066.0,130.66,26.04,4000000.0,,,,
지아이이노베이션,2023-03-30,01351080,20230320000170,[발행조건확정]증권신고서(지분증권),general,41.2,55.2,48.2,13000.0,PER,26000000000.0,코스닥,0.0,0.0,3.0,partial,432507.0,0.015,OK,16000.0,21000.0,18500.0,-0.2973,35705.0,41.18,55.19,48.185,63.5905,,,,,2000000.0,,,,
지에프씨생명과학,2025-06-30,01221752,20250618000255,[발행조건확정]증권신고서(지분증권),general,29.06,42.97,36.015,15300.0,PER,11995200000.0,코스닥,0.0,0.0,3.0,partial,684316.0,6.9501,MISMATCH_CHECK,12300.0,15300.0,13800.0,0.1087,21569.0,,,29.0649,29.0649,5438311.0,,,,784000.0,implied,,,
지투지바이오,2025-08-14,01577952,20250804000127,[발행조건확정]증권신고서(지분증권),general,42.91,52.76,47.835,58000.0,PER,52200000000.0,코스닥,0.0,0.0,3.0,partial,1167808.0,4.9216,MISMATCH_CHECK,48000.0,58000.0,53000.0,0.0943,101600.0,,,42.9134,42.9134,,,,,900000.0,implied,,,
진영,2023-06-01,00816933,20230519000263,[발행조건확정]증권신고서(지분증권),general,31.41,41.21,36.31,5000.0,PER,21250000000.0,코스닥,0.0,0.0,3.0,partial,442940.0,0.01,OK,3600.0,4200.0,3900.0,0.2821,6123.0,31.4,41.2,36.3,18.3407,,,,,4250000.0,,,,
캡스톤파트너스,2023-11-15,01497124,20231103000318,[발행조건확정]증권신고서(지분증권),general,14.87,24.32,19.595,4000.0,PER,,코스닥,0.0,0.0,3.0,partial,347089.0,0.0,OK,3200.0,3600.0,3400.0,0.1765,4229.0,14.87,24.32,19.595,5.415,,,,,1596000.0,,,,
컨텍,2023-11-09,01685251,20231030000344,[발행조건확정]증권신고서(지분증권),general,24.16,31.58,27.87,22500.0,PER,46350000000.0,코스닥,0.0,0.0,4.0,ok,656347.0,0.12,OK,20300.0,22500.0,21400.0,0.0514,29668.0,24.0,31.5,27.75,24.1607,15613041.0,21936.635,219.3664,,2060000.0,,,,
케이쓰리아이,2024-08-20,01689266,20240807000196,[첨부정정]증권신고서(지분증권),general,22.85,37.78,30.315,,,,,,,,download_failed,,,,,,,,,,,,,,,,,,,,,
케이엔알시스템,2024-03-07,00672603,20240223002182,[발행조건확정]증권신고서(지분증권),general,31.37,43.85,37.61,13500.0,PER,28404000000.0,코스닥,0.0,0.0,3.0,partial,358256.0,0.0,OK,9000.0,11000.0,10000.0,0.35,16029.0,31.37,43.85,37.61,15.7777,,,,,1052000.0,,,,
케이엔에스,2023-12-06,01402995,20231124000347,[발행조건확정]증권신고서(지분증권),general,22.34,32.93,27.635,23000.0,PER,,코스닥,0.0,0.0,4.0,ok,341332.0,0.0,OK,19000.0,22000.0,20500.0,0.122,28327.0,22.34,32.93,27.635,18.8054,4442278.0,5729.0,57.29,,,,,,
케이웨더,2024-02-22,00426828,20240208000055,[발행조건확정]증권신고서(지분증권),general,14.08,28.89,21.485,7000.0,PER,7000000000.0,코스닥,0.0,0.0,3.0,partial,362264.0,0.0,OK,4800.0,5800.0,5300.0,0.3208,6750.0,14.08,28.89,21.485,-3.7037,,,,,1000000.0,,,,
코난테크놀로지,2022-07-07,00601988,20220624000079,[발행조건확정]증권신고서(지분증권),general,25.7,37.6,31.65,25000.0,PER,30000000000.0,코스닥,0.0,0.0,3.0,partial,321611.0,0.005,OK,21000.0,25000.0,23000.0,0.087,33648.0,25.7,37.59,31.645,25.7014,,,,,1200000.0,,,,
코셈,2024-02-23,01493793,20240206000485,[발행조건확정]증권신고서(지분증권),general,16.65,28.56,22.605,16000.0,PER,9600000000.0,코스닥,0.0,0.0,3.0,partial,682558.0,0.0,OK,12000.0,14000.0,13000.0,0.2308,16796.0,16.65,28.56,22.605,4.7392,,,,,600000.0,,,,
코츠테크놀로지,2023-08-10,00959210,20230731000178,[발행조건확정]증권신고서(지분증권),general,23.69,33.65,28.67,13000.0,PER,13000000000.0,코스닥,0.0,0.0,3.0,partial,481817.0,0.0,OK,10000.0,11500.0,10750.0,0.2093,15071.0,23.69,33.65,28.67,13.7416,,,,,,,,,
코칩,2024-05-07,00446901,20240423000279,[발행조건확정]증권신고서(지분증권),general,9.08,28.57,18.825,18000.0,EV/EBITDA,18000.0,코스닥,0.0,0.0,4.0,ok,652369.0,0.0,OK,11000.0,14000.0,12500.0,0.44,15399.0,9.08,28.57,18.825,-16.8907,,,,22.52,1500000.0,,,,
쿼드메디슨,2025-12-12,01671285,20251201000475,[발행조건확정]증권신고서(지분증권),general,19.27,35.41,27.34,15000.0,PER,25500000000.0,코스닥,0.0,0.0,3.0,partial,593858.0,0.0,OK,12000.0,15000.0,13500.0,0.1111,18579.0,19.27,35.41,27.34,19.2637,,,,,1700000.0,,,,
퀄리타스반도체,2023-10-27,01584183,20231017000136,[발행조건확정]증권신고서(지분증권),general,24.13,34.25,29.19,17000.0,PER,30600000000.0,코스닥,0.0,0.0,3.0,partial,400734.0,0.0,OK,13000.0,15000.0,14000.0,0.2143,19771.0,24.13,34.25,29.19,14.0155,,,,,54000.0,,,,
큐라티스,2023-06-15,01357765,20230602000188,[발행조건확정]증권신고서(지분증권),general,42.3,53.1,47.7,4000.0,PER,14000000000.0,코스닥,0.0,0.0,3.0,partial,605550.0,,NO_XML_DR,6500.0,8000.0,7250.0,-0.4483,13869.0,,,,71.1587,,,,,,,,,
큐로셀,2023-11-09,01492651,20231030000431,[발행조건확정]증권신고서(지분증권),general,21.18,29.88,25.53,20000.0,PER,32000000000.0,코스닥,0.0,0.0,3.0,partial,820801.0,27.4112,MISMATCH_CHECK,29800.0,33500.0,31650.0,-0.3681,42500.0,,,52.9412,52.9412,,,,,1600000.0,implied,,,
큐리오시스,2025-11-13,01786958,20251103000098,[발행조건확정]증권신고서(지분증권),general,25.51,39.05,32.28,22000.0,PER,26400000000.0,코스닥,0.0,0.0,4.0,ok,521598.0,0.0,OK,18000.0,22000.0,20000.0,0.1,29533.0,25.51,39.05,32.28,25.5071,7691882.0,,,27.1,36000.0,,,,
큐리옥스바이오시스,2023-08-10,01498974,20230731000302,[발행조건확정]증권신고서(지분증권),general,32.0,44.8,38.4,13000.0,PER,18200000000.0,코스닥,0.0,0.0,3.0,partial,313527.0,6.3702,MISMATCH_CHECK,13000.0,16000.0,14500.0,-0.1034,23538.0,,,44.7702,44.7702,,,,,,implied,,,
큐리옥스바이오시스템즈,2023-08-10,01498974,20230731000302,[발행조건확정]증권신고서(지분증권),general,32.0,44.8,38.4,13000.0,PER,18200000000.0,코스닥,0.0,0.0,3.0,partial,313527.0,6.3702,MISMATCH_CHECK,13000.0,16000.0,14500.0,-0.1034,23538.0,,,44.7702,44.7702,,,,,,implied,,,
클로봇,2024-10-28,01784914,20241015000370,[발행조건확정]증권신고서(지분증권),general,25.22,35.51,30.365,13000.0,PER,39000000000.0,코스닥,0.0,0.0,4.0,ok,916263.0,0.0,OK,9400.0,10900.0,10150.0,0.2808,14576.0,25.22,35.51,30.365,10.8123,25136306.0,9245.0,92.45,,3000000.0,,,,
키스트론,2025-06-02,00204323,20250520000280,[발행조건확정]증권신고서(지분증권),general,20.0,31.0,25.5,3600.0,PER,22680000000.0,코스닥,0.0,0.0,3.0,partial,642729.0,0.0,OK,3100.0,3600.0,3350.0,0.0746,4470.0,20.0,31.0,25.5,19.4631,,,,,6300000.0,,,,
탑런토탈솔루션,2024-11-01,00814582,20241022000214,[발행조건확정]증권신고서(지분증권),general,37.85,46.73,42.29,18000.0,PER,45000000000.0,,0.0,0.0,1.0,fail,159825.0,,NO_XML_DR,,,,,,,,,,,,,,2500000.0,,,,
템즈,2023-08-10,,,,general,32.0,44.8,38.4,,,,,,,,no_rcept_no,,,,,,,,,,,,,,,,,,,,,
토마토시스템,2023-04-27,01436479,20230414000088,[발행조건확정]증권신고서(지분증권),general,21.35,35.52,28.435,18200.0,PER,15652000000.0,코스닥,0.0,0.0,3.0,partial,270333.0,0.0,OK,18200.0,22200.0,20200.0,-0.099,28225.0,21.35,35.52,28.435,35.5182,,,,,860000.0,,,,
토모큐브,2024-11-07,01573336,20241025000261,[발행조건확정]증권신고서(지분증권),general,14.51,30.46,22.485,16000.0,PER,32000000000.0,코스닥,0.0,0.0,3.0,partial,419308.0,0.0,OK,10900.0,13400.0,12150.0,0.3169,15675.0,14.51,30.46,22.485,-2.0734,,,,,2000000.0,,,,
트루엔,2023-05-17,01134216,20230503000315,[발행조건확정]증권신고서(지분증권),general,23.47,36.22,29.845,12000.0,PER,30000000000.0,코스닥,0.0,0.0,3.0,partial,406518.0,0.0,OK,10000.0,12000.0,11000.0,0.0909,15680.0,23.47,36.22,29.845,23.4694,,,,,2500000.0,,,,
티디에스팜,2024-08-21,01232192,20240808000209,[발행조건확정]증권신고서(지분증권),general,11.86,21.75,16.805,13000.0,PER,13000000000.0,코스닥,0.0,0.0,4.0,ok,513642.0,0.0,OK,9500.0,10700.0,10100.0,0.2871,12140.0,11.86,21.75,16.805,-7.084,5530000.0,4392.286,43.9229,,1000000.0,,,,
티엑스알로보틱스,2025-03-20,01458161,20250307001078,[발행조건확정]증권신고서(지분증권),general,25.49,36.53,31.01,13500.0,PER,41517900000.0,코스닥,0.0,0.0,3.0,partial,1093809.0,0.0,OK,11500.0,13500.0,12500.0,0.08,18119.0,25.49,36.53,31.01,25.4926,11453434.0,,,,3075400.0,,,,
티이엠씨,2023-01-19,01301252,20230109000347,[발행조건확정]증권신고서(지분증권),general,19.7,32.4,26.05,28000.0,PER,,코스닥,0.0,0.0,3.0,partial,639425.0,0.01,OK,32000.0,38000.0,35000.0,-0.2,47325.0,19.7,32.38,26.04,40.8347,,,,,31250.0,,,,
파두,2023-08-07,01292291,20230726000458,[발행조건확정]증권신고서(지분증권),general,24.2,36.4,30.3,31000.0,PER,193750000000.0,코스닥,0.0,0.0,4.0,ok,864182.0,0.0,OK,26000.0,31000.0,28500.0,0.0877,40912.0,24.2,36.4,30.3,24.2276,,94820.0,948.2,,6250000.0,,,,
파로스아이바이오,2023-07-27,01495180,20230713000053,[발행조건확정]증권신고서(지분증권),general,44.4,56.7,50.55,14000.0,PER,19600000000.0,코스닥,0.0,0.0,3.0,partial,349456.0,0.0,OK,14000.0,18000.0,16000.0,-0.125,32357.0,44.37,56.73,50.55,56.7327,,,,,42000.0,,,,
파인메딕스,2024-12-26,01455410,20241213000142,[발행조건확정]증권신고서(지분증권),general,32.81,39.53,36.17,10000.0,PER,9000000000.0,코스닥,0.0,0.0,4.0,ok,369723.0,0.0,OK,9000.0,10000.0,9500.0,0.0526,14883.0,32.81,39.53,36.17,32.8092,5704900.0,4754.0,47.54,,900000.0,,,,
페스카로,2025-12-10,01817920,20251128001952,[발행조건확정]증권신고서(지분증권),general,25.57,39.98,32.775,15500.0,PER,20150000000.0,코스닥,0.0,0.0,4.0,ok,776427.0,0.0,OK,12500.0,15500.0,14000.0,0.1071,20826.0,25.57,39.98,32.775,25.5738,9866730.0,8069.0,80.69,,1300000.0,,,,
포스뱅크,2024-01-29,00862312,20240115000358,[발행조건확정]증권신고서(지분증권),general,17.23,28.26,22.745,18000.0,PER,27000000000.0,코스닥,0.0,0.0,4.0,ok,418687.0,0.0,OK,13000.0,15000.0,14000.0,0.2857,18122.0,17.23,28.26,22.745,0.6732,,4479.0,44.79,,1500000.0,,,,
풍원정밀,2022-02-28,00417167,20220215000835,[발행조건확정]증권신고서(지분증권),general,22.8,32.9,27.85,15200.0,PER,45600000000.0,코스닥,0.0,0.0,4.0,ok,278262.0,5.0897,MISMATCH_CHECK,13200.0,15200.0,14200.0,0.0704,19679.0,,,22.7603,22.7603,,15798.0,157.98,,3000000.0,implied,,,
퓨런티어,2022-02-23,01357446,20220210000269,[발행조건확정]증권신고서(지분증권),general,24.3,37.0,30.65,15000.0,PER,24000000000.0,코스닥,0.0,0.0,3.0,partial,424301.0,13.5504,MISMATCH_CHECK,11400.0,13700.0,12550.0,0.1952,18094.0,,,17.0996,17.0996,,,,,1600000.0,implied,,,
퓨릿,2023-10-18,01027828,20231004000216,[발행조건확정]증권신고서(지분증권),general,28.0,40.5,34.25,10700.0,EV/EBITDA,,코스닥,0.0,0.0,3.0,partial,562108.0,0.0,OK,8800.0,10700.0,9750.0,0.0974,14824.0,28.0,40.5,34.25,27.8198,,,,,4137000.0,,,,
프로테옴텍,2023-06-16,,,,general,15.4,30.7,23.05,,,,,,,,no_rcept_no,,,,,,,,,,,,,,,,,,,,,
프로티나,2025-07-29,01688568,20250716000125,[발행조건확정]증권신고서(지분증권),general,28.72,43.99,36.355,14000.0,PER,21000000000.0,코스닥,0.0,0.0,3.0,partial,532810.0,7.6345,MISMATCH_CHECK,11000.0,14000.0,12500.0,0.12,19641.0,,,28.7205,28.7205,11435950.0,,,,45000.0,implied,,,
플라즈맵,2022-10-21,01575839,20221011000097,[발행조건확정]증권신고서(지분증권),general,31.5,43.9,37.7,7000.0,PER,12397000000.0,코스닥,0.0,0.0,3.0,partial,362330.0,0.02,OK,9000.0,11000.0,10000.0,-0.3,16057.0,31.49,43.95,37.72,56.4053,,,,,53130.0,,,,
피아이이,2025-02-04,01429220,20250116000121,[발행조건확정]증권신고서(지분증권),general,23.97,39.17,31.57,5000.0,PER,14400000000.0,코스닥,0.0,0.0,4.0,ok,458502.0,0.005,OK,4000.0,5000.0,4500.0,0.1111,6576.0,23.96,39.17,31.565,23.9659,36201000.0,11981.0,119.81,,3600000.0,,,,
피앤에스미캐닉스,2024-07-31,,,,general,24.41,37.75,31.08,,,,,,,,no_rcept_no,,,,,,,,,,,,,,,,,,,,,
핀텔,2022-10-20,01524507,20221007000272,[발행조건확정]증권신고서(지분증권),general,21.0,33.4,27.2,8900.0,PER,17800000000.0,코스닥,0.0,0.0,5.0,ok,725727.0,0.35,OK,7500.0,8900.0,8200.0,0.0854,11263.0,20.9,32.8,26.85,20.9802,22055945.0,10950.0,109.5,20.5,60000.0,,,,
필에너지,2023-07-14,01488320,20230704000144,[첨부정정]증권신고서(지분증권),general,20.73,30.5,25.615,,,,,,,,download_failed,,,,,,,,,,,,,,,,,,,,,
하스,2024-07-03,01663569,20240621000067,[발행조건확정]증권신고서(지분증권),general,11.72,33.79,22.755,16000.0,PER,28960000000.0,코스닥,0.0,0.0,4.0,ok,550795.0,0.0,OK,9000.0,12000.0,10500.0,0.5238,13594.0,11.72,33.79,22.755,-17.699,8376603.0,6320.0,63.2,,1810000.0,,,,
하이젠알앤엠,2024-06-27,00650771,20240617000110,[발행조건확정]증권신고서(지분증권),general,19.13,33.83,26.48,7000.0,EV/EBITDA,,코스닥,0.0,0.0,4.0,ok,575891.0,0.0,OK,4500.0,5500.0,5000.0,0.4,6801.0,19.13,33.83,26.48,-2.926,,,,33.44,3400000.0,,,,
한국피아이엠,2025-04-04,00765897,20250324000424,[발행조건확정]증권신고서(지분증권),general,30.59,42.37,36.48,11200.0,EV/EBITDA,14560000000.0,코스닥,0.0,0.0,5.0,ok,712141.0,0.0,OK,9300.0,11200.0,10250.0,0.0927,16136.0,30.59,42.37,36.48,30.59,6080457.0,9062.292,90.6229,11.81,65000.0,,,,EBITDA
한라캐스트,2025-08-20,00683061,20250808000359,[발행조건확정]증권신고서(지분증권),general,17.54,27.49,22.515,5800.0,PER,43500000000.0,코스닥,0.0,0.0,5.0,ok,476662.0,0.0,OK,5100.0,5800.0,5450.0,0.0642,7033.0,17.54,27.49,22.515,17.5316,36526017.0,9910.0,99.1,25.93,7500000.0,,,,
