company_name,listing_date,corp_code,rcept_no,report_nm,track_type,discount_rate_low_pct,discount_rate_high_pct,discount_rate_mid_pct,price_band_low,price_band_high,band_midpoint,final_offering_price,price_vs_mid,valuation_model,offering_shares,offering_amount,listing_market,is_tech_special,is_growth_special,per_stock_value,filled_key_fields,extraction_status,xml_size,discount_rate_implied,discount_rate_xml_low,discount_rate_xml_high,discount_rate_xml_mid,discount_rate_xml_source,discount_rate_diff,data_quality_flag,net_income_mn,net_income_bn,peer_per,total_shares,institutional_ratio,retail_ratio,net_income_type,dart_revenue_bn,dart_op_income_bn,dart_net_income_bn,dart_assets_bn,dart_equity_bn,dart_bsns_year,dart_reprt_code,dart_debt_ratio,dart_op_margin,net_income_source
애드바이오텍,2022-01-24,01022902,20220111000212,[발행조건확정]증권신고서(지분증권),general,35.9,43.9,39.9,7000.0,8000.0,7500.0,7000.0,-0.0667,PER,1360000.0,9520000000.0,코스닥,0.0,0.0,12478.0,3.0,partial,337882.0,43.9013,,,43.9013,implied,4.0013,MISMATCH_CHECK,,-26.6447,,,,,,118.4017,-15.546,-26.6447,209.5934,51.0561,2021.0,11011,310.52,-13.13,dart_api
이지트로닉스,2022-02-04,01140837,20220118000223,[발행조건확정]증권신고서(지분증권),general,34.1,43.1,38.6,19000.0,22000.0,20500.0,22000.0,0.0732,PER,1980000.0,43560000000.0,코스닥,0.0,0.0,33374.0,3.0,partial,399902.0,34.0804,34.08,43.09,38.585,,0.015,OK,,0.9375,,,,,,177.4781,-0.3023,0.9375,362.9882,198.7787,2021.0,11011,82.61,-0.17,dart_api
스코넥엔터테인먼트,2022-02-04,,,,general,27.8,45.8,36.8,,,,,,,,,,,,,,no_rcept_no,,,,,,,,,,,,,,,,,,,,,,,,,
바이오에프디엔씨,2022-02-21,01160974,20220127000144,[발행조건확정]증권신고서(지분증권),general,20.4,36.8,28.6,23000.0,29000.0,26000.0,28000.0,0.0769,PER,1300000.0,,코스닥,0.0,0.0,36414.2,5.0,ok,532934.0,23.1069,20.36,36.84,28.6,,0.0,OK,14799.0,147.99,28.85,8864700.0,,,,,,,,,,,,,
퓨런티어,2022-02-23,01357446,20220210000269,[발행조건확정]증권신고서(지분증권),general,24.3,37.0,30.65,11400.0,13700.0,12550.0,15000.0,0.1952,PER,1600000.0,24000000000.0,코스닥,0.0,0.0,18094.0,3.0,partial,424301.0,17.0996,,,17.0996,implied,13.5504,MISMATCH_CHECK,,26.418,,,,,,221.7196,12.1972,26.418,176.1162,127.8421,2021.0,11011,37.76,5.5,dart_api
풍원정밀,2022-02-28,00417167,20220215000835,[발행조건확정]증권신고서(지분증권),general,22.8,32.9,27.85,13200.0,15200.0,14200.0,15200.0,0.0704,PER,3000000.0,45600000000.0,코스닥,0.0,0.0,19679.0,4.0,ok,278262.0,22.7603,,,22.7603,implied,5.0897,MISMATCH_CHECK,15798.0,157.98,,,,,,,,,,,,,,,
노을,2022-03-03,01494118,20220218001119,[발행조건확정]증권신고서(지분증권),general,16.5,36.2,26.35,13000.0,17000.0,15000.0,10000.0,-0.3333,PER,1500000.0,15000000000.0,코스닥,0.0,0.0,,3.0,partial,349163.0,,16.51,36.15,26.33,,0.02,OK,,-123.1309,,,64.0,25.0,,14.7531,-114.3791,-123.1309,199.6112,18.5701,2021.0,11011,974.9,-775.29,dart_api
모아데이타,2022-03-10,01423837,20220224002200,[발행조건확정]증권신고서(지분증권),general,15.9,27.9,21.9,24000.0,28000.0,26000.0,20000.0,-0.2308,PER,24000.0,16000000000.0,코스닥,0.0,0.0,33286.0,3.0,partial,299677.0,39.9147,15.9,27.9,21.9,,0.0,OK,,10.8341,,,,,,196.4252,27.0973,10.8341,248.7891,193.4073,2021.0,11011,28.63,13.8,dart_api
비플라이소프트,2022-06-20,,,,general,34.2,42.9,38.55,,,,,,,,,,,,,,no_rcept_no,,,,,,,,,,,,,,,,,,,,,,,,,
보로노이,2022-06-24,01327746,20220613000191,[발행조건확정]증권신고서(지분증권),general,36.5,44.8,40.65,40000.0,46000.0,43000.0,40000.0,-0.0698,PER,1300000.0,52000000000.0,코스닥,0.0,0.0,72464.0,3.0,partial,385674.0,44.8002,36.52,44.8,40.66,,0.01,OK,,,,,,,,,,,,,,,,,
레이저쎌,2022-06-24,01573381,20220613000057,[발행조건확정]증권신고서(지분증권),general,15.6,27.7,21.65,12000.0,14000.0,13000.0,16000.0,0.2308,PER,1600000.0,25600000000.0,코스닥,0.0,0.0,16592.0,3.0,partial,392603.0,3.568,,,,,,NO_XML_DR,,,,,,,,,,,,,,,,,
넥스트칩,2022-07-01,01515864,20220620000302,[발행조건확정]증권신고서(지분증권),general,32.5,42.4,37.45,9900.0,11600.0,10750.0,13000.0,0.2093,PER,78000.0,33800000000.0,코스닥,0.0,0.0,17181.0,3.0,partial,405420.0,24.335,32.5,42.4,37.45,,0.0,OK,,,,,,,,,,,,,,,,,
코난테크놀로지,2022-07-07,00601988,20220624000079,[발행조건확정]증권신고서(지분증권),general,25.7,37.6,31.65,21000.0,25000.0,23000.0,25000.0,0.087,PER,1200000.0,30000000000.0,코스닥,0.0,0.0,33648.0,3.0,partial,321611.0,25.7014,25.7,37.59,31.645,,0.005,OK,,,,,,,,,,,,,,,,,
영창케미칼,2022-07-14,,,,general,26.0,40.3,33.15,,,,,,,,,,,,,,no_rcept_no,,,,,,,,,,,,,,,,,,,,,,,,,
루닛,2022-07-21,01397620,20220711000248,[발행조건확정]증권신고서(지분증권),general,38.1,44.4,41.25,44000.0,49000.0,46500.0,30000.0,-0.3548,PER,1215800.0,36474000000.0,코스닥,0.0,0.0,79178.0,5.0,ok,836009.0,62.1107,38.11,44.43,41.27,,0.02,OK,58349.0,583.49,34.82,22055945.0,,,,,,,,,,,,,
에이프릴바이오,2022-07-28,01375822,20220718000098,[발행조건확정]증권신고서(지분증권),general,40.3,48.1,44.2,20000.0,23000.0,21500.0,16000.0,-0.2558,PER,1296000.0,20736000000.0,코스닥,0.0,0.0,37346.0,5.0,ok,542492.0,57.1574,38.41,46.45,42.43,,1.77,MINOR_DIFF,28058.0,280.58,29.58,11533445.0,,,,,,,,,,,,,
아이씨에이치,2022-07-29,01302853,20220718000093,[발행조건확정]증권신고서(지분증권),general,9.7,30.2,19.95,34000.0,44000.0,39000.0,34000.0,-0.1282,PER,1180000.0,40100000000.0,코스닥,0.0,0.0,48729.0,3.0,partial,387283.0,30.2264,,,30.2264,implied,10.2764,MISMATCH_CHECK,,,,,,,,,,,,,,,,,
에스비비테크,2022-10-17,00567897,20221004000084,[발행조건확정]증권신고서(지분증권),general,32.9,45.3,39.1,10100.0,12400.0,11250.0,12400.0,0.1022,PER,54000.0,,코스닥,0.0,0.0,18470.0,3.0,partial,555689.0,32.8641,32.86,45.31,39.085,,0.015,OK,,,,,,,,,,,,,,,,,
샤페론,2022-10-19,01387164,20221005000182,[발행조건확정]증권신고서(지분증권),general,35.3,48.0,41.65,8200.0,10200.0,9200.0,5000.0,-0.4565,PER,2747000.0,13735000000.0,코스닥,0.0,0.0,15758.0,3.0,partial,358224.0,68.2701,35.3,48.0,41.65,,0.0,OK,,,,,,,,,,,,,,,,,
핀텔,2022-10-20,01524507,20221007000272,[발행조건확정]증권신고서(지분증권),general,21.0,33.4,27.2,7500.0,8900.0,8200.0,8900.0,0.0854,PER,60000.0,17800000000.0,코스닥,0.0,0.0,11263.0,5.0,ok,725727.0,20.9802,20.9,32.8,26.85,,0.35,OK,10950.0,109.5,20.5,22055945.0,,,,,,,,,,,,,
플라즈맵,2022-10-21,01575839,20221011000097,[발행조건확정]증권신고서(지분증권),general,31.5,43.9,37.7,9000.0,11000.0,10000.0,7000.0,-0.3,PER,53130.0,12397000000.0,코스닥,0.0,0.0,16057.0,3.0,partial,362330.0,56.4053,31.49,43.95,37.72,,0.02,OK,,,,,,,,,,,,,,,,,
뉴로메카,2022-11-04,01336461,20221025000174,[발행조건확정]증권신고서(지분증권),general,30.1,42.1,36.1,14000.0,16900.0,15450.0,16900.0,0.0939,PER,45000.0,,코스닥,0.0,0.0,24177.0,5.0,ok,657971.0,30.0989,29.69,41.69,35.69,,0.41,OK,14220.76,142.2076,30.41,10967670.0,,,,,,,,,,,,,
엔젯,2022-11-18,01587056,20221108000080,[발행조건확정]증권신고서(지분증권),general,20.2,37.0,28.6,12000.0,15200.0,13600.0,10000.0,-0.2647,PER,63000.0,21000000000.0,코스닥,0.0,0.0,19055.0,3.0,partial,374875.0,47.5203,20.23,37.02,28.625,,0.025,OK,,,,,,,,,,,,,,,,,
인벤티지랩,2022-11-22,01516456,20221110000280,[발행조건확정]증권신고서(지분증권),general,8.6,33.2,20.9,19000.0,26000.0,22500.0,12000.0,-0.4667,PER,,12480000000.0,코스닥,0.0,0.0,28453.0,3.0,partial,595142.0,57.8252,8.62,33.22,20.92,,0.02,OK,,,,,,,,,,,,,,,,,
티이엠씨,2023-01-19,01301252,20230109000347,[발행조건확정]증권신고서(지분증권),general,19.7,32.4,26.05,32000.0,38000.0,35000.0,28000.0,-0.2,PER,31250.0,,코스닥,0.0,0.0,47325.0,3.0,partial,639425.0,40.8347,19.7,32.38,26.04,,0.01,OK,,,,,,,,,,,,,,,,,
오브젠,2023-01-30,01472930,20230113000327,[발행조건확정]증권신고서(지분증권),general,22.2,41.6,31.9,18000.0,24000.0,21000.0,18000.0,-0.1429,PER,23279.0,13967208000.0,코스닥,0.0,0.0,30843.0,3.0,partial,329876.0,41.6399,22.19,41.64,31.915,,0.015,OK,,,,,,,,,,,,,,,,,
샌즈랩,2023-02-15,01242241,20230203000232,[발행조건확정]증권신고서(지분증권),general,14.1,30.5,22.3,8500.0,10500.0,9500.0,10500.0,0.1053,PER,,38850000000.0,코스닥,0.0,0.0,12229.0,3.0,partial,542174.0,14.1385,,,14.1385,implied,8.1615,MISMATCH_CHECK,,,,,,,,,,,,,,,,,
제이오,2023-02-16,00411808,20230206000061,[발행조건확정]증권신고서(지분증권),general,38.6,52.7,45.65,10000.0,13000.0,11500.0,13000.0,0.1304,EV/EBITDA,4000000.0,52000000000.0,코스닥,0.0,0.0,21162.0,3.0,partial,516755.0,38.5691,38.57,52.75,45.66,,0.01,OK,,,,,,,,,,,,,,,,,
자람테크놀로지,2023-03-07,01365038,20230220002105,[발행조건확정]증권신고서(지분증권),general,26.2,40.9,33.55,16000.0,20000.0,18000.0,22000.0,0.2222,PER,,,코스닥,0.0,0.0,27089.0,3.0,partial,336227.0,18.7862,26.14,40.91,33.525,,0.025,OK,,,,,,,,,,,,,,,,,
지아이이노베이션,2023-03-30,01351080,20230320000170,[발행조건확정]증권신고서(지분증권),general,41.2,55.2,48.2,16000.0,21000.0,18500.0,13000.0,-0.2973,PER,2000000.0,26000000000.0,코스닥,0.0,0.0,35705.0,3.0,partial,432507.0,63.5905,41.18,55.19,48.185,,0.015,OK,,,,,,,,,,,,,,,,,
마이크로투나노,2023-04-26,00624378,20230413001207,[발행조건확정]증권신고서(지분증권),general,21.2,31.4,26.3,13500.0,15500.0,14500.0,15500.0,0.069,PER,30000.0,15500000000.0,코스닥,0.0,0.0,19670.0,3.0,partial,385971.0,21.1998,,,21.1998,implied,5.1002,MISMATCH_CHECK,,,,,,,,,,,,,,,,,
에스바이오메딕스,2023-05-04,01258020,20230420000516,[발행조건확정]증권신고서(지분증권),general,52.0,57.3,54.65,16000.0,18000.0,17000.0,18000.0,0.0588,PER,,13500000000.0,코스닥,0.0,0.0,37480.0,3.0,partial,465759.0,51.9744,52.0,57.5,54.75,,0.1,OK,,,,,,,,,,,,,,,,,
씨유박스,2023-05-19,,,,general,33.8,50.9,42.35,,,,,,,,,,,,,,no_rcept_no,,,,,,,,,,,,,,,,,,,,,,,,,
모니터랩,2023-05-19,01583652,20230508000469,[발행조건확정]증권신고서(지분증권),general,30.6,46.9,38.75,7500.0,9800.0,8650.0,9800.0,0.1329,PER,2000000.0,19600000000.0,코스닥,0.0,0.0,,3.0,partial,342877.0,,,,,,,NO_XML_DR,,,,,,,,,,,,,,,,,
큐라티스,2023-06-15,01357765,20230602000188,[발행조건확정]증권신고서(지분증권),general,42.3,53.1,47.7,6500.0,8000.0,7250.0,4000.0,-0.4483,PER,,14000000000.0,코스닥,0.0,0.0,13869.0,3.0,partial,605550.0,71.1587,,,,,,NO_XML_DR,,,,,,,,,,,,,,,,,
프로테옴텍,2023-06-16,,,,general,15.4,30.7,23.05,,,,,,,,,,,,,,no_rcept_no,,,,,,,,,,,,,,,,,,,,,,,,,
오픈놀,2023-06-30,01585155,20230620000336,[기재정정]증권신고서(지분증권),general,13.37,29.41,21.39,,,,10000.0,,PER,1650000.0,,,0.0,0.0,15584.0,3.0,partial,2922514.0,35.8316,13.38,29.42,21.4,,0.01,OK,15117.0,151.17,18.31,1.0,,,,,,,,,,,,,
이노시뮬레이션,2023-07-06,00965318,20230626000073,[발행조건확정]증권신고서(지분증권),general,29.9,39.2,34.55,13000.0,15000.0,14000.0,15000.0,0.0714,PER,900000.0,13500000000.0,코스닥,0.0,0.0,21390.0,3.0,partial,342535.0,29.8738,29.87,39.22,34.545,,0.005,OK,,,,,,,,,,,,,,,,,
센서뷰,2023-07-19,01593668,20230706000211,[발행조건확정]증권신고서(지분증권),general,36.7,49.0,42.85,2900.0,3600.0,3250.0,4500.0,0.3846,PER,3900000.0,17550000000.0,코스닥,0.0,0.0,5685.0,3.0,partial,445275.0,20.8443,,,20.8443,implied,22.0057,MISMATCH_CHECK,,,,,,,,,,,,,,,,,
버넥트,2023-07-26,01605529,20230714000339,[기재정정]증권신고서(지분증권),general,21.9,33.9,27.9,11500.0,13600.0,12550.0,16000.0,0.2749,EV/EBITDA,1920000.0,,코스닥,0.0,0.0,17408.0,4.0,ok,3490948.0,8.0882,21.88,33.94,27.91,,0.01,OK,9956.0,99.56,,,,,,,,,,,,,,,
파로스아이바이오,2023-07-27,01495180,20230713000053,[발행조건확정]증권신고서(지분증권),general,44.4,56.7,50.55,14000.0,18000.0,16000.0,14000.0,-0.125,PER,42000.0,19600000000.0,코스닥,0.0,0.0,32357.0,3.0,partial,349456.0,56.7327,44.37,56.73,50.55,,0.0,OK,,,,,,,,,,,,,,,,,
시지트로닉스,2023-08-03,01284751,20230721000279,[발행조건확정]증권신고서(지분증권),general,40.6,46.5,43.55,18000.0,20000.0,19000.0,25000.0,0.3158,PER,900000.0,,코스닥,0.0,0.0,33651.0,3.0,partial,397255.0,25.708,40.57,46.51,43.54,,0.01,OK,,,,,,,,,,,,,,,,,
파두,2023-08-07,01292291,20230726000458,[발행조건확정]증권신고서(지분증권),general,24.2,36.4,30.3,26000.0,31000.0,28500.0,31000.0,0.0877,PER,6250000.0,193750000000.0,코스닥,0.0,0.0,40912.0,4.0,ok,864182.0,24.2276,24.2,36.4,30.3,,0.0,OK,94820.0,948.2,,,,,,,,,,,,,,,
템즈,2023-08-10,,,,general,32.0,44.8,38.4,,,,,,,,,,,,,,no_rcept_no,,,,,,,,,,,,,,,,,,,,,,,,,
스마트레이더시스템,2023-08-22,01555215,20230809000641,[발행조건확정]증권신고서(지분증권),general,42.2,50.7,46.45,5800.0,6800.0,6300.0,8000.0,0.2698,PER,2220000.0,17760000000.0,코스닥,0.0,0.0,11773.0,3.0,partial,460255.0,32.0479,42.24,50.73,46.485,,0.035,OK,,,,,,,,,,,,,,,,,
시큐레터,2023-08-24,01579570,20230811001329,[발행조건확정]증권신고서(지분증권),general,25.9,35.7,30.8,9200.0,10600.0,9900.0,12000.0,0.2121,PER,1333885.0,16006620000.0,코스닥,0.0,0.0,14313.0,3.0,partial,986493.0,16.1601,26.0,36.0,31.0,,0.2,OK,,,,,,,,,,,,,,,,,
아이엠티,2023-10-10,01546101,20230914000342,[발행조건확정]증권신고서(지분증권),general,40.04,47.53,43.785,10500.0,12000.0,11250.0,14000.0,0.2444,PER,47400.0,22120000000.0,코스닥,0.0,0.0,,3.0,partial,368254.0,,,,,,,NO_XML_DR,,,,,,,,,,,,,,,,,
퀄리타스반도체,2023-10-27,01584183,20231017000136,[발행조건확정]증권신고서(지분증권),general,24.13,34.25,29.19,13000.0,15000.0,14000.0,17000.0,0.2143,PER,54000.0,30600000000.0,코스닥,0.0,0.0,19771.0,3.0,partial,400734.0,14.0155,24.13,34.25,29.19,,0.0,OK,,,,,,,,,,,,,,,,,
쏘닉스,2023-11-07,00561723,20231025000085,[발행조건확정]증권신고서(지분증권),general,24.55,46.1,35.325,5000.0,7000.0,6000.0,7500.0,0.25,PER,3600000.0,27000000000.0,코스닥,0.0,0.0,9277.0,3.0,partial,440855.0,19.1549,24.55,46.1,35.325,,0.0,OK,,,,,,,,,,,,,,,,,
비아이매트릭스,2023-11-09,01462739,20231027000507,[발행조건확정]증권신고서(지분증권),general,15.53,30.12,22.825,,,,,,PER,,15600000000.0,,0.0,0.0,,0.0,fail,75705.0,,,,,,,NO_XML_DR,,,,,,,,,,,,,,,,,
큐로셀,2023-11-09,01492651,20231030000431,[발행조건확정]증권신고서(지분증권),general,21.18,29.88,25.53,29800.0,33500.0,31650.0,20000.0,-0.3681,PER,1600000.0,32000000000.0,코스닥,0.0,0.0,42500.0,3.0,partial,820801.0,52.9412,,,52.9412,implied,27.4112,MISMATCH_CHECK,,,,,,,,,,,,,,,,,
컨텍,2023-11-09,01685251,20231030000344,[발행조건확정]증권신고서(지분증권),general,24.16,31.58,27.87,20300.0,22500.0,21400.0,22500.0,0.0514,PER,2060000.0,46350000000.0,코스닥,0.0,0.0,29668.0,4.0,ok,656347.0,24.1607,24.0,31.5,27.75,,0.12,OK,21936.635,219.3664,,15613041.0,,,,,,,,,,,,,
그린리소스,2023-11-24,01370863,20231110000300,[발행조건확정]증권신고서(지분증권),general,20.2,37.3,28.75,11000.0,14000.0,12500.0,17000.0,0.36,PER,1640000.0,27880000000.0,코스닥,0.0,0.0,17545.0,3.0,partial,426054.0,3.1063,,,,,,NO_XML_DR,,,,,,,,,,,,,,,,,
에이텀,2023-12-01,01444380,20231117000115,[발행조건확정]증권신고서(지분증권),general,25.08,42.56,33.82,23000.0,30000.0,26500.0,18000.0,-0.3208,PER,19500.0,,코스닥,0.0,0.0,40043.0,3.0,partial,345329.0,55.0483,25.08,42.56,33.82,,0.0,OK,,,,,,,,,,,,,,,,,
와이바이오로직스,2023-12-05,01226234,20231121000049,[발행조건확정]증권신고서(지분증권),general,35.81,47.48,41.645,9000.0,11000.0,10000.0,9000.0,-0.1,PER,1500000.0,13500000000.0,코스닥,0.0,0.0,17136.0,3.0,partial,709998.0,47.479,35.8,47.5,41.65,,0.005,OK,,,,,,,,,,,,,,,,,
케이웨더,2024-02-22,00426828,20240208000055,[발행조건확정]증권신고서(지분증권),general,14.08,28.89,21.485,4800.0,5800.0,5300.0,7000.0,0.3208,PER,1000000.0,7000000000.0,코스닥,0.0,0.0,6750.0,3.0,partial,362264.0,-3.7037,14.08,28.89,21.485,,0.0,OK,,,,,,,,,,,,,,,,,
이에이트,2024-02-23,,,,general,24.28,40.65,32.465,,,,,,,,,,,,,,no_rcept_no,,,,,,,,,,,,,,,,,,,,,,,,,
코셈,2024-02-23,01493793,20240206000485,[발행조건확정]증권신고서(지분증권),general,16.65,28.56,22.605,12000.0,14000.0,13000.0,16000.0,0.2308,PER,600000.0,9600000000.0,코스닥,0.0,0.0,16796.0,3.0,partial,682558.0,4.7392,16.65,28.56,22.605,,0.0,OK,,,,,,,,,,,,,,,,,
케이엔알시스템,2024-03-07,00672603,20240223002182,[발행조건확정]증권신고서(지분증권),general,31.37,43.85,37.61,9000.0,11000.0,10000.0,13500.0,0.35,PER,1052000.0,28404000000.0,코스닥,0.0,0.0,16029.0,3.0,partial,358256.0,15.7777,31.37,43.85,37.61,,0.0,OK,,,,,,,,,,,,,,,,,
삼현,2024-03-21,00262266,20240311000468,[발행조건확정]증권신고서(지분증권),general,12.93,30.28,21.605,20000.0,25000.0,22500.0,30000.0,0.3333,PER,2000000.0,60000000000.0,코스닥,0.0,0.0,28685.0,3.0,partial,573898.0,-4.5843,12.93,30.28,21.605,,0.0,OK,,,,,,,,,,,,,,,,,
엔젤로보틱스,2024-03-26,01592049,20240313000679,[발행조건확정]증권신고서(지분증권),general,16.81,38.99,27.9,11000.0,15000.0,13000.0,20000.0,0.5385,PER,1600000.0,32000000000.0,코스닥,0.0,0.0,18030.0,3.0,partial,317697.0,-10.9262,16.81,38.99,27.9,,0.0,OK,,,,,,,,,,,,,,,,,
아이엠비디엑스,2024-04-03,01497373,20240322000928,[발행조건확정]증권신고서(지분증권),general,24.77,41.49,33.13,7700.0,9900.0,8800.0,13000.0,0.4773,PER,2500000.0,32500000000.0,코스닥,0.0,0.0,13160.0,3.0,partial,424337.0,1.2158,24.77,41.49,33.13,,0.0,OK,,,,,,,,,,,,,,,,,
디앤디파마텍,2024-05-02,01376715,20240419000507,[발행조건확정]증권신고서(지분증권),general,40.31,49.49,44.9,22000.0,26000.0,24000.0,33000.0,0.375,PER,1100000.0,36300000000.0,코스닥,0.0,0.0,43555.0,4.0,ok,775557.0,24.2337,40.31,49.49,44.9,,0.0,OK,33297.0,332.97,,11029867.0,,,,,,,,,,,,,
민테크,2024-05-03,01689035,20240422000037,[발행조건확정]증권신고서(지분증권),general,13.62,33.95,23.785,6500.0,8500.0,7500.0,10500.0,0.4,PER,3000000.0,,코스닥,0.0,0.0,9841.0,3.0,partial,370406.0,-6.6965,13.62,33.95,23.785,,0.0,OK,,,,,,,,,,,,,,,,,
아이씨티케이,2024-05-17,01373709,20240503000443,[발행조건확정]증권신고서(지분증권),general,15.0,31.0,23.0,13000.0,16000.0,14500.0,20000.0,0.3793,PER,1970000.0,39400000000.0,코스닥,0.0,0.0,18828.0,3.0,partial,712437.0,-6.2248,,,,,,NO_XML_DR,,,,,,,,,,,,,,,,,
라메디텍,2024-06-17,01504211,20240603000259,[발행조건확정]증권신고서(지분증권),general,10.54,26.75,18.645,10400.0,12700.0,11550.0,16000.0,0.3853,PER,1298000.0,20768000000.0,코스닥,0.0,0.0,14197.0,3.0,partial,491910.0,-12.6999,10.54,26.75,18.645,,0.0,OK,,,,,,,,,,,,,,,,,
한중엔시에스,2024-06-24,00474588,20240607000180,[발행조건확정]증권신고서(지분증권),general,32.6,42.64,37.62,20000.0,23500.0,21750.0,30000.0,0.3793,PER,48000.0,48000000000.0,코스닥,0.0,0.0,34865.0,4.0,ok,632786.0,13.9538,32.31,42.64,37.475,,0.145,OK,14219.0,142.19,,9085013.0,,,,,,,,,,,,,
씨어스테크놀로지,2024-06-19,,,,general,7.6,30.7,19.15,,,,,,,,,,,,,,no_rcept_no,,,,,,,,,,,,,,,,,,,,,,,,,
에이치브이엠,2024-06-28,01011368,20240618000224,[발행조건확정]증권신고서(지분증권),general,17.0,36.0,26.5,11000.0,14200.0,12600.0,18000.0,0.4286,PER,2400000.0,43200000000.0,코스닥,0.0,0.0,17139.0,3.0,partial,604048.0,-5.0236,17.0,36.0,26.5,,0.0,OK,,,,,,,,,,,,,,,,,
이노스페이스,2024-07-02,01700587,20240619000220,[발행조건확정]증권신고서(지분증권),general,25.0,37.0,31.0,36400.0,43300.0,39850.0,43300.0,0.0866,PER,1330000.0,57589000000.0,코스닥,0.0,0.0,57754.0,4.0,ok,751951.0,25.0268,25.0,37.0,31.0,,0.0,OK,12999.0,129.99,,9520072.0,,,,,,,,,,,,,
하스,2024-07-03,01663569,20240621000067,[발행조건확정]증권신고서(지분증권),general,11.72,33.79,22.755,9000.0,12000.0,10500.0,16000.0,0.5238,PER,1810000.0,28960000000.0,코스닥,0.0,0.0,13594.0,4.0,ok,550795.0,-17.699,11.72,33.79,22.755,,0.0,OK,6320.0,63.2,,8376603.0,,,,,,,,,,,,,
엑셀세라퓨틱스,2024-07-15,01492217,20240702000251,[발행조건확정]증권신고서(지분증권),general,24.4,39.13,31.765,6200.0,7700.0,6950.0,10000.0,0.4388,PER,1618000.0,,코스닥,0.0,0.0,10186.0,3.0,partial,509261.0,1.826,24.4,39.13,31.765,,0.0,OK,,,,,,,,,,,,,,,,,
피앤에스미캐닉스,2024-07-31,,,,general,24.41,37.75,31.08,,,,,,,,,,,,,,no_rcept_no,,,,,,,,,,,,,,,,,,,,,,,,,
아이빔테크놀로지,2024-08-06,01678312,20240723000178,[발행조건확정]증권신고서(지분증권),general,23.9,34.6,29.25,7300.0,8500.0,7900.0,10000.0,0.2658,PER,2234000.0,22340000000.0,코스닥,0.0,0.0,11170.0,4.0,ok,689634.0,10.4745,23.9,34.6,29.25,,0.0,OK,,,29.7,15749370.0,,,,,,,,,,,,,
뱅크웨어글로벌,2024-08-12,01138595,20240731000209,[발행조건확정]증권신고서(지분증권),general,27.93,39.31,33.62,16000.0,19000.0,17500.0,16000.0,-0.0857,PER,1400000.0,,코스닥,0.0,0.0,26361.0,3.0,partial,348349.0,39.3043,27.93,39.31,33.62,,0.0,OK,,,,,,,,,,,,,,,,,
케이쓰리아이,2024-08-20,01689266,20240807000196,[첨부정정]증권신고서(지분증권),general,22.85,37.78,30.315,,,,,,,,,,,,,,download_failed,,,,,,,,,,,,,,,,,,,,,,,,,
넥스트바이오메디컬,2024-08-20,01385050,20240806000195,[발행조건확정]증권신고서(지분증권),general,30.6,42.56,36.58,24000.0,29000.0,26500.0,29000.0,0.0943,PER,1000000.0,29000000000.0,코스닥,0.0,0.0,417843.0,4.0,ok,519073.0,93.0596,30.6,42.56,36.58,,0.0,OK,18360.0,183.6,,,,,,,,,,,,,,,
이엔셀,2024-08-23,01544468,20240809000231,[발행조건확정]증권신고서(지분증권),general,23.45,31.96,27.705,13600.0,15300.0,14450.0,15300.0,0.0588,PER,1566800.0,23972040000.0,코스닥,0.0,0.0,19988.0,4.0,ok,691023.0,23.4541,23.46,31.96,27.71,,0.005,OK,7335.0,73.35,,11181016.0,,,,,,,,,,,,,
아이언디바이스,2024-09-23,01706794,20240906000321,[발행조건확정]증권신고서(지분증권),general,25.45,35.91,30.68,4900.0,5700.0,5300.0,7000.0,0.3208,PER,3000000.0,21000000000.0,코스닥,0.0,0.0,7646.0,3.0,partial,434285.0,8.4489,25.45,35.91,30.68,,0.0,OK,,,,,,,,,,,,,,,,,
셀비온,2024-10-16,01275489,20241004000196,[발행조건확정]증권신고서(지분증권),general,41.32,51.1,46.21,10000.0,12200.0,11100.0,15000.0,0.3514,PER,1911000.0,28665000000.0,코스닥,0.0,0.0,20449.0,3.0,partial,400235.0,26.6468,40.5,51.0,45.75,,0.46,OK,,,,,,,,,,,,,,,,,
루미르,2024-10-21,01636565,20241008000444,[발행조건확정]증권신고서(지분증권),general,21.36,36.7,29.03,16500.0,20500.0,18500.0,12000.0,-0.3514,PER,2400000.0,28800000000.0,코스닥,0.0,0.0,26068.0,5.0,ok,689910.0,53.9665,21.36,36.7,29.03,,0.0,OK,17652.0,176.52,28.35,19198502.0,,,,,,,,,,,,,
씨메스,2024-10-24,01588189,20241014000121,[기재정정]증권신고서(지분증권),general,15.71,29.76,22.735,20000.0,24000.0,22000.0,30000.0,0.3636,PER,2600000.0,,코스닥,0.0,0.0,28472.0,5.0,ok,3914502.0,-5.3667,15.71,29.76,22.735,,0.0,OK,7556.0,75.56,45.12,11972920.0,,,,,,,,,,,,,
웨이비스,2024-10-25,01270749,20241016000084,[발행조건확정]증권신고서(지분증권),general,17.97,27.81,22.89,11000.0,12500.0,11750.0,15000.0,0.2766,PER,1490000.0,22350000000.0,코스닥,0.0,0.0,15238.0,3.0,partial,412137.0,1.5619,18.35,28.15,23.25,,0.36,OK,,,,,,,,,,,,,,,,,
클로봇,2024-10-28,01784914,20241015000370,[발행조건확정]증권신고서(지분증권),general,25.22,35.51,30.365,9400.0,10900.0,10150.0,13000.0,0.2808,PER,3000000.0,39000000000.0,코스닥,0.0,0.0,14576.0,4.0,ok,916263.0,10.8123,25.22,35.51,30.365,,0.0,OK,9245.0,92.45,,25136306.0,,,,,,,,,,,,,
에이치이엠파마,2024-11-05,,,,general,24.72,35.02,29.87,,,,,,,,,,,,,,no_rcept_no,,,,,,,,,,,,,,,,,,,,,,,,,
토모큐브,2024-11-07,01573336,20241025000261,[발행조건확정]증권신고서(지분증권),general,14.51,30.46,22.485,10900.0,13400.0,12150.0,16000.0,0.3169,PER,2000000.0,32000000000.0,코스닥,0.0,0.0,15675.0,3.0,partial,419308.0,-2.0734,14.51,30.46,22.485,,0.0,OK,,,,,,,,,,,,,,,,,
에어레인,2024-11-08,01663116,20241023000152,[발행조건확정]증권신고서(지분증권),general,30.8,40.15,35.475,16000.0,18500.0,17250.0,23000.0,0.3333,PER,,,코스닥,0.0,0.0,27878.0,3.0,partial,452311.0,17.4977,30.8,40.15,35.475,,0.0,OK,,,,,,,,,,,,,,,,,
쓰리빌리언,2024-11-14,01506617,20241101000139,[발행조건확정]증권신고서(지분증권),general,11.15,38.49,24.82,4500.0,6500.0,5500.0,4500.0,-0.1818,PER,3200000.0,14400000000.0,코스닥,0.0,0.0,7315.0,4.0,ok,520768.0,38.4826,11.15,38.49,24.82,,0.0,OK,8712.0,87.12,,31770176.0,,,,,,,,,,,,,
온코크로스,2024-12-18,01423916,20241205000549,[발행조건확정]증권신고서(지분증권),general,15.18,30.35,22.765,10100.0,12300.0,11200.0,7300.0,-0.3482,PER,1423000.0,10387900000.0,코스닥,0.0,0.0,14502.0,4.0,ok,451209.0,49.6621,15.18,30.35,22.765,,0.0,OK,9904.0,99.04,,12666957.0,,,,,,,,,,,,,
온코닉테라퓨틱스,2024-12-19,01632912,20241205000262,[발행조건확정]증권신고서(지분증권),general,24.44,32.83,28.635,16000.0,18000.0,17000.0,13000.0,-0.2353,PER,46500.0,20150000000.0,코스닥,0.0,0.0,23821.0,4.0,ok,492449.0,45.4263,,,45.4263,implied,16.7913,MISMATCH_CHECK,,,24.82,11569460.0,,,,,,,,,,,,,
쓰리에이로직스,2024-12-24,00870065,20241212000606,[발행조건확정]증권신고서(지분증권),general,45.4,52.9,49.15,15700.0,18200.0,16950.0,11000.0,-0.351,PER,1857400.0,20431400000.0,코스닥,0.0,0.0,,3.0,partial,488615.0,,45.4,52.9,49.15,,0.0,OK,,,,,,,,,,,,,,,,,
파인메딕스,2024-12-26,01455410,20241213000142,[발행조건확정]증권신고서(지분증권),general,32.81,39.53,36.17,9000.0,10000.0,9500.0,10000.0,0.0526,PER,900000.0,9000000000.0,코스닥,0.0,0.0,14883.0,4.0,ok,369723.0,32.8092,32.81,39.53,36.17,,0.0,OK,4754.0,47.54,,5704900.0,,,,,,,,,,,,,
와이즈넛,2025-01-24,00351427,20250114000177,[기재정정]증권신고서(지분증권),general,29.08,34.53,31.805,24000.0,26000.0,25000.0,17000.0,-0.32,PER,900000.0,,,0.0,0.0,36659.0,5.0,ok,4046706.0,53.6267,29.08,34.53,31.805,,0.0,OK,13559.0,135.59,35.61,13170452.0,,,,,,,,,,,,,
아이지넷,2025-02-04,01728167,20250117000291,[발행조건확정]증권신고서(지분증권),general,26.96,37.39,32.175,6000.0,7000.0,6500.0,7000.0,0.0769,PER,60000.0,14000000000.0,코스닥,0.0,0.0,9584.0,4.0,ok,607751.0,26.9616,26.96,37.39,32.175,,0.0,OK,6703.0,67.03,,18304437.0,,,,,,,,,,,,,
아이에스티이,2025-02-12,01208751,20250131000259,[발행조건확정]증권신고서(지분증권),general,38.0,47.5,42.75,9700.0,11400.0,10550.0,11400.0,0.0806,PER,1300000.0,14820000000.0,코스닥,0.0,0.0,18535.0,3.0,partial,695375.0,38.4947,,,38.4947,implied,4.2553,MISMATCH_CHECK,,,,,,,,,,,,,,,,,
오름테라퓨틱,2025-02-14,01658831,20250203000294,[발행조건확정]증권신고서(지분증권),general,65.27,72.22,68.745,24000.0,30000.0,27000.0,20000.0,-0.2593,PER,2500000.0,50000000000.0,코스닥,0.0,0.0,86388.0,4.0,ok,530241.0,76.8486,65.27,72.22,68.745,,0.0,OK,99290.1169,992.9012,,22136419.0,,,,,,,,,,,,,
오가노이드사이언스,2025-05-09,01626391,20250424000315,[발행조건확정]증권신고서(지분증권),general,18.88,34.33,26.605,17000.0,21000.0,19000.0,21000.0,0.1053,PER,36000.0,25200000000.0,코스닥,0.0,0.0,25888.0,4.0,ok,375349.0,18.8813,18.88,34.33,26.605,,0.0,OK,10305.0,103.05,,6854655.0,,,,,,,,,,,,,
이뮨온시아,2025-05-19,01203659,20250430001250,[발행조건확정]증권신고서(지분증권),general,32.09,43.3,37.695,3000.0,3600.0,3300.0,3600.0,0.0909,PER,9140482.0,32905735200.0,코스닥,0.0,0.0,5301.0,4.0,ok,538141.0,32.0883,32.09,43.4,37.745,,0.05,OK,21163.0,211.63,,76571829.0,,,,,,,,,,,,,
인투셀,2025-05-23,01374443,20250512000686,[발행조건확정]증권신고서(지분증권),general,25.8,45.4,35.6,12500.0,17000.0,14750.0,17000.0,0.1525,PER,1500000.0,25500000000.0,코스닥,0.0,0.0,22900.0,3.0,partial,559430.0,25.7642,,,25.7642,implied,9.8358,MISMATCH_CHECK,,,,,,,,,,,,,,,,,
링크솔루션,2025-06-10,01764099,20250526000299,[발행조건확정]증권신고서(지분증권),general,42.87,50.32,46.595,20000.0,23000.0,21500.0,23000.0,0.0698,PER,,20700000000.0,코스닥,0.0,0.0,40259.0,5.0,ok,426880.0,42.8699,42.87,50.32,46.595,,0.0,OK,7771.0,77.71,30.08,5806432.0,,,,,,,,,,,,,
지씨지놈,2025-06-11,01432598,20250527000209,[발행조건확정]증권신고서(지분증권),general,25.74,36.35,31.045,9000.0,10500.0,9750.0,10500.0,0.0769,PER,4000000.0,42000000000.0,코스닥,0.0,0.0,14140.0,5.0,ok,741093.0,25.7426,25.74,36.35,31.045,,0.0,OK,13066.0,130.66,26.04,,,,,,,,,,,,,,
지에프씨생명과학,2025-06-30,01221752,20250618000255,[발행조건확정]증권신고서(지분증권),general,29.06,42.97,36.015,12300.0,15300.0,13800.0,15300.0,0.1087,PER,784000.0,11995200000.0,코스닥,0.0,0.0,21569.0,3.0,partial,684316.0,29.0649,,,29.0649,implied,6.9501,MISMATCH_CHECK,,,,5438311.0,,,,,,,,,,,,,
뉴엔에이아이,2025-07-04,,,,general,26.06,35.92,30.99,,,,,,,,,,,,,,no_rcept_no,,,,,,,,,,,,,,,,,,,,,,,,,
아우토크립트,2025-07-15,01649620,20250702000145,[기재정정]증권신고서(지분증권),general,21.59,33.35,27.47,18700.0,22000.0,20350.0,22000.0,0.0811,PER,1400000.0,,코스닥,0.0,0.0,28058.0,5.0,ok,4902418.0,21.591,21.7,33.5,27.6,,0.13,OK,17608.0,176.08,23.58,10076324.0,,,,,,,,,,,,,
뉴로핏,2025-07-25,01782004,20250714000224,[발행조건확정]증권신고서(지분증권),general,24.76,38.74,31.75,11400.0,14000.0,12700.0,14000.0,0.1024,PER,2000000.0,28000000000.0,코스닥,0.0,0.0,18608.0,3.0,partial,745705.0,24.7635,24.76,38.74,31.75,,0.0,OK,,,,,,,,,,,,,,,,,
프로티나,2025-07-29,01688568,20250716000125,[발행조건확정]증권신고서(지분증권),general,28.72,43.99,36.355,11000.0,14000.0,12500.0,14000.0,0.12,PER,45000.0,21000000000.0,코스닥,0.0,0.0,19641.0,3.0,partial,532810.0,28.7205,,,28.7205,implied,7.6345,MISMATCH_CHECK,,,,11435950.0,,,,,,,,,,,,,
지투지바이오,2025-08-14,01577952,20250804000127,[발행조건확정]증권신고서(지분증권),general,42.91,52.76,47.835,48000.0,58000.0,53000.0,58000.0,0.0943,PER,900000.0,52200000000.0,코스닥,0.0,0.0,101600.0,3.0,partial,1167808.0,42.9134,,,42.9134,implied,4.9216,MISMATCH_CHECK,,,,,,,,,,,,,,,,,
큐리옥스바이오시스,2023-08-10,01498974,20230731000302,[발행조건확정]증권신고서(지분증권),general,32.0,44.8,38.4,13000.0,16000.0,14500.0,13000.0,-0.1034,PER,,18200000000.0,코스닥,0.0,0.0,23538.0,3.0,partial,313527.0,44.7702,,,44.7702,implied,6.3702,MISMATCH_CHECK,,,,,,,,,,,,,,,,,
에스오에스랩,2024-06-25,01686427,20240612000332,[발행조건확정]증권신고서(지분증권),general,34.53,45.44,39.985,7500.0,9000.0,8250.0,11500.0,0.3939,PER,2000000.0,23000000000.0,코스닥,0.0,0.0,13747.0,3.0,partial,583517.0,16.3454,34.53,45.44,39.985,,0.0,OK,,,,17991970.0,,,,,,,,,,,,,
뉴엔AI,2025-07-04,01639508,20250620000288,[발행조건확정]증권신고서(지분증권),general,26.06,35.92,30.99,13000.0,15000.0,14000.0,15000.0,0.0714,EV/EBITDA,2220000.0,33300000000.0,코스닥,0.0,0.0,20287.0,3.0,partial,647823.0,26.061,26.06,35.92,30.99,,0.0,OK,,,,,,,,,,,,,,,,,
그래피,2025-08-25,01565054,20250808000191,[발행조건확정]증권신고서(지분증권),general,32.39,42.53,37.46,17000.0,20000.0,18500.0,15000.0,-0.1892,PER,1950000.0,29250000000.0,코스닥,0.0,0.0,29581.0,5.0,ok,852612.0,49.2918,32.39,42.53,37.46,,0.0,OK,11776.0,117.76,28.96,11528547.0,,,,,,,,,,,,,
에스투더블유,2025-09-19,01803635,20250909000313,[발행조건확정]증권신고서(지분증권),general,24.05,34.65,29.35,11400.0,13200.0,12300.0,13200.0,0.0732,PER,1580000.0,20856000000.0,코스닥,0.0,0.0,17399.0,4.0,ok,444263.0,24.1336,24.05,34.65,29.35,,0.0,OK,,,19.36,11058366.0,,,,,,,,,,,,,
바이오비쥬,2025-05-20,01657197,20250502000293,[발행조건확정]증권신고서(지분증권),general,31.42,39.67,35.545,8000.0,9100.0,8550.0,9100.0,0.0643,PER,3000000.0,27300000000.0,코스닥,0.0,0.0,13342.0,5.0,ok,507002.0,31.7943,31.42,39.67,35.545,,0.0,OK,8120.0,81.2,25.51,15524430.0,,,,,,,,,,,,,
원일티엔아이,2025-05-09,00488244,20250423000260,[발행조건확정]증권신고서(지분증권),general,41.12,49.54,45.33,11500.0,13500.0,12500.0,13500.0,0.08,PER,1200000.0,16200000000.0,코스닥,0.0,0.0,22929.0,5.0,ok,549270.0,41.1226,41.12,49.84,45.48,,0.15,OK,7871.0,78.71,24.42,8381030.0,,,,,,,,,,,,,
한국피아이엠,2025-04-04,00765897,20250324000424,[발행조건확정]증권신고서(지분증권),general,30.59,42.37,36.48,9300.0,11200.0,10250.0,11200.0,0.0927,EV/EBITDA,65000.0,14560000000.0,코스닥,0.0,0.0,16136.0,5.0,ok,712141.0,30.59,30.59,42.37,36.48,,0.0,OK,9062.292,90.6229,11.81,6080457.0,,,EBITDA,,,,,,,,,,
에이유브랜즈,2025-04-03,01803927,20250321000213,[발행조건확정]증권신고서(지분증권),general,8.79,20.19,14.49,14000.0,16000.0,15000.0,16000.0,0.0667,PER,60000.0,32000000000.0,코스닥,0.0,0.0,17542.0,5.0,ok,590422.0,8.7903,8.79,20.19,14.49,,0.0,OK,10658.266,106.5827,23.47,14260000.0,,,,,,,,,,,,,
더즌,2025-03-24,01563667,20250311000714,[발행조건확정]증권신고서(지분증권),general,24.41,36.51,30.46,10500.0,12500.0,11500.0,9000.0,-0.2174,PER,2500000.0,22500000000.0,코스닥,0.0,0.0,16537.0,5.0,ok,450457.0,45.5766,24.41,36.51,30.46,,0.0,OK,11760.417,117.6042,33.7,23967758.0,,,,,,,,,,,,,
한텍,2025-03-20,00404941,20250305000408,[발행조건확정]증권신고서(지분증권),general,43.0,51.5,47.25,9200.0,10800.0,10000.0,10800.0,0.08,PER,3309000.0,35737200000.0,코스닥,0.0,0.0,19102.0,5.0,ok,548002.0,43.4614,43.0,51.5,47.25,,0.0,OK,16392.6221,163.9262,14.07,11127819.0,,,,,,,,,,,,,
티엑스알로보틱스,2025-03-20,01458161,20250307001078,[발행조건확정]증권신고서(지분증권),general,25.49,36.53,31.01,11500.0,13500.0,12500.0,13500.0,0.08,PER,3075400.0,41517900000.0,코스닥,0.0,0.0,18119.0,3.0,partial,1093809.0,25.4926,25.49,36.53,31.01,,0.0,OK,,,,11453434.0,,,,,,,,,,,,,
엠디바이스,2025-03-07,01022142,20250221000431,[발행조건확정]증권신고서(지분증권),general,40.11,48.36,44.235,7200.0,8350.0,7775.0,8350.0,0.074,PER,1260000.0,10521000000.0,코스닥,0.0,0.0,13942.0,5.0,ok,855116.0,40.109,40.11,48.36,44.235,,0.0,OK,9385.0,93.85,15.95,,,,,,,,,,,,,,
대진첨단소재,2025-03-06,01549472,20250219001498,[발행조건확정]증권신고서(지분증권),general,30.11,41.4,35.755,10900.0,13000.0,11950.0,9000.0,-0.2469,EV/EBITDA,3000000.0,27000000000.0,코스닥,0.0,0.0,19200.0,4.0,ok,730567.0,53.125,32.29,43.23,37.76,,2.005,MINOR_DIFF,,,31.54,16504372.0,,,,,,,,,,,,,
엘케이켐,2025-02-25,01747977,20250212000695,[발행조건확정]증권신고서(지분증권),general,29.73,39.77,34.75,18000.0,21000.0,19500.0,21000.0,0.0769,PER,,21000000000.0,코스닥,0.0,0.0,29883.0,4.0,ok,393939.0,29.7259,29.73,39.76,34.745,,0.005,OK,8197.0,81.97,,6424676.0,,,,,,,,,,,,,
위너스,2025-02-24,,,,general,17.19,26.93,22.06,,,,,,,,,,,,,,no_rcept_no,,,,,,,,,,,,,,,,,,,,,,,,,
모티브링크,2025-02-20,00367400,20250210000466,[발행조건확정]증권신고서(지분증권),general,16.98,29.43,23.205,5100.0,6000.0,5550.0,6000.0,0.0811,PER,3020590.0,18123540000.0,코스닥,0.0,0.0,7227.0,4.0,ok,507340.0,16.978,17.53,29.88,23.705,,0.5,OK,3204.0,32.04,,12390358.0,,,,,,,,,,,,,
동국생명과학,2025-02-17,01233465,20250131000480,[발행조건확정]증권신고서(지분증권),general,11.2,21.75,16.475,12600.0,14300.0,13450.0,9000.0,-0.3309,EV/EBITDA,2000000.0,18000000000.0,코스닥,0.0,0.0,16103.0,4.0,ok,624274.0,44.1098,11.26,21.5,16.38,,0.095,OK,,,14.82,15992070.0,,,,,,,,,,,,,
동방메디컬,2025-02-13,01073261,20250124000579,[발행조건확정]증권신고서(지분증권),general,38.78,47.53,43.155,9000.0,10500.0,9750.0,10500.0,0.0769,EV/EBITDA,3000000.0,31500000000.0,코스닥,0.0,0.0,17152.0,5.0,ok,488569.0,38.7826,40.63,49.11,44.87,,1.715,MINOR_DIFF,22301.155,223.0115,17.58,21226940.0,69.0,25.0,EBITDA,,,,,,,,,,
피아이이,2025-02-04,01429220,20250116000121,[발행조건확정]증권신고서(지분증권),general,23.97,39.17,31.57,4000.0,5000.0,4500.0,5000.0,0.1111,PER,3600000.0,14400000000.0,코스닥,0.0,0.0,6576.0,4.0,ok,458502.0,23.9659,23.96,39.17,31.565,,0.005,OK,11981.0,119.81,,36201000.0,,,,,,,,,,,,,
삼양엔씨켐,2025-02-03,00863533,20250114000181,[발행조건확정]증권신고서(지분증권),general,17.75,26.89,22.32,16000.0,18000.0,17000.0,18000.0,0.0588,EV/EBITDA,1100000.0,19800000000.0,코스닥,0.0,0.0,21884.0,4.0,ok,463573.0,17.7481,17.7,26.9,22.3,,0.02,OK,16121.0,161.21,,10830140.0,,,EBITDA,,,,,,,,,,
아스테라시스,2025-01-24,01590528,20250113000245,[발행조건확정]증권신고서(지분증권),general,13.7,24.95,19.325,4000.0,4600.0,4300.0,4600.0,0.0698,PER,3650000.0,16790000000.0,코스닥,0.0,0.0,5330.0,4.0,ok,395677.0,13.6961,13.7,24.95,19.325,,0.0,OK,,,31.89,36514642.0,,,,,,,,,,,,,
미트박스,2025-01-23,01374717,20250110000703,[발행조건확정]증권신고서(지분증권),general,29.18,41.5,35.34,19000.0,23000.0,21000.0,19000.0,-0.0952,PER,1000000.0,19000000000.0,코스닥,0.0,0.0,32478.0,3.0,partial,467403.0,41.4989,29.18,41.5,35.34,,0.0,OK,,,,5642150.0,,,,,,,,,,,,,
듀켐바이오,2024-12-20,00867034,20241210000172,[발행조건확정]증권신고서(지분증권),general,30.99,39.8,35.395,,,,8000.0,,PER,1430000.0,11440000000.0,,0.0,0.0,,1.0,fail,165556.0,,,,,,,NO_XML_DR,,,,,,,,,,,,,,,,,
벡트,2024-12-16,01453944,20241203000034,[발행조건확정]증권신고서(지분증권),general,23.7,31.53,27.615,3500.0,3900.0,3700.0,3900.0,0.0541,PER,4750000.0,18525000000.0,코스닥,0.0,0.0,,5.0,ok,579711.0,,23.7,31.53,27.615,,0.0,OK,3174.0,31.74,22.08,,,,,,,,,,,,,,
위츠,2024-11-20,01445440,20241105000117,[발행조건확정]증권신고서(지분증권),general,14.77,29.42,22.095,5300.0,6400.0,5850.0,6400.0,0.094,PER,3000000.0,19200000000.0,코스닥,0.0,0.0,7509.0,5.0,ok,509602.0,14.7689,14.76,29.41,22.085,,0.01,OK,5107.0,51.07,18.6,12652000.0,,,,,,,,,,,,,
사이냅소프트,2024-11-19,01207901,20241106000152,[발행조건확정]증권신고서(지분증권),general,27.98,38.26,33.12,21000.0,24500.0,22750.0,24500.0,0.0769,PER,1010000.0,24745000000.0,코스닥,0.0,0.0,34016.0,5.0,ok,450847.0,27.9751,27.98,38.26,33.12,,0.0,OK,6809.0,68.09,25.2,5037023.0,,,,,,,,,,,,,
엠오티,2024-11-18,01563922,20241106000087,[발행조건확정]증권신고서(지분증권),general,6.48,19.84,13.16,12000.0,14000.0,13000.0,10000.0,-0.2308,PER,1750000.0,17500000000.0,코스닥,0.0,0.0,14970.0,4.0,ok,620383.0,33.1997,6.48,19.84,13.16,,0.0,OK,7023.0,70.23,,12174580.0,,,,,,,,,,,,,
닷밀,2024-11-13,01605282,20241101000289,[발행조건확정]증권신고서(지분증권),general,20.91,33.08,26.995,11000.0,13000.0,12000.0,13000.0,0.0833,PER,1200000.0,,코스닥,0.0,0.0,16438.0,3.0,partial,457533.0,20.915,20.91,33.08,26.995,,0.0,OK,,,,9438054.0,,,,,,,,,,,,,
탑런토탈솔루션,2024-11-01,00814582,20241022000214,[발행조건확정]증권신고서(지분증권),general,37.85,46.73,42.29,,,,18000.0,,PER,2500000.0,45000000000.0,,0.0,0.0,,1.0,fail,159825.0,,,,,,,NO_XML_DR,,,,,,,,,,,,,,,,,
에이럭스,2024-11-01,01641600,20241021000237,[발행조건확정]증권신고서(지분증권),general,13.41,26.24,19.825,11500.0,13500.0,12500.0,16000.0,0.28,PER,1500000.0,24000000000.0,코스닥,0.0,0.0,15591.0,5.0,ok,695495.0,-2.6233,13.41,26.24,19.825,,0.0,OK,4169.567,41.6957,51.56,13789430.0,,,,,,,,,,,,,
성우,2024-10-31,00319272,20241018000189,[발행조건확정]증권신고서(지분증권),general,14.03,25.89,19.96,25000.0,29000.0,27000.0,32000.0,0.1852,PER,3000000.0,96000000000.0,코스닥,0.0,0.0,33732.0,4.0,ok,522577.0,5.1346,14.03,25.89,19.96,,0.0,OK,25518.0,255.18,,15076980.0,,,,,,,,,,,,,
에이치엔에스하이텍,2024-10-25,00311216,20241011000542,[발행조건확정]증권신고서(지분증권),general,19.37,31.78,25.575,22000.0,26000.0,24000.0,22000.0,-0.0833,PER,500000.0,,코스닥,0.0,0.0,32247.0,4.0,ok,390590.0,31.7766,19.37,31.78,25.575,,0.0,OK,13082.172,130.8217,,8061064.0,,,,,,,,,,,,,
한켐,2024-10-22,01016309,20241002000203,[발행조건확정]증권신고서(지분증권),general,18.89,30.08,24.485,12500.0,14500.0,13500.0,18000.0,0.3333,PER,,,코스닥,0.0,0.0,17878.0,4.0,ok,506667.0,-0.6824,18.9,30.08,24.49,,0.005,OK,5366.0,53.66,,8067134.0,,,,,,,,,,,,,
와이제이링크,2024-10-18,01023211,20241007000466,[발행조건확정]증권신고서(지분증권),general,23.05,32.47,27.76,8600.0,9800.0,9200.0,12000.0,0.3043,PER,3560000.0,42720000000.0,코스닥,0.0,0.0,12714.0,5.0,ok,931540.0,5.6159,22.92,32.36,27.64,,0.12,OK,7054.0,70.54,32.23,14317240.0,,,,,,,,,,,,,
인스피언,2024-10-18,01284876,20241002000231,[발행조건확정]증권신고서(지분증권),general,16.37,33.1,24.735,8000.0,10000.0,9000.0,12000.0,0.3333,PER,2250000.0,27000000000.0,코스닥,0.0,0.0,11958.0,4.0,ok,568369.0,-0.3512,16.38,33.1,24.74,,0.005,OK,3947.766,39.4777,,10137772.0,,,,,,,,,,,,,
제닉스,2024-09-30,01293485,20240913000388,[발행조건확정]증권신고서(지분증권),general,23.44,36.95,30.195,28000.0,34000.0,31000.0,40000.0,0.2903,PER,,,코스닥,0.0,0.0,44411.0,4.0,ok,462626.0,9.9322,23.44,36.95,30.195,,0.0,OK,6891.0,68.91,,4442640.0,,,,,,,,,,,,,
아이스크림미디어,2024-08-30,00657224,20240820000053,[발행조건확정]증권신고서(지분증권),general,9.41,27.89,18.65,32000.0,40200.0,36100.0,32000.0,-0.1136,PER,2460000.0,,코스닥,0.0,0.0,44374.0,4.0,ok,302356.0,27.8857,9.41,27.89,18.65,,0.0,OK,28279.0,282.79,,13678433.0,,,,,,,,,,,,,
M83,2024-08-22,01704680,20240809000437,[발행조건확정]증권신고서(지분증권),general,33.63,43.84,38.735,11000.0,13000.0,12000.0,16000.0,0.3333,PER,,,코스닥,0.0,0.0,19588.0,4.0,ok,521727.0,18.3173,33.63,43.84,38.735,,0.0,OK,6406.0,64.06,,8270400.0,,,,,,,,,,,,,
티디에스팜,2024-08-21,01232192,20240808000209,[발행조건확정]증권신고서(지분증권),general,11.86,21.75,16.805,9500.0,10700.0,10100.0,13000.0,0.2871,PER,1000000.0,13000000000.0,코스닥,0.0,0.0,12140.0,4.0,ok,513642.0,-7.084,11.86,21.75,16.805,,0.0,OK,4392.286,43.9229,,5530000.0,,,,,,,,,,,,,
유라클,2024-08-16,00407294,20240805000135,[발행조건확정]증권신고서(지분증권),general,22.74,33.78,28.26,18000.0,21000.0,19500.0,21000.0,0.0769,PER,751000.0,15771000000.0,코스닥,0.0,0.0,27181.0,5.0,ok,455422.0,22.7401,22.74,33.78,28.26,,0.0,OK,4475.0,44.75,26.56,4372368.0,,,,,,,,,,,,,
하이젠알앤엠,2024-06-27,00650771,20240617000110,[발행조건확정]증권신고서(지분증권),general,19.13,33.83,26.48,4500.0,5500.0,5000.0,7000.0,0.4,EV/EBITDA,3400000.0,,코스닥,0.0,0.0,6801.0,4.0,ok,575891.0,-2.926,19.13,33.83,26.48,,0.0,OK,,,33.44,,,,,,,,,,,,,,
그리드위즈,2024-06-14,01299203,20240531001586,[발행조건확정]증권신고서(지분증권),general,43.11,51.65,47.38,34000.0,40000.0,37000.0,40000.0,0.0811,PER,1400000.0,56000000000.0,코스닥,0.0,0.0,70315.0,3.0,partial,669538.0,43.1131,43.11,51.65,47.38,,0.0,OK,,,,,,,,,,,,,,,,,
노브랜드,2024-05-24,00305941,20240510000090,[발행조건확정]증권신고서(지분증권),general,14.45,32.34,23.395,8700.0,11000.0,9850.0,14000.0,0.4213,PER,1200000.0,16800000000.0,코스닥,0.0,0.0,12858.0,3.0,partial,622237.0,-8.8816,14.45,32.34,23.395,,0.0,OK,,,,9950113.0,,,,,,,,,,,,,
코칩,2024-05-07,00446901,20240423000279,[발행조건확정]증권신고서(지분증권),general,9.08,28.57,18.825,11000.0,14000.0,12500.0,18000.0,0.44,EV/EBITDA,1500000.0,18000.0,코스닥,0.0,0.0,15399.0,4.0,ok,652369.0,-16.8907,9.08,28.57,18.825,,0.0,OK,,,22.52,,,,,,,,,,,,,,
오상헬스케어,2024-03-13,00260657,20240229002403,[기재정정]증권신고서(지분증권),general,39.89,47.91,43.9,13000.0,15000.0,14000.0,20000.0,0.4286,PER,990000.0,,,0.0,0.0,24954.0,5.0,ok,4526431.0,19.8525,39.89,47.91,43.9,,0.0,OK,1210.0,12.1,78.34,14989416.0,,,,,,,,,,,,,
스튜디오삼익,2024-02-06,01540815,20240124000150,[발행조건확정]증권신고서(지분증권),general,19.62,29.36,24.49,14500.0,16500.0,15500.0,18000.0,0.1613,PER,,15300000000.0,코스닥,0.0,0.0,20526.0,3.0,partial,400382.0,12.3063,19.62,29.36,24.49,,0.0,OK,,,,,,,,,,,,,,,,,
이닉스,2024-02-01,00338170,20240119000136,[발행조건확정]증권신고서(지분증권),general,21.93,34.71,28.32,9200.0,11000.0,10100.0,14000.0,0.3861,PER,3000000.0,42000000000.0,코스닥,0.0,0.0,14090.0,3.0,partial,612198.0,0.6388,21.93,34.71,28.32,,0.0,OK,,,,,,,,,,,,,,,,,
포스뱅크,2024-01-29,00862312,20240115000358,[발행조건확정]증권신고서(지분증권),general,17.23,28.26,22.745,13000.0,15000.0,14000.0,18000.0,0.2857,PER,1500000.0,27000000000.0,코스닥,0.0,0.0,18122.0,4.0,ok,418687.0,0.6732,17.23,28.26,22.745,,0.0,OK,4479.0,44.79,,,,,,,,,,,,,,,
현대힘스,2024-01-26,00667373,20240116000199,[발행조건확정]증권신고서(지분증권),general,24.2,39.84,32.02,5000.0,6300.0,5650.0,7300.0,0.292,PER,8707000.0,63561100000.0,코스닥,0.0,0.0,8311.0,3.0,partial,320502.0,12.1646,24.2,39.84,32.02,,0.0,OK,,,,,,,,,,,,,,,,,
HB인베스트먼트,2024-01-25,00309460,20240115000371,[발행조건확정]증권신고서(지분증권),general,26.62,37.1,31.86,,,,,,PER,,22667800000.0,,0.0,0.0,,0.0,fail,31097.0,,,,,,,NO_XML_DR,,,,,,,,,,,,,,,,,
우진엔텍,2024-01-24,01030503,20240115000087,[발행조건확정]증권신고서(지분증권),general,14.87,25.3,20.085,4300.0,4900.0,4600.0,5300.0,0.1522,PER,2060000.0,,코스닥,0.0,0.0,5756.0,3.0,partial,386832.0,7.9222,14.9,25.3,20.1,,0.015,OK,,,,,,,,,,,,,,,,,
LS머트리얼즈,2023-12-12,01528141,20231130001608,[발행조건확정]증권신고서(지분증권),general,13.62,30.89,22.255,4400.0,5500.0,4950.0,6000.0,0.2121,EV/EBITDA,,87750000000.0,코스닥,0.0,0.0,6423.0,3.0,partial,640531.0,6.5857,14.36,31.49,22.925,,0.67,OK,,,,,,,,,,,,,,,,,
케이엔에스,2023-12-06,01402995,20231124000347,[발행조건확정]증권신고서(지분증권),general,22.34,32.93,27.635,19000.0,22000.0,20500.0,23000.0,0.122,PER,,,코스닥,0.0,0.0,28327.0,4.0,ok,341332.0,18.8054,22.34,32.93,27.635,,0.0,OK,5729.0,57.29,,4442278.0,,,,,,,,,,,,,
에이에스텍,2023-11-28,01538528,20231115000157,[발행조건확정]증권신고서(지분증권),general,21.96,34.44,28.2,21000.0,25000.0,23000.0,28000.0,0.2174,PER,35715.0,39396000000.0,코스닥,0.0,0.0,32033.0,3.0,partial,508140.0,12.5901,21.96,34.44,28.2,,0.0,OK,,,,,,,,,,,,,,,,,
한선엔지니어링,2023-11-24,00958451,20231110000103,[발행조건확정]증권신고서(지분증권),general,22.68,32.99,27.835,5200.0,6000.0,5600.0,7000.0,0.25,PER,4250000.0,29750000000.0,코스닥,0.0,0.0,7760.0,3.0,partial,557722.0,9.7938,22.68,32.99,27.835,,0.0,OK,,,,,,,,,,,,,,,,,
에코아이,2023-11-21,01218299,20231109000215,[발행조건확정]증권신고서(지분증권),general,15.6,30.7,23.15,28500.0,34700.0,31600.0,34700.0,0.0981,PER,2079000.0,72141300000.0,코스닥,0.0,0.0,41085.0,5.0,ok,565521.0,15.541,15.6,30.7,23.15,,0.0,OK,17474.0,174.74,23.24,,,,,,,,,,,,,,
스톰테크,2023-11-20,01226270,20231108000512,[발행조건확정]증권신고서(지분증권),general,26.6,38.2,32.4,,,,,,PER,3350000.0,36850000000.0,,0.0,0.0,,0.0,fail,27624.0,,,,,,,NO_XML_DR,,,,,,,,,,,,,,,,,
캡스톤파트너스,2023-11-15,01497124,20231103000318,[발행조건확정]증권신고서(지분증권),general,14.87,24.32,19.595,3200.0,3600.0,3400.0,4000.0,0.1765,PER,1596000.0,,코스닥,0.0,0.0,4229.0,3.0,partial,347089.0,5.415,14.87,24.32,19.595,,0.0,OK,,,,,,,,,,,,,,,,,
에스와이스틸텍,2023-11-13,01135084,20231031000076,[발행조건확정]증권신고서(지분증권),general,20.0,36.0,28.0,1200.0,1500.0,1350.0,1800.0,0.3333,PER,7000000.0,12600000000.0,코스닥,0.0,0.0,1874.0,3.0,partial,360534.0,3.9488,20.0,36.0,28.0,,0.0,OK,,,,,,,,,,,,,,,,,
에이직랜드,2023-11-13,01540453,20231031000244,[발행조건확정]증권신고서(지분증권),general,30.96,38.38,34.67,19100.0,21400.0,20250.0,25000.0,0.2346,PER,2636330.0,65908250000.0,코스닥,0.0,0.0,30998.0,4.0,ok,768583.0,19.3496,30.96,38.38,34.67,,0.0,OK,6175.0,61.75,,,,,,,,,,,,,,,
메가터치,2023-11-09,00923516,20231030000175,[발행조건확정]증권신고서(지분증권),general,19.83,29.85,24.84,3500.0,4000.0,3750.0,4800.0,0.28,PER,5200000.0,24960000000.0,코스닥,0.0,0.0,4989.0,5.0,ok,605141.0,3.7883,19.83,29.85,24.84,,0.0,OK,3366.0,33.66,30.79,20771000.0,,,,,,,,,,,,,
유진테크놀로지,2023-11-02,01085026,20231019000208,[발행조건확정]증권신고서(지분증권),general,30.55,38.69,34.62,12800.0,14500.0,13650.0,17000.0,0.2454,PER,1049482.0,17841194000.0,코스닥,0.0,0.0,20879.0,3.0,partial,460854.0,18.5785,30.55,38.69,34.62,,0.0,OK,,,,,,,,,,,,,,,,,
워트,2023-10-26,00866451,20231013000580,[발행조건확정]증권신고서(지분증권),general,12.43,21.81,17.12,5000.0,5600.0,5300.0,6500.0,0.2264,PER,,26000000000.0,코스닥,0.0,0.0,6395.0,3.0,partial,366046.0,-1.6419,,,,,,NO_XML_DR,,,,,,,,,,,,,,,,,
에스엘에스바이오,2023-10-20,01112700,20230926000450,[발행조건확정]증권신고서(지분증권),general,7.55,19.35,13.45,8200.0,9400.0,8800.0,7000.0,-0.2045,PER,770000.0,5390000000.0,코스닥,0.0,0.0,10167.0,3.0,partial,351407.0,31.1498,,,31.1498,implied,17.6998,MISMATCH_CHECK,,,,,,,,,,,,,,,,,
신성에스티,2023-10-19,00761183,20231006000228,[발행조건확정]증권신고서(지분증권),general,29.3,37.78,33.54,22000.0,25000.0,23500.0,26000.0,0.1064,PER,38462.0,52000000000.0,코스닥,0.0,0.0,35360.0,3.0,partial,410497.0,26.4706,,,26.4706,implied,7.0694,MISMATCH_CHECK,,,,,,,,,,,,,,,,,
퓨릿,2023-10-18,01027828,20231004000216,[발행조건확정]증권신고서(지분증권),general,28.0,40.5,34.25,8800.0,10700.0,9750.0,10700.0,0.0974,EV/EBITDA,4137000.0,,코스닥,0.0,0.0,14824.0,3.0,partial,562108.0,27.8198,28.0,40.5,34.25,,0.0,OK,,,,,,,,,,,,,,,,,
레뷰코퍼레이션,2023-10-06,01468061,20230918000162,[발행조건확정]증권신고서(지분증권),general,22.43,32.42,27.425,11500.0,13200.0,12350.0,15000.0,0.2146,PER,2240000.0,,코스닥,0.0,0.0,17016.0,3.0,partial,828218.0,11.8477,,,11.8477,implied,15.5773,MISMATCH_CHECK,,,,,,,,,,,,,,,,,
한싹,2023-10-04,01602638,20230918000117,[발행조건확정]증권신고서(지분증권),general,20.01,35.28,27.645,8900.0,11000.0,9950.0,12500.0,0.2563,PER,1500000.0,18750000000.0,코스닥,0.0,0.0,13752.0,3.0,partial,578849.0,9.1041,20.0,35.3,27.65,,0.005,OK,,,,,,,,,,,,,,,,,
인스웨이브시스템즈,2023-09-25,,,,general,38.96,49.14,44.05,,,,,,,,,,,,,,no_rcept_no,,,,,,,,,,,,,,,,,,,,,,,,,
빅텐츠,2023-08-17,,,,general,21.56,28.38,24.97,,,,,,,,,,,,,,no_rcept_no,,,,,,,,,,,,,,,,,,,,,,,,,
코츠테크놀로지,2023-08-10,00959210,20230731000178,[발행조건확정]증권신고서(지분증권),general,23.69,33.65,28.67,10000.0,11500.0,10750.0,13000.0,0.2093,PER,,13000000000.0,코스닥,0.0,0.0,15071.0,3.0,partial,481817.0,13.7416,23.69,33.65,28.67,,0.0,OK,,,,,,,,,,,,,,,,,
엠아이큐브솔루션,2023-08-04,01497142,20230725000127,[발행조건확정]증권신고서(지분증권),general,24.48,35.81,30.145,8500.0,10000.0,9250.0,12000.0,0.2973,PER,,14520000000.0,코스닥,0.0,0.0,13242.0,3.0,partial,404009.0,9.3792,24.48,35.81,30.145,,0.0,OK,,,,,,,,,,,,,,,,,
에이엘티,2023-07-27,00493325,20230714000210,[발행조건확정]증권신고서(지분증권),general,24.48,38.48,31.48,16700.0,20500.0,18600.0,25000.0,0.3441,PER,900000.0,,코스닥,0.0,0.0,27146.0,3.0,partial,276827.0,7.9054,24.48,38.48,31.48,,0.0,OK,,,,,,,,,,,,,,,,,
뷰티스킨,2023-07-24,01147487,20230712000259,[발행조건확정]증권신고서(지분증권),general,6.69,18.36,12.525,,,,26000.0,,PER,,,코스닥,0.0,0.0,25722.0,1.0,fail,543464.0,-1.0808,6.69,18.36,12.525,,0.0,OK,,,,,,,,,,,,,,,,,
필에너지,2023-07-14,01488320,20230704000144,[첨부정정]증권신고서(지분증권),general,20.73,30.5,25.615,,,,,,,,,,,,,,download_failed,,,,,,,,,,,,,,,,,,,,,,,,,
시큐센,2023-06-29,,,,general,13.95,28.29,21.12,,,,,,,,,,,,,,no_rcept_no,,,,,,,,,,,,,,,,,,,,,,,,,
마녀공장,2023-06-08,01136977,20230524000321,[발행조건확정]증권신고서(지분증권),general,37.32,46.28,41.8,12000.0,14000.0,13000.0,16000.0,0.2308,PER,,32000000000.0,코스닥,0.0,0.0,22337.0,3.0,partial,341158.0,28.37,37.32,46.28,41.8,,0.0,OK,,,,,,,,,,,,,,,,,
나라셀라,2023-06-02,01021639,20230519000339,[발행조건확정]증권신고서(지분증권),general,21.52,34.6,28.06,20000.0,24000.0,22000.0,20000.0,-0.0909,PER,,,코스닥,0.0,0.0,30580.0,3.0,partial,335641.0,34.5978,21.52,34.6,28.06,,0.0,OK,,,,,,,,,,,,,,,,,
진영,2023-06-01,00816933,20230519000263,[발행조건확정]증권신고서(지분증권),general,31.41,41.21,36.31,3600.0,4200.0,3900.0,5000.0,0.2821,PER,4250000.0,21250000000.0,코스닥,0.0,0.0,6123.0,3.0,partial,442940.0,18.3407,31.4,41.2,36.3,,0.01,OK,,,,,,,,,,,,,,,,,
기가비스,2023-05-24,00765569,20230512000026,[발행조건확정]증권신고서(지분증권),general,39.0,47.14,43.07,34400.0,39700.0,37050.0,43000.0,0.1606,PER,2218258.0,95385094000.0,코스닥,0.0,0.0,65082.0,3.0,partial,389674.0,33.9295,,,33.9295,implied,9.1405,MISMATCH_CHECK,,,,,,,,,,,,,,,,,
트루엔,2023-05-17,01134216,20230503000315,[발행조건확정]증권신고서(지분증권),general,23.47,36.22,29.845,10000.0,12000.0,11000.0,12000.0,0.0909,PER,2500000.0,30000000000.0,코스닥,0.0,0.0,15680.0,3.0,partial,406518.0,23.4694,23.47,36.22,29.845,,0.0,OK,,,,,,,,,,,,,,,,,
토마토시스템,2023-04-27,01436479,20230414000088,[발행조건확정]증권신고서(지분증권),general,21.35,35.52,28.435,18200.0,22200.0,20200.0,18200.0,-0.099,PER,860000.0,15652000000.0,코스닥,0.0,0.0,28225.0,3.0,partial,270333.0,35.5182,21.35,35.52,28.435,,0.0,OK,,,,,,,,,,,,,,,,,
LB인베스트먼트,2023-03-29,00231901,20230316001463,[발행조건확정]증권신고서(지분증권),general,19.78,30.79,25.285,,,,5100.0,,PER,,23552039700.0,코스닥,0.0,0.0,,1.0,fail,81962.0,,,,,,,NO_XML_DR,,,,,,,,,,,,,,,,,
금양그린파워,2023-03-13,00872656,20230228000586,[발행조건확정]증권신고서(지분증권),general,33.41,44.23,38.82,6700.0,8000.0,7350.0,10000.0,0.3605,PER,3007320.0,30073200000.0,코스닥,0.0,0.0,12013.0,3.0,partial,350066.0,16.7568,,,16.7568,implied,22.0632,MISMATCH_CHECK,,,,,,,,,,,,,,,,,
나노팀,2023-03-03,01524118,20230217000999,[발행조건확정]증권신고서(지분증권),general,22.21,31.19,26.7,11500.0,13000.0,12250.0,13000.0,0.0612,PER,61500.0,26650000000.0,코스닥,0.0,0.0,16712.0,3.0,partial,411069.0,22.2116,,,22.2116,implied,4.4884,MISMATCH_CHECK,,,,,,,,,,,,,,,,,
바이오인프라,2023-03-02,01110058,20230217001371,[기재정정]증권신고서(지분증권),general,25.64,36.26,30.95,18000.0,21000.0,19500.0,21000.0,0.0769,EV/EBITDA,650000.0,,,0.0,0.0,28240.0,4.0,ok,2627373.0,25.6374,,,25.6374,implied,5.3126,MISMATCH_CHECK,3349.0,33.49,,2.0,,,,,,,,,,,,,
이노진,2023-02-20,01419135,20230208000172,[발행조건확정]증권신고서(지분증권),general,6.6,22.17,14.385,2500.0,3000.0,2750.0,3000.0,0.0909,PER,2600000.0,7800000000.0,코스닥,0.0,0.0,3212.0,5.0,ok,381421.0,6.6002,6.6,22.17,14.385,,0.0,OK,1460.0,14.6,26.78,,,,,,,,,,,,,,
꿈비,2023-02-09,01586455,20230130000210,[발행조건확정]증권신고서(지분증권),general,13.18,22.83,18.005,4000.0,4500.0,4250.0,5000.0,0.1765,PER,,10000000000.0,코스닥,0.0,0.0,5183.0,3.0,partial,368993.0,3.5308,,,,,,NO_XML_DR,,,,,,,,,,,,,,,,,
스튜디오미르,2023-02-07,01139965,20230119000286,[발행조건확정]증권신고서(지분증권),general,20.8,38.0,29.4,15300.0,19500.0,17400.0,19500.0,0.1207,PER,1000000.0,,코스닥,0.0,0.0,24603.0,3.0,partial,466942.0,20.7414,20.8,38.0,29.4,,0.0,OK,,,,,,,,,,,,,,,,,
삼기이브이,2023-02-03,,,,general,10.98,25.51,18.245,,,,,,,,,,,,,,no_rcept_no,,,,,,,,,,,,,,,,,,,,,,,,,
미래반도체,2023-01-27,00299844,20230113000114,[발행조건확정]증권신고서(지분증권),general,10.72,21.14,15.93,5300.0,6000.0,5650.0,6000.0,0.0619,PER,3600000.0,21600000000.0,코스닥,0.0,0.0,6721.0,3.0,partial,340257.0,10.7276,,,10.7276,implied,5.2024,MISMATCH_CHECK,,,,,,,,,,,,,,,,,
한주라이트메탈,2023-01-19,00156600,20230109000226,[발행조건확정]증권신고서(지분증권),general,32.2,40.95,36.575,2700.0,3100.0,2900.0,3100.0,0.069,PER,6500000.0,20150000000.0,코스닥,0.0,0.0,4572.0,3.0,partial,640883.0,32.196,32.2,40.95,36.575,,0.0,OK,,,,,,,,,,,,,,,,,
