company_name,rcept_no,report_nm,track_type,extraction_status,filled_key_fields,xml_size,price_band_low,price_band_high,final_offering_price,net_income_bn,peer_per,per_stock_value,offering_shares,listing_market
HB인베스트먼트,20240115000371,[발행조건확정]증권신고서(지분증권),general,fail,0.0,31097.0,,,,,,,,
LB인베스트먼트,20230316001463,[발행조건확정]증권신고서(지분증권),general,fail,1.0,81962.0,,,5100.0,,,,,코스닥
LS머트리얼즈,20231130001608,[발행조건확정]증권신고서(지분증권),general,partial,3.0,640531.0,4400.0,5500.0,6000.0,,,6423.0,,코스닥
M83,20240809000437,[발행조건확정]증권신고서(지분증권),general,ok,4.0,521727.0,11000.0,13000.0,16000.0,64.06,,19588.0,,코스닥
그래피,20250808000191,[발행조건확정]증권신고서(지분증권),general,ok,5.0,852612.0,17000.0,20000.0,15000.0,117.76,28.96,29581.0,1950000.0,코스닥
그리드위즈,20240531001586,[발행조건확정]증권신고서(지분증권),general,partial,3.0,669538.0,34000.0,40000.0,40000.0,,,70315.0,1400000.0,코스닥
그린광학,20251105000064,[발행조건확정]증권신고서(지분증권),general,ok,4.0,553714.0,14000.0,16000.0,16000.0,97.68,,21211.0,,코스닥
그린리소스,20231110000300,[발행조건확정]증권신고서(지분증권),general,partial,3.0,426054.0,11000.0,14000.0,17000.0,,,17545.0,1640000.0,코스닥
금양그린파워,20230228000586,[발행조건확정]증권신고서(지분증권),general,partial,3.0,350066.0,6700.0,8000.0,10000.0,,,12013.0,3007320.0,코스닥
기가비스,20230512000026,[발행조건확정]증권신고서(지분증권),general,partial,3.0,389674.0,34400.0,39700.0,43000.0,,,65082.0,2218258.0,코스닥
꿈비,20230130000210,[발행조건확정]증권신고서(지분증권),general,partial,3.0,368993.0,4000.0,4500.0,5000.0,,,5183.0,,코스닥
나노팀,20230217000999,[발행조건확정]증권신고서(지분증권),general,partial,3.0,411069.0,11500.0,13000.0,13000.0,,,16712.0,61500.0,코스닥
나라셀라,20230519000339,[발행조건확정]증권신고서(지분증권),general,partial,3.0,335641.0,20000.0,24000.0,20000.0,,,30580.0,,코스닥
나라스페이스테크놀로지,20251205000544,[발행조건확정]증권신고서(지분증권),general,ok,5.0,881712.0,13100.0,16500.0,16500.0,54.19,51.72,23805.0,1720000.0,코스닥
나우로보틱스,20250422000537,[발행조건확정]증권신고서(지분증권),general,partial,3.0,491154.0,5900.0,6800.0,6800.0,,,9087.0,2500000.0,코스닥
넥스트바이오메디컬,20240806000195,[발행조건확정]증권신고서(지분증권),general,ok,4.0,519073.0,24000.0,29000.0,29000.0,183.6,,417843.0,1000000.0,코스닥
넥스트칩,20220620000302,[발행조건확정]증권신고서(지분증권),general,partial,3.0,405420.0,9900.0,11600.0,13000.0,,,17181.0,78000.0,코스닥
노머스,20241101000247,[발행조건확정]증권신고서(지분증권),general,partial,3.0,699081.0,27200.0,30200.0,30200.0,,,40220.0,1130000.0,코스닥
노브랜드,20240510000090,[발행조건확정]증권신고서(지분증권),general,partial,3.0,622237.0,8700.0,11000.0,14000.0,,,12858.0,1200000.0,코스닥
노브랜드,20240510000090,[발행조건확정]증권신고서(지분증권),general,partial,3.0,622237.0,8700.0,11000.0,14000.0,,,12858.0,1200000.0,코스닥
노을,20220218001119,[발행조건확정]증권신고서(지분증권),general,partial,3.0,349163.0,13000.0,17000.0,10000.0,,,,1500000.0,코스닥
노타,20251022000314,[발행조건확정]증권신고서(지분증권),general,ok,5.0,977500.0,7600.0,9100.0,9100.0,86.16,29.4,11774.0,2916000.0,코스닥
뉴로메카,20221025000174,[발행조건확정]증권신고서(지분증권),general,ok,5.0,657971.0,14000.0,16900.0,16900.0,142.2076,30.41,24177.0,45000.0,코스닥
뉴로핏,20250714000224,[발행조건확정]증권신고서(지분증권),general,partial,3.0,745705.0,11400.0,14000.0,14000.0,,,18608.0,2000000.0,코스닥
뉴엔AI,20250620000288,[발행조건확정]증권신고서(지분증권),general,partial,3.0,647823.0,13000.0,15000.0,15000.0,,,20287.0,2220000.0,코스닥
뉴엔에이아이,,,general,no_rcept_no,,,,,,,,,,
닷밀,20241101000289,[발행조건확정]증권신고서(지분증권),general,partial,3.0,457533.0,11000.0,13000.0,13000.0,,,16438.0,1200000.0,코스닥
대진첨단소재,20250219001498,[발행조건확정]증권신고서(지분증권),general,ok,4.0,730567.0,10900.0,13000.0,9000.0,,31.54,19200.0,3000000.0,코스닥
더즌,20250311000714,[발행조건확정]증권신고서(지분증권),general,ok,5.0,450457.0,10500.0,12500.0,9000.0,117.6042,33.7,16537.0,2500000.0,코스닥
더핑크퐁컴퍼니,20251105000307,[발행조건확정]증권신고서(지분증권),general,ok,4.0,530840.0,32000.0,38000.0,38000.0,256.16,,44864.0,2000000.0,코스닥
데이원컴퍼니,20250114000473,[발행조건확정]증권신고서(지분증권),general,partial,3.0,675634.0,22000.0,26700.0,13000.0,,,31097.0,1361000.0,코스닥
도우인시스,20250711000117,[발행조건확정]증권신고서(지분증권),general,ok,4.0,509587.0,29000.0,32000.0,32000.0,,15.01,38185.0,1400000.0,코스닥
동국생명과학,20250131000480,[발행조건확정]증권신고서(지분증권),general,ok,4.0,624274.0,12600.0,14300.0,9000.0,,14.82,16103.0,2000000.0,코스닥
동방메디컬,20250124000579,[발행조건확정]증권신고서(지분증권),general,ok,5.0,488569.0,9000.0,10500.0,10500.0,223.0115,17.58,17152.0,3000000.0,코스닥
듀켐바이오,20241210000172,[발행조건확정]증권신고서(지분증권),general,fail,1.0,165556.0,,,8000.0,,,,1430000.0,
디앤디파마텍,20240419000507,[발행조건확정]증권신고서(지분증권),general,ok,4.0,775557.0,22000.0,26000.0,33000.0,332.97,,43555.0,1100000.0,코스닥
라메디텍,20240603000259,[발행조건확정]증권신고서(지분증권),general,partial,3.0,491910.0,10400.0,12700.0,16000.0,,,14197.0,1298000.0,코스닥
레뷰코퍼레이션,20230918000162,[발행조건확정]증권신고서(지분증권),general,partial,3.0,828218.0,11500.0,13200.0,15000.0,,,17016.0,2240000.0,코스닥
레이저쎌,20220613000057,[발행조건확정]증권신고서(지분증권),general,partial,3.0,392603.0,12000.0,14000.0,16000.0,,,16592.0,1600000.0,코스닥
로킷헬스케어,20250422000103,[발행조건확정]증권신고서(지분증권),general,ok,5.0,833985.0,11000.0,13000.0,11000.0,117.84,25.12,18249.0,46800.0,코스닥
루닛,20220711000248,[발행조건확정]증권신고서(지분증권),general,ok,5.0,836009.0,44000.0,49000.0,30000.0,583.49,34.82,79178.0,1215800.0,코스닥
루미르,20241008000444,[발행조건확정]증권신고서(지분증권),general,ok,5.0,689910.0,16500.0,20500.0,12000.0,176.52,28.35,26068.0,2400000.0,코스닥
리브스메드,20251212000518,[발행조건확정]증권신고서(지분증권),general,ok,5.0,1240739.0,44000.0,55000.0,55000.0,429.95,45.5,75474.0,2470000.0,코스닥
링크솔루션,20250526000299,[발행조건확정]증권신고서(지분증권),general,ok,5.0,426880.0,20000.0,23000.0,23000.0,77.71,30.08,40259.0,,코스닥
마녀공장,20230524000321,[발행조건확정]증권신고서(지분증권),general,partial,3.0,341158.0,12000.0,14000.0,16000.0,,,22337.0,,코스닥
마이크로투나노,20230413001207,[발행조건확정]증권신고서(지분증권),general,partial,3.0,385971.0,13500.0,15500.0,15500.0,,,19670.0,30000.0,코스닥
메가터치,20231030000175,[발행조건확정]증권신고서(지분증권),general,ok,5.0,605141.0,3500.0,4000.0,4800.0,33.66,30.79,4989.0,5200000.0,코스닥
모니터랩,20230508000469,[발행조건확정]증권신고서(지분증권),general,partial,3.0,342877.0,7500.0,9800.0,9800.0,,,,2000000.0,코스닥
모아데이타,20220224002200,[발행조건확정]증권신고서(지분증권),general,partial,3.0,299677.0,24000.0,28000.0,20000.0,,,33286.0,24000.0,코스닥
모티브링크,20250210000466,[발행조건확정]증권신고서(지분증권),general,ok,4.0,507340.0,5100.0,6000.0,6000.0,32.04,,7227.0,3020590.0,코스닥
미래반도체,20230113000114,[발행조건확정]증권신고서(지분증권),general,partial,3.0,340257.0,5300.0,6000.0,6000.0,,,6721.0,3600000.0,코스닥
미트박스,20250110000703,[발행조건확정]증권신고서(지분증권),general,partial,3.0,467403.0,19000.0,23000.0,19000.0,,,32478.0,1000000.0,코스닥
미트박스글로벌,,,general,no_rcept_no,,,,,,,,,,
민테크,20240422000037,[발행조건확정]증권신고서(지분증권),general,partial,3.0,370406.0,6500.0,8500.0,10500.0,,,9841.0,3000000.0,코스닥
밀리의서재,20230915000280,[발행조건확정]증권신고서(지분증권),general,partial,3.0,438189.0,20000.0,23000.0,23000.0,,,37193.0,1500000.0,코스닥
바이오비쥬,20250502000293,[발행조건확정]증권신고서(지분증권),general,ok,5.0,507002.0,8000.0,9100.0,9100.0,81.2,25.51,13342.0,3000000.0,코스닥
바이오에프디엔씨,20220127000144,[발행조건확정]증권신고서(지분증권),general,ok,5.0,532934.0,23000.0,29000.0,28000.0,147.99,28.85,36414.2,1300000.0,코스닥
바이오인프라,20230217001371,[기재정정]증권신고서(지분증권),general,ok,4.0,2627373.0,18000.0,21000.0,21000.0,33.49,,28240.0,650000.0,
뱅크웨어글로벌,20240731000209,[발행조건확정]증권신고서(지분증권),general,partial,3.0,348349.0,16000.0,19000.0,16000.0,,,26361.0,1400000.0,코스닥
버넥트,20230714000339,[기재정정]증권신고서(지분증권),general,ok,4.0,3490948.0,11500.0,13600.0,16000.0,99.56,,17408.0,1920000.0,코스닥
벡트,20241203000034,[발행조건확정]증권신고서(지분증권),general,ok,5.0,579711.0,3500.0,3900.0,3900.0,31.74,22.08,,4750000.0,코스닥
보로노이,20220613000191,[발행조건확정]증권신고서(지분증권),general,partial,3.0,385674.0,40000.0,46000.0,40000.0,,,72464.0,1300000.0,코스닥
뷰티스킨,20230712000259,[발행조건확정]증권신고서(지분증권),general,fail,1.0,543464.0,,,26000.0,,,25722.0,,코스닥
블루엠텍,20231130001738,[발행조건확정]증권신고서(지분증권),general,fail,0.0,15493.0,,,,,,,1400000.0,
비아이매트릭스,20231027000507,[발행조건확정]증권신고서(지분증권),general,fail,0.0,75705.0,,,,,,,,
비츠로넥스텍,20251110000233,[발행조건확정]증권신고서(지분증권),general,ok,5.0,650831.0,5900.0,6900.0,6900.0,67.81,37.78,8840.0,4400000.0,코스닥
비플라이소프트,,,general,no_rcept_no,,,,,,,,,,
빅텐츠,,,general,no_rcept_no,,,,,,,,,,
빅토리콘텐츠,,,general,no_rcept_no,,,,,,,,,,
사이냅소프트,20241106000152,[발행조건확정]증권신고서(지분증권),general,ok,5.0,450847.0,21000.0,24500.0,24500.0,68.09,25.2,34016.0,1010000.0,코스닥
삼기이브이,,,general,no_rcept_no,,,,,,,,,,
삼양엔씨켐,20250114000181,[발행조건확정]증권신고서(지분증권),general,ok,4.0,463573.0,16000.0,18000.0,18000.0,161.21,,21884.0,1100000.0,코스닥
삼양컴텍,20250801000255,[발행조건확정]증권신고서(지분증권),general,ok,4.0,899220.0,6600.0,7700.0,7700.0,0.02,,,14500000.0,코스닥
삼현,20240311000468,[발행조건확정]증권신고서(지분증권),general,partial,3.0,573898.0,20000.0,25000.0,30000.0,,,28685.0,2000000.0,코스닥
샌즈랩,20230203000232,[발행조건확정]증권신고서(지분증권),general,partial,3.0,542174.0,8500.0,10500.0,10500.0,,,12229.0,,코스닥
샤페론,20221005000182,[발행조건확정]증권신고서(지분증권),general,partial,3.0,358224.0,8200.0,10200.0,5000.0,,,15758.0,2747000.0,코스닥
성우,20241018000189,[발행조건확정]증권신고서(지분증권),general,ok,4.0,522577.0,25000.0,29000.0,32000.0,255.18,,33732.0,3000000.0,코스닥
성우,20241018000189,[발행조건확정]증권신고서(지분증권),general,ok,4.0,522577.0,25000.0,29000.0,32000.0,255.18,,33732.0,3000000.0,코스닥
세나테크놀로지,20251031000250,[발행조건확정]증권신고서(지분증권),general,ok,5.0,559400.0,47500.0,56800.0,56800.0,205.49,26.76,93788.0,560000.0,코스닥
센서뷰,20230706000211,[발행조건확정]증권신고서(지분증권),general,partial,3.0,445275.0,2900.0,3600.0,4500.0,,,5685.0,3900000.0,코스닥
셀비온,20241004000196,[발행조건확정]증권신고서(지분증권),general,partial,3.0,400235.0,10000.0,12200.0,15000.0,,,20449.0,1911000.0,코스닥
스마트레이더시스템,20230809000641,[발행조건확정]증권신고서(지분증권),general,partial,3.0,460255.0,5800.0,6800.0,8000.0,,,11773.0,2220000.0,코스닥
스코넥,20220118000123,[발행조건확정]증권신고서(지분증권),general,partial,3.0,378360.0,9000.0,12000.0,13000.0,,,16612.0,2226300.0,코스닥
스코넥엔터테인먼트,,,general,no_rcept_no,,,,,,,,,,
스톰테크,20231108000512,[발행조건확정]증권신고서(지분증권),general,fail,0.0,27624.0,,,,,,,3350000.0,
스튜디오미르,20230119000286,[발행조건확정]증권신고서(지분증권),general,partial,3.0,466942.0,15300.0,19500.0,19500.0,,,24603.0,1000000.0,코스닥
스튜디오삼익,20240124000150,[발행조건확정]증권신고서(지분증권),general,partial,3.0,400382.0,14500.0,16500.0,18000.0,,,20526.0,,코스닥
시지트로닉스,20230721000279,[발행조건확정]증권신고서(지분증권),general,partial,3.0,397255.0,18000.0,20000.0,25000.0,,,33651.0,900000.0,코스닥
시큐레터,20230811001329,[발행조건확정]증권신고서(지분증권),general,partial,3.0,986493.0,9200.0,10600.0,12000.0,,,14313.0,1333885.0,코스닥
시큐센,,,general,no_rcept_no,,,,,,,,,,
신성에스티,20231006000228,[발행조건확정]증권신고서(지분증권),general,partial,3.0,410497.0,22000.0,25000.0,26000.0,,,35360.0,38462.0,코스닥
심플랫폼,20250310000115,[발행조건확정]증권신고서(지분증권),general,ok,5.0,587582.0,13000.0,15000.0,15000.0,41.16,30.99,19192.0,920000.0,코스닥
싸이닉솔루션,20250624000255,[발행조건확정]증권신고서(지분증권),general,ok,4.0,431658.0,4000.0,4700.0,4700.0,40.03,,5150.0,3500000.0,코스닥
쎄크,20250416000412,[발행조건확정]증권신고서(지분증권),general,ok,5.0,438466.0,13000.0,15000.0,15000.0,80.43,21.52,19612.0,,코스닥
쏘닉스,20231025000085,[발행조건확정]증권신고서(지분증권),general,partial,3.0,440855.0,5000.0,7000.0,7500.0,,,9277.0,3600000.0,코스닥
쓰리빌리언,20241101000139,[발행조건확정]증권신고서(지분증권),general,ok,4.0,520768.0,4500.0,6500.0,4500.0,87.12,,7315.0,3200000.0,코스닥
쓰리에이로직스,20241212000606,[발행조건확정]증권신고서(지분증권),general,partial,3.0,488615.0,15700.0,18200.0,11000.0,,,,1857400.0,코스닥
씨메스,20241014000121,[기재정정]증권신고서(지분증권),general,ok,5.0,3914502.0,20000.0,24000.0,30000.0,75.56,45.12,28472.0,2600000.0,코스닥
씨어스테크놀로지,,,general,no_rcept_no,,,,,,,,,,
씨엠티엑스,20251107000432,[발행조건확정]증권신고서(지분증권),general,ok,4.0,703219.0,55000.0,60500.0,60500.0,456.55,,91066.0,1000000.0,코스닥
씨유박스,,,general,no_rcept_no,,,,,,,,,,
아로마티카,20251117000056,[발행조건확정]증권신고서(지분증권),general,ok,4.0,914102.0,6000.0,8000.0,8000.0,49.25,,9994.0,3000000.0,코스닥
아스테라시스,20250113000245,[발행조건확정]증권신고서(지분증권),general,ok,4.0,395677.0,4000.0,4600.0,4600.0,,31.89,5330.0,3650000.0,코스닥
아우토크립트,20250702000145,[기재정정]증권신고서(지분증권),general,ok,5.0,4902418.0,18700.0,22000.0,22000.0,176.08,23.58,28058.0,1400000.0,코스닥
아이빔테크놀로지,20240723000178,[발행조건확정]증권신고서(지분증권),general,ok,4.0,689634.0,7300.0,8500.0,10000.0,,29.7,11170.0,2234000.0,코스닥
아이스크림미디어,20240820000053,[발행조건확정]증권신고서(지분증권),general,ok,4.0,302356.0,32000.0,40200.0,32000.0,282.79,,44374.0,2460000.0,코스닥
아이씨에이치,20220718000093,[발행조건확정]증권신고서(지분증권),general,partial,3.0,387283.0,34000.0,44000.0,34000.0,,,48729.0,1180000.0,코스닥
아이씨티케이,20240503000443,[발행조건확정]증권신고서(지분증권),general,partial,3.0,712437.0,13000.0,16000.0,20000.0,,,18828.0,1970000.0,코스닥
아이언디바이스,20240906000321,[발행조건확정]증권신고서(지분증권),general,partial,3.0,434285.0,4900.0,5700.0,7000.0,,,7646.0,3000000.0,코스닥
아이에스티이,20250131000259,[발행조건확정]증권신고서(지분증권),general,partial,3.0,695375.0,9700.0,11400.0,11400.0,,,18535.0,1300000.0,코스닥
아이엠비디엑스,20240322000928,[발행조건확정]증권신고서(지분증권),general,partial,3.0,424337.0,7700.0,9900.0,13000.0,,,13160.0,2500000.0,코스닥
아이엠티,20230914000342,[발행조건확정]증권신고서(지분증권),general,partial,3.0,368254.0,10500.0,12000.0,14000.0,,,,47400.0,코스닥
아이지넷,20250117000291,[발행조건확정]증권신고서(지분증권),general,ok,4.0,607751.0,6000.0,7000.0,7000.0,67.03,,9584.0,60000.0,코스닥
아이티켐,20250725000509,[발행조건확정]증권신고서(지분증권),general,ok,4.0,613727.0,14500.0,16100.0,16100.0,,24.9,20996.0,2000000.0,코스닥
아크릴,20251203000194,[발행조건확정]증권신고서(지분증권),general,ok,5.0,1250798.0,17500.0,19500.0,19500.0,75.32,28.07,26685.0,2160000.0,코스닥
알멕,20230616000534,[발행조건확정]증권신고서(지분증권),general,ok,5.0,582849.0,40000.0,45000.0,50000.0,351.56,13.7,54729.0,1000000.0,코스닥
알지노믹스,20251205000229,[발행조건확정]증권신고서(지분증권),general,ok,4.0,1240655.0,17000.0,22500.0,22500.0,,29.58,30609.0,2060000.0,코스닥
애드바이오텍,20220111000212,[발행조건확정]증권신고서(지분증권),general,partial,3.0,337882.0,7000.0,8000.0,7000.0,,,12478.0,1360000.0,코스닥
애드바이오텍,20220111000212,[발행조건확정]증권신고서(지분증권),general,partial,3.0,337882.0,7000.0,8000.0,7000.0,,,12478.0,1360000.0,코스닥
에스바이오메딕스,20230420000516,[발행조건확정]증권신고서(지분증권),general,partial,3.0,465759.0,16000.0,18000.0,18000.0,,,37480.0,,코스닥
에스비비테크,20221004000084,[발행조건확정]증권신고서(지분증권),general,partial,3.0,555689.0,10100.0,12400.0,12400.0,,,18470.0,54000.0,코스닥
에스엔시스,20250805000193,[발행조건확정]증권신고서(지분증권),general,ok,4.0,779235.0,27000.0,30000.0,30000.0,184.62,,42200.0,1900000.0,코스닥
에스엘에스바이오,20230926000450,[발행조건확정]증권신고서(지분증권),general,partial,3.0,351407.0,8200.0,9400.0,7000.0,,,10167.0,770000.0,코스닥
에스오에스랩,20240612000332,[발행조건확정]증권신고서(지분증권),general,partial,3.0,583517.0,7500.0,9000.0,11500.0,,,13747.0,2000000.0,코스닥
에스와이스틸텍,20231031000076,[발행조건확정]증권신고서(지분증권),general,partial,3.0,360534.0,1200.0,1500.0,1800.0,,,1874.0,7000000.0,코스닥
에스켐,20241106000010,[발행조건확정]증권신고서(지분증권),general,fail,0.0,22108.0,,,,,,,1950000.0,
에스투더블유,20250909000313,[발행조건확정]증권신고서(지분증권),general,ok,4.0,444263.0,11400.0,13200.0,13200.0,,19.36,17399.0,1580000.0,코스닥
에어레인,20241023000152,[발행조건확정]증권신고서(지분증권),general,partial,3.0,452311.0,16000.0,18500.0,23000.0,,,27878.0,,코스닥
에이럭스,20241021000237,[발행조건확정]증권신고서(지분증권),general,ok,5.0,695495.0,11500.0,13500.0,16000.0,41.6957,51.56,15591.0,1500000.0,코스닥
에이에스텍,20231115000157,[발행조건확정]증권신고서(지분증권),general,partial,3.0,508140.0,21000.0,25000.0,28000.0,,,32033.0,35715.0,코스닥
에이엘티,20230714000210,[발행조건확정]증권신고서(지분증권),general,partial,3.0,276827.0,16700.0,20500.0,25000.0,,,27146.0,900000.0,코스닥
에이유브랜즈,20250321000213,[발행조건확정]증권신고서(지분증권),general,ok,5.0,590422.0,14000.0,16000.0,16000.0,106.5827,23.47,17542.0,60000.0,코스닥
에이직랜드,20231031000244,[발행조건확정]증권신고서(지분증권),general,ok,4.0,768583.0,19100.0,21400.0,25000.0,61.75,,30998.0,2636330.0,코스닥
에이치브이엠,20240618000224,[발행조건확정]증권신고서(지분증권),general,partial,3.0,604048.0,11000.0,14200.0,18000.0,,,17139.0,2400000.0,코스닥
에이치엔에스하이텍,20241011000542,[발행조건확정]증권신고서(지분증권),general,ok,4.0,390590.0,22000.0,26000.0,22000.0,130.8217,,32247.0,500000.0,코스닥
에이치이엠파마,,,general,no_rcept_no,,,,,,,,,,
에이텀,20231117000115,[발행조건확정]증권신고서(지분증권),general,partial,3.0,345329.0,23000.0,30000.0,18000.0,,,40043.0,19500.0,코스닥
에이프릴바이오,20220718000098,[발행조건확정]증권신고서(지분증권),general,ok,5.0,542492.0,20000.0,23000.0,16000.0,280.58,29.58,37346.0,1296000.0,코스닥
에임드바이오,20251120000438,[발행조건확정]증권신고서(지분증권),general,ok,5.0,555802.0,9000.0,11000.0,11000.0,464.61,22.2,15483.0,6430000.0,코스닥
에코아이,20231109000215,[발행조건확정]증권신고서(지분증권),general,ok,5.0,565521.0,28500.0,34700.0,34700.0,174.74,23.24,41085.0,2079000.0,코스닥
엑셀세라퓨틱스,20240702000251,[발행조건확정]증권신고서(지분증권),general,partial,3.0,509261.0,6200.0,7700.0,10000.0,,,10186.0,1618000.0,코스닥
엔알비,20250716000293,[발행조건확정]증권신고서(지분증권),general,ok,5.0,845416.0,18000.0,21000.0,21000.0,217.38,16.08,23330.0,2100000.0,코스닥
엔젤로보틱스,20240313000679,[발행조건확정]증권신고서(지분증권),general,partial,3.0,317697.0,11000.0,15000.0,20000.0,,,18030.0,1600000.0,코스닥
엔젯,20221108000080,[발행조건확정]증권신고서(지분증권),general,partial,3.0,374875.0,12000.0,15200.0,10000.0,,,19055.0,63000.0,코스닥
엘비인베스트먼트,,,general,no_rcept_no,,,,,,,,,,
엘케이켐,20250212000695,[발행조건확정]증권신고서(지분증권),general,ok,4.0,393939.0,18000.0,21000.0,21000.0,81.97,,29883.0,,코스닥
엠83,,,general,no_rcept_no,,,,,,,,,,
엠디바이스,20250221000431,[발행조건확정]증권신고서(지분증권),general,ok,5.0,855116.0,7200.0,8350.0,8350.0,93.85,15.95,13942.0,1260000.0,코스닥
엠아이큐브솔루션,20230725000127,[발행조건확정]증권신고서(지분증권),general,partial,3.0,404009.0,8500.0,10000.0,12000.0,,,13242.0,,코스닥
엠오티,20241106000087,[발행조건확정]증권신고서(지분증권),general,ok,4.0,620383.0,12000.0,14000.0,10000.0,70.23,,14970.0,1750000.0,코스닥
영창케미칼,,,general,no_rcept_no,,,,,,,,,,
오가노이드사이언스,20250424000315,[발행조건확정]증권신고서(지분증권),general,ok,4.0,375349.0,17000.0,21000.0,21000.0,103.05,,25888.0,36000.0,코스닥
오름테라퓨틱,20250203000294,[발행조건확정]증권신고서(지분증권),general,ok,4.0,530241.0,24000.0,30000.0,20000.0,992.9012,,86388.0,2500000.0,코스닥
오브젠,20230113000327,[발행조건확정]증권신고서(지분증권),general,partial,3.0,329876.0,18000.0,24000.0,18000.0,,,30843.0,23279.0,코스닥
오상헬스케어,20240229002403,[기재정정]증권신고서(지분증권),general,ok,5.0,4526431.0,13000.0,15000.0,20000.0,12.1,78.34,24954.0,990000.0,
오픈놀,20230620000336,[기재정정]증권신고서(지분증권),general,partial,3.0,2922514.0,,,10000.0,151.17,18.31,15584.0,1650000.0,
온코닉테라퓨틱스,20241205000262,[발행조건확정]증권신고서(지분증권),general,ok,4.0,492449.0,16000.0,18000.0,13000.0,,24.82,23821.0,46500.0,코스닥
온코크로스,20241205000549,[발행조건확정]증권신고서(지분증권),general,ok,4.0,451209.0,10100.0,12300.0,7300.0,99.04,,14502.0,1423000.0,코스닥
와이랩,20230706000314,[발행조건확정]증권신고서(지분증권),general,partial,3.0,471971.0,7000.0,8000.0,9000.0,,,10470.0,90000.0,코스닥
와이바이오로직스,20231121000049,[발행조건확정]증권신고서(지분증권),general,partial,3.0,709998.0,9000.0,11000.0,9000.0,,,17136.0,1500000.0,코스닥
와이제이링크,20241007000466,[발행조건확정]증권신고서(지분증권),general,ok,5.0,931540.0,8600.0,9800.0,12000.0,70.54,32.23,12714.0,3560000.0,코스닥
와이즈넛,20250114000177,[기재정정]증권신고서(지분증권),general,ok,5.0,4046706.0,24000.0,26000.0,17000.0,135.59,35.61,36659.0,900000.0,
우진엔텍,20240115000087,[발행조건확정]증권신고서(지분증권),general,partial,3.0,386832.0,4300.0,4900.0,5300.0,,,5756.0,2060000.0,코스닥
워트,20231013000580,[발행조건확정]증권신고서(지분증권),general,partial,3.0,366046.0,5000.0,5600.0,6500.0,,,6395.0,,코스닥
원일티엔아이,20250423000260,[발행조건확정]증권신고서(지분증권),general,ok,5.0,549270.0,11500.0,13500.0,13500.0,78.71,24.42,22929.0,1200000.0,코스닥
웨이비스,20241016000084,[발행조건확정]증권신고서(지분증권),general,partial,3.0,412137.0,11000.0,12500.0,15000.0,,,15238.0,1490000.0,코스닥
위너스,,,general,no_rcept_no,,,,,,,,,,
위츠,20241105000117,[발행조건확정]증권신고서(지분증권),general,ok,5.0,509602.0,5300.0,6400.0,6400.0,51.07,18.6,7509.0,3000000.0,코스닥
유라클,20240805000135,[발행조건확정]증권신고서(지분증권),general,ok,5.0,455422.0,18000.0,21000.0,21000.0,44.75,26.56,27181.0,751000.0,코스닥
유진테크놀로지,20231019000208,[발행조건확정]증권신고서(지분증권),general,partial,3.0,460854.0,12800.0,14500.0,17000.0,,,20879.0,1049482.0,코스닥
유투바이오,,,general,no_rcept_no,,,,,,,,,,
이노스페이스,20240619000220,[발행조건확정]증권신고서(지분증권),general,ok,4.0,751951.0,36400.0,43300.0,43300.0,129.99,,57754.0,1330000.0,코스닥
이노시뮬레이션,20230626000073,[발행조건확정]증권신고서(지분증권),general,partial,3.0,342535.0,13000.0,15000.0,15000.0,,,21390.0,900000.0,코스닥
이노진,20230208000172,[발행조건확정]증권신고서(지분증권),general,ok,5.0,381421.0,2500.0,3000.0,3000.0,14.6,26.78,3212.0,2600000.0,코스닥
이닉스,20240119000136,[발행조건확정]증권신고서(지분증권),general,partial,3.0,612198.0,9200.0,11000.0,14000.0,,,14090.0,3000000.0,코스닥
이뮨온시아,20250430001250,[발행조건확정]증권신고서(지분증권),general,ok,4.0,538141.0,3000.0,3600.0,3600.0,211.63,,5301.0,9140482.0,코스닥
이에이트,,,general,no_rcept_no,,,,,,,,,,
이엔셀,20240809000231,[발행조건확정]증권신고서(지분증권),general,ok,4.0,691023.0,13600.0,15300.0,15300.0,73.35,,19988.0,1566800.0,코스닥
이지스,20251201000405,[발행조건확정]증권신고서(지분증권),general,ok,4.0,914687.0,13000.0,15000.0,15000.0,71.13,,18150.0,1500000.0,코스닥
이지트로닉스,20220118000223,[발행조건확정]증권신고서(지분증권),general,partial,3.0,399902.0,19000.0,22000.0,22000.0,,,33374.0,1980000.0,코스닥
인벤티지랩,20221110000280,[발행조건확정]증권신고서(지분증권),general,partial,3.0,595142.0,19000.0,26000.0,12000.0,,,28453.0,,코스닥
인스웨이브시스템즈,,,general,no_rcept_no,,,,,,,,,,
인스피언,20241002000231,[발행조건확정]증권신고서(지분증권),general,ok,4.0,568369.0,8000.0,10000.0,12000.0,39.4777,,11958.0,2250000.0,코스닥
인투셀,20250512000686,[발행조건확정]증권신고서(지분증권),general,partial,3.0,559430.0,12500.0,17000.0,17000.0,,,22900.0,1500000.0,코스닥
자람테크놀로지,20230220002105,[발행조건확정]증권신고서(지분증권),general,partial,3.0,336227.0,16000.0,20000.0,22000.0,,,27089.0,,코스닥
제닉스,20240913000388,[발행조건확정]증권신고서(지분증권),general,ok,4.0,462626.0,28000.0,34000.0,40000.0,68.91,,44411.0,,코스닥
제이오,20230206000061,[발행조건확정]증권신고서(지분증권),general,partial,3.0,516755.0,10000.0,13000.0,13000.0,,,21162.0,4000000.0,코스닥
제이피아이헬스케어,20250808000280,[발행조건확정]증권신고서(지분증권),general,ok,5.0,456786.0,16500.0,20000.0,20000.0,61.95,21.37,25928.0,47400.0,코스닥
제일엠앤에스,20240416000398,[발행조건확정]증권신고서(지분증권),general,ok,4.0,652053.0,15000.0,18000.0,22000.0,197.64,,24776.0,2400000.0,코스닥
지씨지놈,20250527000209,[발행조건확정]증권신고서(지분증권),general,ok,5.0,741093.0,9000.0,10500.0,10500.0,130.66,26.04,14140.0,4000000.0,코스닥
지아이이노베이션,20230320000170,[발행조건확정]증권신고서(지분증권),general,partial,3.0,432507.0,16000.0,21000.0,13000.0,,,35705.0,2000000.0,코스닥
지에프씨생명과학,20250618000255,[발행조건확정]증권신고서(지분증권),general,partial,3.0,684316.0,12300.0,15300.0,15300.0,,,21569.0,784000.0,코스닥
지투지바이오,20250804000127,[발행조건확정]증권신고서(지분증권),general,partial,3.0,1167808.0,48000.0,58000.0,58000.0,,,101600.0,900000.0,코스닥
진영,20230519000263,[발행조건확정]증권신고서(지분증권),general,partial,3.0,442940.0,3600.0,4200.0,5000.0,,,6123.0,4250000.0,코스닥
캡스톤파트너스,20231103000318,[발행조건확정]증권신고서(지분증권),general,partial,3.0,347089.0,3200.0,3600.0,4000.0,,,4229.0,1596000.0,코스닥
컨텍,20231030000344,[발행조건확정]증권신고서(지분증권),general,ok,4.0,656347.0,20300.0,22500.0,22500.0,219.3664,,29668.0,2060000.0,코스닥
케이쓰리아이,20240807000196,[첨부정정]증권신고서(지분증권),general,download_failed,,,,,,,,,,
케이엔알시스템,20240223002182,[발행조건확정]증권신고서(지분증권),general,partial,3.0,358256.0,9000.0,11000.0,13500.0,,,16029.0,1052000.0,코스닥
케이엔에스,20231124000347,[발행조건확정]증권신고서(지분증권),general,ok,4.0,341332.0,19000.0,22000.0,23000.0,57.29,,28327.0,,코스닥
케이웨더,20240208000055,[발행조건확정]증권신고서(지분증권),general,partial,3.0,362264.0,4800.0,5800.0,7000.0,,,6750.0,1000000.0,코스닥
코난테크놀로지,20220624000079,[발행조건확정]증권신고서(지분증권),general,partial,3.0,321611.0,21000.0,25000.0,25000.0,,,33648.0,1200000.0,코스닥
코셈,20240206000485,[발행조건확정]증권신고서(지분증권),general,partial,3.0,682558.0,12000.0,14000.0,16000.0,,,16796.0,600000.0,코스닥
코츠테크놀로지,20230731000178,[발행조건확정]증권신고서(지분증권),general,partial,3.0,481817.0,10000.0,11500.0,13000.0,,,15071.0,,코스닥
코칩,20240423000279,[발행조건확정]증권신고서(지분증권),general,ok,4.0,652369.0,11000.0,14000.0,18000.0,,22.52,15399.0,1500000.0,코스닥
쿼드메디슨,20251201000475,[발행조건확정]증권신고서(지분증권),general,partial,3.0,593858.0,12000.0,15000.0,15000.0,,,18579.0,1700000.0,코스닥
퀄리타스반도체,20231017000136,[발행조건확정]증권신고서(지분증권),general,partial,3.0,400734.0,13000.0,15000.0,17000.0,,,19771.0,54000.0,코스닥
큐라티스,20230602000188,[발행조건확정]증권신고서(지분증권),general,partial,3.0,605550.0,6500.0,8000.0,4000.0,,,13869.0,,코스닥
큐로셀,20231030000431,[발행조건확정]증권신고서(지분증권),general,partial,3.0,820801.0,29800.0,33500.0,20000.0,,,42500.0,1600000.0,코스닥
큐리오시스,20251103000098,[발행조건확정]증권신고서(지분증권),general,ok,4.0,521598.0,18000.0,22000.0,22000.0,,27.1,29533.0,36000.0,코스닥
큐리옥스바이오시스,20230731000302,[발행조건확정]증권신고서(지분증권),general,partial,3.0,313527.0,13000.0,16000.0,13000.0,,,23538.0,,코스닥
큐리옥스바이오시스템즈,20230731000302,[발행조건확정]증권신고서(지분증권),general,partial,3.0,313527.0,13000.0,16000.0,13000.0,,,23538.0,,코스닥
클로봇,20241015000370,[발행조건확정]증권신고서(지분증권),general,ok,4.0,916263.0,9400.0,10900.0,13000.0,92.45,,14576.0,3000000.0,코스닥
키스트론,20250520000280,[발행조건확정]증권신고서(지분증권),general,partial,3.0,642729.0,3100.0,3600.0,3600.0,,,4470.0,6300000.0,코스닥
탑런토탈솔루션,20241022000214,[발행조건확정]증권신고서(지분증권),general,fail,1.0,159825.0,,,18000.0,,,,2500000.0,
템즈,,,general,no_rcept_no,,,,,,,,,,
토마토시스템,20230414000088,[발행조건확정]증권신고서(지분증권),general,partial,3.0,270333.0,18200.0,22200.0,18200.0,,,28225.0,860000.0,코스닥
토모큐브,20241025000261,[발행조건확정]증권신고서(지분증권),general,partial,3.0,419308.0,10900.0,13400.0,16000.0,,,15675.0,2000000.0,코스닥
트루엔,20230503000315,[발행조건확정]증권신고서(지분증권),general,partial,3.0,406518.0,10000.0,12000.0,12000.0,,,15680.0,2500000.0,코스닥
티디에스팜,20240808000209,[발행조건확정]증권신고서(지분증권),general,ok,4.0,513642.0,9500.0,10700.0,13000.0,43.9229,,12140.0,1000000.0,코스닥
티엑스알로보틱스,20250307001078,[발행조건확정]증권신고서(지분증권),general,partial,3.0,1093809.0,11500.0,13500.0,13500.0,,,18119.0,3075400.0,코스닥
티이엠씨,20230109000347,[발행조건확정]증권신고서(지분증권),general,partial,3.0,639425.0,32000.0,38000.0,28000.0,,,47325.0,31250.0,코스닥
파두,20230726000458,[발행조건확정]증권신고서(지분증권),general,ok,4.0,864182.0,26000.0,31000.0,31000.0,948.2,,40912.0,6250000.0,코스닥
파로스아이바이오,20230713000053,[발행조건확정]증권신고서(지분증권),general,partial,3.0,349456.0,14000.0,18000.0,14000.0,,,32357.0,42000.0,코스닥
파인메딕스,20241213000142,[발행조건확정]증권신고서(지분증권),general,ok,4.0,369723.0,9000.0,10000.0,10000.0,47.54,,14883.0,900000.0,코스닥
페스카로,20251128001952,[발행조건확정]증권신고서(지분증권),general,ok,4.0,776427.0,12500.0,15500.0,15500.0,80.69,,20826.0,1300000.0,코스닥
포스뱅크,20240115000358,[발행조건확정]증권신고서(지분증권),general,ok,4.0,418687.0,13000.0,15000.0,18000.0,44.79,,18122.0,1500000.0,코스닥
풍원정밀,20220215000835,[발행조건확정]증권신고서(지분증권),general,ok,4.0,278262.0,13200.0,15200.0,15200.0,157.98,,19679.0,3000000.0,코스닥
퓨런티어,20220210000269,[발행조건확정]증권신고서(지분증권),general,partial,3.0,424301.0,11400.0,13700.0,15000.0,,,18094.0,1600000.0,코스닥
퓨릿,20231004000216,[발행조건확정]증권신고서(지분증권),general,partial,3.0,562108.0,8800.0,10700.0,10700.0,,,14824.0,4137000.0,코스닥
프로테옴텍,,,general,no_rcept_no,,,,,,,,,,
프로티나,20250716000125,[발행조건확정]증권신고서(지분증권),general,partial,3.0,532810.0,11000.0,14000.0,14000.0,,,19641.0,45000.0,코스닥
플라즈맵,20221011000097,[발행조건확정]증권신고서(지분증권),general,partial,3.0,362330.0,9000.0,11000.0,7000.0,,,16057.0,53130.0,코스닥
피아이이,20250116000121,[발행조건확정]증권신고서(지분증권),general,ok,4.0,458502.0,4000.0,5000.0,5000.0,119.81,,6576.0,3600000.0,코스닥
피앤에스미캐닉스,,,general,no_rcept_no,,,,,,,,,,
핀텔,20221007000272,[발행조건확정]증권신고서(지분증권),general,ok,5.0,725727.0,7500.0,8900.0,8900.0,109.5,20.5,11263.0,60000.0,코스닥
필에너지,20230704000144,[첨부정정]증권신고서(지분증권),general,download_failed,,,,,,,,,,
하스,20240621000067,[발행조건확정]증권신고서(지분증권),general,ok,4.0,550795.0,9000.0,12000.0,16000.0,63.2,,13594.0,1810000.0,코스닥
하이젠알앤엠,20240617000110,[발행조건확정]증권신고서(지분증권),general,ok,4.0,575891.0,4500.0,5500.0,7000.0,,33.44,6801.0,3400000.0,코스닥
한국피아이엠,20250324000424,[발행조건확정]증권신고서(지분증권),general,ok,5.0,712141.0,9300.0,11200.0,11200.0,90.6229,11.81,16136.0,65000.0,코스닥
한라캐스트,20250808000359,[발행조건확정]증권신고서(지분증권),general,ok,5.0,476662.0,5100.0,5800.0,5800.0,99.1,25.93,7033.0,7500000.0,코스닥
한선엔지니어링,20231110000103,[발행조건확정]증권신고서(지분증권),general,partial,3.0,557722.0,5200.0,6000.0,7000.0,,,7760.0,4250000.0,코스닥
한싹,20230918000117,[발행조건확정]증권신고서(지분증권),general,partial,3.0,578849.0,8900.0,11000.0,12500.0,,,13752.0,1500000.0,코스닥
한주라이트메탈,20230109000226,[발행조건확정]증권신고서(지분증권),general,partial,3.0,640883.0,2700.0,3100.0,3100.0,,,4572.0,6500000.0,코스닥
한중엔시에스,20240607000180,[발행조건확정]증권신고서(지분증권),general,ok,4.0,632786.0,20000.0,23500.0,30000.0,142.19,,34865.0,48000.0,코스닥
한켐,20241002000203,[발행조건확정]증권신고서(지분증권),general,ok,4.0,506667.0,12500.0,14500.0,18000.0,53.66,,17878.0,,코스닥
한텍,20250305000408,[발행조건확정]증권신고서(지분증권),general,ok,5.0,548002.0,9200.0,10800.0,10800.0,163.9262,14.07,19102.0,3309000.0,코스닥
현대힘스,20240116000199,[발행조건확정]증권신고서(지분증권),general,partial,3.0,320502.0,5000.0,6300.0,7300.0,,,8311.0,8707000.0,코스닥
