company_name,listing_date,discount_rate_mid_pct,listing_market,valuation_model,crawling_sector,crawling_industry,data_quality_flag,y_pred,residual,abs_error
삼기이브이,2023-02-03,18.245,코스닥,PER,코스닥 운송장비·부품,자동차부품,OK,40.9584,-22.7134,22.7134
한텍,2025-03-20,47.25,코스닥,PER,코스닥 금속,에너지장비및서비스,OK,28.896,18.354,18.354
그리드위즈,2024-06-14,47.38,코스닥,PER,코스닥 일반서비스,전기유틸리티,OK,31.073,16.307,16.307
엠오티,2024-11-18,13.16,코스닥,PER,코스닥 기계·장비,전기제품,OK,28.9232,-15.7632,15.7632
한주라이트메탈,2023-01-19,36.575,코스닥,PER,코스닥 금속,자동차부품,OK,21.0425,15.5325,15.5325
에이유브랜즈,2025-04-03,14.49,코스닥,PER,코스닥 유통,"섬유,의류,신발,호화품",OK,29.7856,-15.2956,15.2956
엠디바이스,2025-03-07,44.235,코스닥,PER,코스닥 전기·전자,반도체와반도체장비,OK,29.7731,14.4619,14.4619
씨메스,2024-10-24,22.735,코스닥,PER,코스닥 기계·장비,기계,OK,36.4948,-13.7598,13.7598
링크솔루션,2025-06-10,46.595,코스닥,PER,코스닥 기계·장비,기계,OK,33.1015,13.4935,13.4935
탑런토탈솔루션,2024-11-01,42.29,코스닥,PER,코스닥 전기·전자,자동차부품,NO_XML_DR,29.6574,12.6326,12.6326
삼현,2024-03-21,21.605,코스닥,PER,코스닥 운송장비·부품,자동차부품,OK,34.2131,-12.6081,12.6081
워트,2023-10-26,17.12,코스닥,PER,코스닥 기계·장비,반도체와반도체장비,NO_XML_DR,29.5195,-12.3995,12.3995
필에너지,2023-07-14,25.615,코스닥,PER,코스닥 기계·장비,전기제품,,37.8216,-12.2066,12.2066
쓰리에이로직스,2024-12-24,49.15,코스닥,PER,코스닥 전기·전자,통신장비,OK,36.9857,12.1643,12.1643
원일티엔아이,2025-05-09,45.33,코스닥,PER,코스닥 기계·장비,에너지장비및서비스,OK,33.74,11.59,11.59
마녀공장,2023-06-08,41.8,코스닥,PER,코스닥 화학,화장품,OK,30.577,11.223,11.223
위너스,2025-02-24,22.06,코스닥,PER,코스닥 전기·전자,전기장비,OK,33.187,-11.127,11.127
M83,2024-08-22,38.735,코스닥,PER,코스닥 오락·문화,방송과엔터테인먼트,OK,27.9649,10.7701,10.7701
아이씨티케이,2024-05-17,23.0,코스닥,PER,코스닥 전기·전자,통신장비,NO_XML_DR,33.5914,-10.5914,10.5914
LS머트리얼즈,2023-12-12,22.255,코스닥,EV/EBITDA,코스닥 전기·전자,전기제품,OK,32.7872,-10.5322,10.5322
시지트로닉스,2023-08-03,43.55,코스닥,PER,코스닥 전기·전자,반도체와반도체장비,OK,33.67,9.88,9.88
성우,2024-10-31,19.96,코스닥,PER,코스닥 전기·전자,전기제품,OK,29.6222,-9.6622,9.6622
인스웨이브시스템즈,2023-09-25,44.05,코스닥,PER,코스닥 IT 서비스,소프트웨어,OK,34.4716,9.5784,9.5784
진영,2023-06-01,36.31,코스닥,PER,코스닥 화학,화학,OK,27.1413,9.1687,9.1687
코칩,2024-05-07,18.825,코스닥,EV/EBITDA,코스닥 전기·전자,전기제품,OK,27.7223,-8.8973,8.8973
그래피,2025-08-25,37.46,코스닥,PER,코스닥 화학,건강관리장비와용품,OK,28.6511,8.8089,8.8089
에코아이,2023-11-21,23.15,코스닥,PER,코스닥 일반서비스,상업서비스와공급품,OK,31.9415,-8.7915,8.7915
스튜디오삼익,2024-02-06,24.49,코스닥,PER,코스닥 유통,가구,OK,33.2348,-8.7448,8.7448
아이스크림미디어,2024-08-30,18.65,코스닥,PER,코스닥 IT 서비스,교육서비스,OK,27.3794,-8.7294,8.7294
아이엠티,2023-10-10,43.785,코스닥,PER,코스닥 기계·장비,반도체와반도체장비,NO_XML_DR,35.6183,8.1667,8.1667
레이저쎌,2022-06-24,21.65,코스닥,PER,코스닥 기계·장비,반도체와반도체장비,NO_XML_DR,29.3331,-7.6831,7.6831
시큐센,2023-06-29,21.12,코스닥,PER,코스닥 IT 서비스,IT서비스,NO_XML_DR,28.792,-7.672,7.672
HB인베스트먼트,2024-01-25,31.86,코스닥,PER,코스닥 기타금융,창업투자,NO_XML_DR,24.2107,7.6493,7.6493
한중엔시에스,2024-06-24,37.62,코스닥,PER,코스닥 전기·전자,전기장비,OK,30.0296,7.5904,7.5904
에이치엔에스하이텍,2024-10-25,25.575,코스닥,PER,코스닥 전기·전자,전자장비와기기,OK,33.1614,-7.5864,7.5864
피아이이,2025-02-04,31.57,코스닥,PER,코스닥 기계·장비,IT서비스,OK,24.1598,7.4102,7.4102
삼양엔씨켐,2025-02-03,22.32,코스닥,EV/EBITDA,코스닥 화학,반도체와반도체장비,OK,29.5187,-7.1987,7.1987
바이오비쥬,2025-05-20,35.545,코스닥,PER,코스닥 화학,화장품,OK,28.3627,7.1823,7.1823
캡스톤파트너스,2023-11-15,19.595,코스닥,PER,코스닥 기타금융,창업투자,OK,26.6969,-7.1019,7.1019
넥스트칩,2022-07-01,37.45,코스닥,PER,코스닥 전기·전자,반도체와반도체장비,OK,30.4336,7.0164,7.0164
뉴로메카,2022-11-04,36.1,코스닥,PER,코스닥 기계·장비,기계,OK,29.3638,6.7362,6.7362
퀄리타스반도체,2023-10-27,29.19,코스닥,PER,코스닥 전기·전자,반도체와반도체장비,OK,35.6523,-6.4623,6.4623
꿈비,2023-02-09,18.005,코스닥,PER,코스닥 기타제조,가정용기기와용품,NO_XML_DR,24.397,-6.392,6.392
노브랜드,2024-05-24,23.395,코스닥,PER,코스닥 섬유·의류,"섬유,의류,신발,호화품",OK,29.7126,-6.3176,6.3176
현대힘스,2024-01-26,32.02,코스닥,PER,코스닥 운송장비·부품,조선,OK,25.9761,6.0439,6.0439
쏘닉스,2023-11-07,35.325,코스닥,PER,코스닥 전기·전자,핸드셋,OK,29.4517,5.8733,5.8733
엔젯,2022-11-18,28.6,코스닥,PER,코스닥 기계·장비,디스플레이장비및부품,OK,34.235,-5.635,5.635
퓨릿,2023-10-18,34.25,코스닥,EV/EBITDA,코스닥 화학,반도체와반도체장비,OK,28.6973,5.5527,5.5527
미트박스,2025-01-23,35.34,코스닥,PER,코스닥 IT 서비스,인터넷과카탈로그소매,OK,29.8437,5.4963,5.4963
나라셀라,2023-06-02,28.06,코스닥,PER,코스닥 유통,음료,OK,33.4006,-5.3406,5.3406
루미르,2024-10-21,29.03,코스닥,PER,코스닥 운송장비·부품,우주항공과국방,OK,34.344,-5.314,5.314
이지트로닉스,2022-02-04,38.6,코스닥,PER,코스닥 전기·전자,전기제품,OK,33.355,5.245,5.245
코츠테크놀로지,2023-08-10,28.67,코스닥,PER,코스닥 전기·전자,우주항공과국방,OK,23.4359,5.2341,5.2341
더즌,2025-03-24,30.46,코스닥,PER,코스닥 통신,IT서비스,OK,25.4823,4.9777,4.9777
티이엠씨,2023-01-19,26.05,코스닥,PER,코스닥 화학,반도체와반도체장비,OK,30.6398,-4.5898,4.5898
트루엔,2023-05-17,29.845,코스닥,PER,코스닥 전기·전자,전자장비와기기,OK,25.4818,4.3632,4.3632
하이젠알앤엠,2024-06-27,26.48,코스닥,EV/EBITDA,코스닥 전기·전자,기계,OK,30.8316,-4.3516,4.3516
에스비비테크,2022-10-17,39.1,코스닥,PER,코스닥 기계·장비,기계,OK,34.7806,4.3194,4.3194
웨이비스,2024-10-25,22.89,코스닥,PER,코스닥 전기·전자,우주항공과국방,OK,26.9952,-4.1052,4.1052
시큐레터,2023-08-24,30.8,코스닥,PER,코스닥 IT 서비스,소프트웨어,OK,26.8269,3.9731,3.9731
케이웨더,2024-02-22,21.485,코스닥,PER,코스닥 기계·장비,IT서비스,OK,25.3103,-3.8253,3.8253
에이직랜드,2023-11-13,34.67,코스닥,PER,코스닥 전기·전자,반도체와반도체장비,OK,30.9607,3.7093,3.7093
핀텔,2022-10-20,27.2,코스닥,PER,코스닥 IT 서비스,소프트웨어,OK,30.8062,-3.6062,3.6062
아이언디바이스,2024-09-23,30.68,코스닥,PER,코스닥 전기·전자,반도체와반도체장비,OK,27.1555,3.5245,3.5245
뱅크웨어글로벌,2024-08-12,33.62,코스닥,PER,코스닥 IT 서비스,IT서비스,OK,30.2686,3.3514,3.3514
에이럭스,2024-11-01,19.825,코스닥,PER,코스닥 기타제조,교육서비스,OK,23.0118,-3.1868,3.1868
한국피아이엠,2025-04-04,36.48,코스닥,EV/EBITDA,코스닥 운송장비·부품,자동차부품,OK,33.3345,3.1455,3.1455
모니터랩,2023-05-19,38.75,코스닥,PER,코스닥 IT 서비스,소프트웨어,NO_XML_DR,35.8142,2.9358,2.9358
자람테크놀로지,2023-03-07,33.55,코스닥,PER,코스닥 전기·전자,통신장비,OK,30.6331,2.9169,2.9169
와이제이링크,2024-10-18,27.76,코스닥,PER,코스닥 기계·장비,전자장비와기기,OK,24.8739,2.8861,2.8861
오브젠,2023-01-30,31.9,코스닥,PER,코스닥 IT 서비스,소프트웨어,OK,29.0295,2.8705,2.8705
사이냅소프트,2024-11-19,33.12,코스닥,PER,코스닥 IT 서비스,소프트웨어,OK,30.3701,2.7499,2.7499
뉴엔AI,2025-07-04,30.99,코스닥,EV/EBITDA,코스닥 IT 서비스,IT서비스,OK,33.6999,-2.7099,2.7099
제닉스,2024-09-30,30.195,코스닥,PER,코스닥 기계·장비,기계,OK,32.8042,-2.6092,2.6092
유라클,2024-08-16,28.26,코스닥,PER,코스닥 IT 서비스,소프트웨어,OK,30.8589,-2.5989,2.5989
위츠,2024-11-20,22.095,코스닥,PER,코스닥 전기·전자,핸드셋,OK,24.5945,-2.4995,2.4995
스톰테크,2023-11-20,32.400000000000006,코스닥,PER,코스닥 화학,가정용기기와용품,NO_XML_DR,34.8764,-2.4764,2.4764
포스뱅크,2024-01-29,22.745,코스닥,PER,코스닥 기계·장비,상업서비스와공급품,OK,25.2159,-2.4709,2.4709
한선엔지니어링,2023-11-24,27.835,코스닥,PER,코스닥 금속,기계,OK,30.2726,-2.4376,2.4376
코난테크놀로지,2022-07-07,31.65,코스닥,PER,코스닥 IT 서비스,소프트웨어,OK,34.0803,-2.4303,2.4303
에이치브이엠,2024-06-28,26.5,코스닥,PER,코스닥 금속,비철금속,OK,28.8948,-2.3948,2.3948
대진첨단소재,2025-03-06,35.755,코스닥,EV/EBITDA,코스닥 화학,전기제품,MINOR_DIFF,38.1417,-2.3867,2.3867
모티브링크,2025-02-20,23.205,코스닥,PER,코스닥 전기·전자,자동차부품,OK,25.5418,-2.3368,2.3368
와이즈넛,2025-01-24,31.805,,PER,코스닥 IT 서비스,소프트웨어,OK,29.6501,2.1549,2.1549
에이텀,2023-12-01,33.82,코스닥,PER,코스닥 전기·전자,전자장비와기기,OK,35.8253,-2.0053,2.0053
엘케이켐,2025-02-25,34.75,코스닥,PER,코스닥 화학,반도체와반도체장비,OK,32.7695,1.9805,1.9805
메가터치,2023-11-09,24.84,코스닥,PER,코스닥 전기·전자,전자장비와기기,OK,26.7748,-1.9348,1.9348
에스와이스틸텍,2023-11-13,28.0,코스닥,PER,코스닥 금속,건축자재,OK,26.1356,1.8644,1.8644
이노시뮬레이션,2023-07-06,34.55,코스닥,PER,코스닥 IT 서비스,소프트웨어,OK,36.3918,-1.8418,1.8418
에이엘티,2023-07-27,31.48,코스닥,PER,코스닥 전기·전자,반도체와반도체장비,OK,29.6868,1.7932,1.7932
버넥트,2023-07-26,27.9,코스닥,EV/EBITDA,코스닥 IT 서비스,소프트웨어,OK,26.1499,1.7501,1.7501
벡트,2024-12-16,27.615,코스닥,PER,코스닥 전기·전자,교육서비스,OK,29.3029,-1.6879,1.6879
파두,2023-08-07,30.3,코스닥,PER,코스닥 전기·전자,반도체와반도체장비,OK,28.6303,1.6697,1.6697
아우토크립트,2025-07-15,27.47,코스닥,PER,코스닥 IT 서비스,자동차부품,OK,29.1385,-1.6685,1.6685
컨텍,2023-11-09,27.87,코스닥,PER,코스닥 IT 서비스,우주항공과국방,OK,26.39,1.48,1.48
케이엔에스,2023-12-06,27.635,코스닥,PER,코스닥 기계·장비,전기제품,OK,29.1117,-1.4767,1.4767
LB인베스트먼트,2023-03-29,25.285,코스닥,PER,코스닥 기타금융,창업투자,NO_XML_DR,26.6969,-1.4119,1.4119
유진테크놀로지,2023-11-02,34.62,코스닥,PER,코스닥 금속,전기제품,OK,33.225,1.395,1.395
한싹,2023-10-04,27.645,코스닥,PER,코스닥 IT 서비스,소프트웨어,OK,28.9259,-1.2809,1.2809
한켐,2024-10-22,24.485,코스닥,PER,코스닥 화학,디스플레이장비및부품,OK,25.7445,-1.2595,1.2595
그린리소스,2023-11-24,28.75,코스닥,PER,코스닥 전기·전자,반도체와반도체장비,NO_XML_DR,29.5762,-0.8262,0.8262
이노스페이스,2024-07-02,31.0,코스닥,PER,코스닥 운송장비·부품,우주항공과국방,OK,30.1781,0.8219,0.8219
클로봇,2024-10-28,30.365,코스닥,PER,코스닥 IT 서비스,기계,OK,31.1784,-0.8134,0.8134
티엑스알로보틱스,2025-03-20,31.01,코스닥,PER,코스닥 기계·장비,기계,OK,30.3574,0.6526,0.6526
스튜디오미르,2023-02-07,29.4,코스닥,PER,코스닥 오락·문화,방송과엔터테인먼트,OK,28.7681,0.6319,0.6319
이닉스,2024-02-01,28.32,코스닥,PER,코스닥 운송장비·부품,전기제품,OK,28.563,-0.243,0.243
엠아이큐브솔루션,2023-08-04,30.145,코스닥,PER,코스닥 IT 서비스,IT서비스,OK,29.9271,0.2179,0.2179
닷밀,2024-11-13,26.995,코스닥,PER,코스닥 오락·문화,방송과엔터테인먼트,OK,26.8731,0.1219,0.1219
에스투더블유,2025-09-19,29.35,코스닥,PER,코스닥 IT 서비스,IT서비스,OK,29.2601,0.0899,0.0899
인스피언,2024-10-18,24.735,코스닥,PER,코스닥 IT 서비스,IT서비스,OK,24.8054,-0.0704,0.0704
