company_name,listing_date,corp_code,stock_code,rcept_no,report_nm,track_type,discount_rate_low_pct,discount_rate_high_pct,discount_rate_mid_pct,price_band_low,price_band_high,band_midpoint,final_offering_price,price_vs_mid,net_income_mn,net_income_bn,peer_per,valuation_model,per_stock_value,total_shares,offering_shares,offering_amount,discount_rate_xml_low,discount_rate_xml_high,discount_rate_xml_mid,listing_market,is_tech_special,is_growth_special,filled_key_fields,extraction_status,xml_size,discount_rate_implied,discount_rate_diff,data_quality_flag,net_income_type,institutional_ratio,retail_ratio,discount_rate_xml_source,dart_revenue_bn,dart_op_income_bn,dart_net_income_bn,dart_assets_bn,dart_equity_bn,dart_bsns_year,dart_reprt_code,dart_debt_ratio,dart_op_margin,net_income_source,source_dataset
HB인베스트먼트,2024-01-25,309460,440290,20240115000350,[발행조건확정]증권신고서(지분증권),general,26.62,37.1,31.86,2400.0,2800.0,2600.0,3400.0,0.3077,,,,PER,3816.0,,200010.0,22667800000.0,26.62,37.1,31.86,코스닥,0.0,0.0,3.0,partial,350696.0,,0.0,NO_XML_DR,,,,,,,,,,,,,,,ipo_features_raw.csv
LB인베스트먼트,2023-03-29,231901,309960,20230316000293,[발행조건확정]증권신고서(지분증권),general,19.78,30.79,25.285,4400.0,5100.0,4750.0,5100.0,0.0737,,,,PER,6357.0,,,23552039700.0,19.78,30.79,25.285,코스닥,0.0,0.0,3.0,partial,357273.0,,0.0,NO_XML_DR,,,,,,,,,,,,,,,ipo_features_raw.csv
LS머트리얼즈,2023-12-12,1528141,417200,20231130001608,[발행조건확정]증권신고서(지분증권),general,13.62,30.89,22.255,4400.0,5500.0,4950.0,6000.0,0.2121,,,,EV/EBITDA,6423.0,,,87750000000.0,14.36,31.49,22.925,코스닥,0.0,0.0,3.0,partial,640531.0,6.5857,0.67,OK,,,,,,,,,,,,,,,ipo_features_raw.csv
M83,2024-08-22,1704680,476080,20240809000437,[발행조건확정]증권신고서(지분증권),general,33.63,43.84,38.735,11000.0,13000.0,12000.0,16000.0,0.3333,,,,PER,19588.0,8270400.0,,,33.63,43.84,38.735,코스닥,0.0,0.0,3.0,partial,521727.0,18.3173,0.0,OK,,,,,,,,,,,,,,,ipo_features_raw.csv
그래피,2025-08-25,01565054,318060,20250808000191,[발행조건확정]증권신고서(지분증권),general,32.39,42.53,37.46,17000.0,20000.0,18500.0,15000.0,-0.1892,11776.0,117.76,28.96,PER,29581.0,11528547.0,1950000.0,29250000000.0,32.39,42.53,37.46,코스닥,0.0,0.0,5.0,ok,852612.0,49.2918,0.0,OK,,,,,,,,,,,,,,,peer_group_expanded_features_enriched.csv
그리드위즈,2024-06-14,1299203,453450,20240531001586,[발행조건확정]증권신고서(지분증권),general,43.11,51.65,47.38,34000.0,40000.0,37000.0,40000.0,0.0811,,,,PER,70315.0,,1400000.0,56000000000.0,43.11,51.65,47.38,코스닥,0.0,0.0,3.0,partial,669538.0,43.1131,0.0,OK,,,,,,,,,,,,,,,ipo_features_raw.csv
그린광학,2025-11-17,00677486,,20251105000064,[발행조건확정]증권신고서(지분증권),general,24.57,34.0,29.285,14000.0,16000.0,15000.0,16000.0,0.0667,9768.0,97.68,,PER,21211.0,11702541.0,,32000000000.0,24.57,34.0,29.285,코스닥,0.0,0.0,4.0,ok,553714.0,24.5674,0.0,OK,,,,,,,,,,,,,,,peer_group_expanded_features_enriched.csv
그린리소스,2023-11-24,01370863,402490,20231110000300,[발행조건확정]증권신고서(지분증권),general,20.2,37.3,28.75,11000.0,14000.0,12500.0,17000.0,0.36,,,,PER,17545.0,,1640000.0,27880000000.0,,,,코스닥,0.0,0.0,3.0,partial,426054.0,3.1063,,NO_XML_DR,,,,,,,,,,,,,,,peer_group_expanded_features_enriched.csv
꿈비,2023-02-09,1586455,407400,20230130000210,[발행조건확정]증권신고서(지분증권),general,13.18,22.83,18.005,4000.0,4500.0,4250.0,5000.0,0.1765,,,,PER,5183.0,,,10000000000.0,,,,코스닥,0.0,0.0,3.0,partial,368993.0,3.5308,,NO_XML_DR,,,,,,,,,,,,,,,ipo_features_raw.csv
나라셀라,2023-06-02,1021639,405920,20230519000339,[발행조건확정]증권신고서(지분증권),general,21.52,34.6,28.06,20000.0,24000.0,22000.0,20000.0,-0.0909,,,,PER,,,,,21.52,34.6,28.06,코스닥,0.0,0.0,3.0,partial,335641.0,,0.0,OK,,,,,,,,,,,,,,,ipo_features_raw.csv
나라스페이스테크놀로지,2025-12-17,01787355,478340,20251205000544,[발행조건확정]증권신고서(지분증권),general,30.69,44.97,37.83,13100.0,16500.0,14800.0,16500.0,0.1149,5419.0,54.19,51.72,PER,23805.0,11774571.0,1720000.0,28380000000.0,30.69,44.97,37.83,코스닥,0.0,0.0,5.0,ok,881712.0,30.6868,0.0,OK,,,,,,,,,,,,,,,peer_group_expanded_features_enriched.csv
나우로보틱스,2025-05-08,01594791,459510,20250422000537,[발행조건확정]증권신고서(지분증권),general,25.17,35.07,30.12,5900.0,6800.0,6350.0,6800.0,0.0709,,,,PER,9087.0,,2500000.0,17000000000.0,25.17,35.07,30.12,코스닥,0.0,0.0,3.0,partial,491154.0,25.1678,0.0,OK,,,,,,,,,,,,,,,peer_group_expanded_features_enriched.csv
넥스트바이오메디컬,2024-08-20,01385050,389650,20240806000195,[발행조건확정]증권신고서(지분증권),general,30.6,42.56,36.58,24000.0,29000.0,26500.0,29000.0,0.0943,18360.0,183.6,,PER,417843.0,,1000000.0,29000000000.0,30.6,42.56,36.58,코스닥,0.0,0.0,4.0,ok,519073.0,93.0596,0.0,OK,,,,,,,,,,,,,,,peer_group_expanded_features_enriched.csv
넥스트칩,2022-07-01,01515864,396270,20220620000302,[발행조건확정]증권신고서(지분증권),general,32.5,42.4,37.45,9900.0,11600.0,10750.0,13000.0,0.2093,,,,PER,17181.0,,78000.0,33800000000.0,32.5,42.4,37.45,코스닥,0.0,0.0,3.0,partial,405420.0,24.335,0.0,OK,,,,,,,,,,,,,,,peer_group_expanded_features_enriched.csv
노머스,2024-11-12,01703849,473980,20241101000247,[발행조건확정]증권신고서(지분증권),general,24.91,32.37,28.64,27200.0,30200.0,28700.0,30200.0,0.0523,,,,PER,40220.0,,1130000.0,34126000000.0,24.7,32.2,28.45,코스닥,0.0,0.0,3.0,partial,699081.0,24.913,0.19,OK,,,,,,,,,,,,,,,peer_group_expanded_features_enriched.csv
노브랜드,2024-05-23,00305941,145170,20240510000090,[발행조건확정]증권신고서(지분증권),general,14.45,32.34,23.395,8700.0,11000.0,9850.0,14000.0,0.4213,,,,PER,12858.0,9950113.0,1200000.0,16800000000.0,14.45,32.34,23.395,코스닥,0.0,0.0,3.0,partial,622237.0,-8.8816,0.0,OK,,,,,,,,,,,,,,,peer_group_expanded_features_enriched.csv
노브랜드,2024-05-24,305941,145170,20240510000090,[발행조건확정]증권신고서(지분증권),general,14.45,32.34,23.395000000000003,8700.0,11000.0,9850.0,14000.0,0.4213,,,,PER,12858.0,9950113.0,1200000.0,16800000000.0,14.45,32.34,23.395,코스닥,0.0,0.0,3.0,partial,622237.0,-8.8816,0.0,OK,,,,,,,,,,,,,,,ipo_features_raw.csv
노을,2022-03-03,01494118,376930,20220218001119,[발행조건확정]증권신고서(지분증권),general,16.5,36.2,26.35,13000.0,17000.0,15000.0,10000.0,-0.3333,,-123.1309,,PER,,,1500000.0,15000000000.0,16.51,36.15,26.33,코스닥,0.0,0.0,3.0,partial,349163.0,,0.02,OK,,64.0,25.0,,14.7531,-114.3791,-123.1309,199.6112,18.5701,2021.0,11011.0,974.9,-775.29,dart_api,peer_group_expanded_features_enriched.csv
노타,2025-11-03,01810477,486990,20251022000314,[발행조건확정]증권신고서(지분증권),general,22.7,35.5,29.1,7600.0,9100.0,8350.0,9100.0,0.0898,8616.0,86.16,29.4,PER,11774.0,21500805.0,2916000.0,26535600000.0,22.7,35.5,29.1,코스닥,0.0,0.0,5.0,ok,977500.0,22.7111,0.0,OK,,,,,,,,,,,,,,,peer_group_expanded_features_enriched.csv
뉴로메카,2022-11-04,01336461,348340,20221025000174,[발행조건확정]증권신고서(지분증권),general,30.1,42.1,36.1,14000.0,16900.0,15450.0,16900.0,0.0939,14220.76,142.2076,30.41,PER,24177.0,10967670.0,45000.0,,29.69,41.69,35.69,코스닥,0.0,0.0,5.0,ok,657971.0,30.0989,0.41,OK,,,,,,,,,,,,,,,peer_group_expanded_features_enriched.csv
뉴로핏,2025-07-25,01782004,380550,20250714000224,[발행조건확정]증권신고서(지분증권),general,24.76,38.74,31.75,11400.0,14000.0,12700.0,14000.0,0.1024,,,,PER,18608.0,,2000000.0,28000000000.0,24.76,38.74,31.75,코스닥,0.0,0.0,3.0,partial,745705.0,24.7635,0.0,OK,,,,,,,,,,,,,,,peer_group_expanded_features_enriched.csv
뉴엔AI,2025-07-04,01639508,463020,20250620000288,[발행조건확정]증권신고서(지분증권),general,26.06,35.92,30.99,13000.0,15000.0,14000.0,15000.0,0.0714,,,,EV/EBITDA,20287.0,,2220000.0,33300000000.0,26.06,35.92,30.99,코스닥,0.0,0.0,3.0,partial,647823.0,26.061,0.0,OK,,,,,,,,,,,,,,,peer_group_expanded_features_enriched.csv
닷밀,2024-11-13,1605282,464580,20241101000289,[발행조건확정]증권신고서(지분증권),general,20.91,33.08,26.995,11000.0,13000.0,12000.0,13000.0,0.0833,,,,PER,16438.0,9438054.0,1200000.0,,20.91,33.08,26.995,코스닥,0.0,0.0,3.0,partial,457533.0,20.915,0.0,OK,,,,,,,,,,,,,,,ipo_features_raw.csv
대진첨단소재,2025-03-06,1549472,393970,20250219001498,[발행조건확정]증권신고서(지분증권),general,30.11,41.4,35.754999999999995,10900.0,13000.0,11950.0,9000.0,-0.2469,,,31.54,EV/EBITDA,19200.0,,3000000.0,27000000000.0,32.29,43.23,37.76,코스닥,0.0,0.0,4.0,ok,730567.0,53.125,2.005,MINOR_DIFF,,,,,,,,,,,,,,,ipo_features_raw.csv
더즌,2025-03-24,1563667,462860,20250311000714,[발행조건확정]증권신고서(지분증권),general,24.41,36.51,30.46,10500.0,12500.0,11500.0,9000.0,-0.2174,11760.417,117.6042,33.7,PER,16537.0,23967758.0,2500000.0,22500000000.0,24.41,36.51,30.46,코스닥,0.0,0.0,5.0,ok,450457.0,45.5766,0.0,OK,,,,,,,,,,,,,,,ipo_features_raw.csv
더핑크퐁컴퍼니,2025-11-18,01138364,403850,20251105000307,[발행조건확정]증권신고서(지분증권),general,15.3,28.67,21.985,32000.0,38000.0,35000.0,38000.0,0.0857,25616.0,256.16,,EV/EBITDA,44864.0,,2000000.0,76000000000.0,15.3,28.67,21.985,코스닥,0.0,0.0,4.0,ok,530840.0,15.2996,0.0,OK,EBITDA,,,,,,,,,,,,,,peer_group_expanded_features_enriched.csv
데이원컴퍼니,2025-01-24,01455492,373160,20250114000473,[발행조건확정]증권신고서(지분증권),general,14.14,29.25,21.695,22000.0,26700.0,24350.0,13000.0,-0.4661,,-16.1117,,EV/EBITDA,31097.0,13950639.0,1361000.0,17693000000.0,14.14,29.25,21.695,코스닥,0.0,0.0,3.0,partial,675634.0,58.1953,0.0,OK,,,,,1276.801,-2.8676,-16.1117,610.0396,236.6556,2024.0,11011.0,157.78,-0.22,dart_api,peer_group_expanded_features_enriched.csv
도우인시스,2025-07-23,01380578,484120,20250711000117,[발행조건확정]증권신고서(지분증권),general,16.2,24.05,20.125,29000.0,32000.0,30500.0,32000.0,0.0492,,,15.01,EV/EBITDA,38185.0,10964654.0,1400000.0,44800000000.0,16.2,24.05,20.125,코스닥,0.0,0.0,4.0,ok,509587.0,16.1975,0.0,OK,,,,,,,,,,,,,,,peer_group_expanded_features_enriched.csv
동국생명과학,2025-02-17,1233465,303810,20250131000480,[발행조건확정]증권신고서(지분증권),general,11.2,21.75,16.475,12600.0,14300.0,13450.0,9000.0,-0.3309,,,14.82,EV/EBITDA,16103.0,,2000000.0,18000000000.0,11.26,21.5,16.38,코스닥,0.0,0.0,4.0,ok,624274.0,44.1098,0.095,OK,,,,,,,,,,,,,,,ipo_features_raw.csv
동방메디컬,2025-02-13,1073261,240550,20250124000579,[발행조건확정]증권신고서(지분증권),general,38.78,47.53,43.155,9000.0,10500.0,9750.0,10500.0,0.0769,22301.155,223.0115,17.58,EV/EBITDA,17152.0,21226940.0,3000000.0,31500000000.0,40.63,49.11,44.87,코스닥,0.0,0.0,5.0,ok,488569.0,38.7826,1.715,MINOR_DIFF,EBITDA,69.0,25.0,,,,,,,,,,,,ipo_features_raw.csv
듀켐바이오,2024-12-20,867034,176750,20241209000393,[발행조건확정]증권신고서(지분증권),general,30.99,39.8,35.395,12300.0,14100.0,13200.0,8000.0,-0.3939,,,,PER,20431.0,,1430000.0,11440000000.0,30.99,39.8,35.395,코스닥,0.0,0.0,3.0,partial,519705.0,,0.0,NO_XML_DR,,,,,,,,,,,,,,,ipo_features_raw.csv
디앤디파마텍,2024-05-02,01376715,347850,20240419000507,[발행조건확정]증권신고서(지분증권),general,40.31,49.49,44.9,22000.0,26000.0,24000.0,33000.0,0.375,33297.0,332.97,,PER,43555.0,11029867.0,1100000.0,36300000000.0,40.31,49.49,44.9,코스닥,0.0,0.0,4.0,ok,775557.0,24.2337,0.0,OK,,,,,,,,,,,,,,,peer_group_expanded_features_enriched.csv
라메디텍,2024-06-17,01504211,462510,20240603000259,[발행조건확정]증권신고서(지분증권),general,10.54,26.75,18.645,10400.0,12700.0,11550.0,16000.0,0.3853,,,,PER,14197.0,,1298000.0,20768000000.0,10.54,26.75,18.645,코스닥,0.0,0.0,3.0,partial,491910.0,-12.6999,0.0,OK,,,,,,,,,,,,,,,peer_group_expanded_features_enriched.csv
레이저쎌,2022-06-24,01573381,412350,20220613000057,[발행조건확정]증권신고서(지분증권),general,15.6,27.7,21.65,12000.0,14000.0,13000.0,16000.0,0.2308,,,,PER,16592.0,,1600000.0,25600000000.0,,,,코스닥,0.0,0.0,3.0,partial,392603.0,3.568,,NO_XML_DR,,,,,,,,,,,,,,,peer_group_expanded_features_enriched.csv
로킷헬스케어,2025-05-12,01335143,376900,20250422000103,[발행조건확정]증권신고서(지분증권),general,29.0,39.5,34.25,11000.0,13000.0,12000.0,11000.0,-0.0833,11784.0,117.84,25.12,PER,18249.0,16218639.0,46800.0,17160000000.0,29.0,39.5,34.25,코스닥,0.0,0.0,5.0,ok,833985.0,39.7227,0.0,OK,,,,,,,,,,,,,,,peer_group_expanded_features_enriched.csv
루닛,2022-07-21,01397620,328130,20220711000248,[발행조건확정]증권신고서(지분증권),general,38.1,44.4,41.25,44000.0,49000.0,46500.0,30000.0,-0.3548,58349.0,583.49,34.82,PER,79178.0,22055945.0,1215800.0,36474000000.0,38.11,44.43,41.27,코스닥,0.0,0.0,5.0,ok,836009.0,62.1107,0.02,OK,,,,,,,,,,,,,,,peer_group_expanded_features_enriched.csv
루미르,2024-10-21,01636565,474170,20241008000444,[발행조건확정]증권신고서(지분증권),general,21.36,36.7,29.03,16500.0,20500.0,18500.0,12000.0,-0.3514,17652.0,176.52,28.35,PER,26068.0,19198502.0,2400000.0,28800000000.0,21.36,36.7,29.03,코스닥,0.0,0.0,5.0,ok,689910.0,53.9665,0.0,OK,,,,,,,,,,,,,,,peer_group_expanded_features_enriched.csv
리브스메드,2025-12-24,01385005,491000,20251212000518,[발행조건확정]증권신고서(지분증권),general,27.13,41.7,34.415,44000.0,55000.0,49500.0,55000.0,0.1111,42995.0,429.95,45.5,PER,75474.0,25919737.0,2470000.0,135850000000.0,27.13,41.7,34.415,코스닥,0.0,0.0,5.0,ok,1240739.0,27.1272,0.0,OK,,,,,,,,,,,,,,,peer_group_expanded_features_enriched.csv
링크솔루션,2025-06-10,01764099,474650,20250526000299,[발행조건확정]증권신고서(지분증권),general,42.87,50.32,46.595,20000.0,23000.0,21500.0,23000.0,0.0698,7771.0,77.71,30.08,PER,40259.0,5806432.0,,20700000000.0,42.87,50.32,46.595,코스닥,0.0,0.0,5.0,ok,426880.0,42.8699,0.0,OK,,,,,,,,,,,,,,,peer_group_expanded_features_enriched.csv
마녀공장,2023-06-08,1136977,439090,20230524000321,[발행조건확정]증권신고서(지분증권),general,37.32,46.28,41.8,12000.0,14000.0,13000.0,16000.0,0.2308,,,,PER,22337.0,,,32000000000.0,37.32,46.28,41.8,코스닥,0.0,0.0,3.0,partial,341158.0,28.37,0.0,OK,,,,,,,,,,,,,,,ipo_features_raw.csv
메가터치,2023-11-09,923516,446540,20231030000175,[발행조건확정]증권신고서(지분증권),general,19.83,29.85,24.84,3500.0,4000.0,3750.0,4800.0,0.28,,,,PER,4989.0,,5200000.0,24960000000.0,19.83,29.85,24.84,코스닥,0.0,0.0,3.0,partial,605141.0,3.7883,0.0,OK,,,,,,,,,,,,,,,ipo_features_raw.csv
모니터랩,2023-05-19,01583652,434480,20230508000469,[발행조건확정]증권신고서(지분증권),general,30.6,46.9,38.75,7500.0,9800.0,8650.0,9800.0,0.1329,,,,PER,,,2000000.0,19600000000.0,,,,코스닥,0.0,0.0,3.0,partial,342877.0,,,NO_XML_DR,,,,,,,,,,,,,,,peer_group_expanded_features_enriched.csv
모아데이타,2022-03-10,01423837,288980,20220224002200,[발행조건확정]증권신고서(지분증권),general,15.9,27.9,21.9,24000.0,28000.0,26000.0,20000.0,-0.2308,,10.8341,,PER,33286.0,,24000.0,16000000000.0,15.9,27.9,21.9,코스닥,0.0,0.0,3.0,partial,299677.0,39.9147,0.0,OK,,,,,196.4252,27.0973,10.8341,248.7891,193.4073,2021.0,11011.0,28.63,13.8,dart_api,peer_group_expanded_features_enriched.csv
모티브링크,2025-02-20,367400,463480,20250210000466,[발행조건확정]증권신고서(지분증권),general,16.98,29.43,23.205,5100.0,6000.0,5550.0,6000.0,0.0811,3204.0,32.04,,PER,7227.0,12390358.0,3020590.0,18123540000.0,17.53,29.88,23.705,코스닥,0.0,0.0,4.0,ok,507340.0,16.978,0.5,OK,,,,,,,,,,,,,,,ipo_features_raw.csv
미트박스,2025-01-23,1374717,475460,20250110000703,[발행조건확정]증권신고서(지분증권),general,29.18,41.5,35.34,19000.0,23000.0,21000.0,19000.0,-0.0952,,,,PER,32478.0,5642150.0,1000000.0,19000000000.0,29.18,41.5,35.34,코스닥,0.0,0.0,3.0,partial,467403.0,41.4989,0.0,OK,,,,,,,,,,,,,,,ipo_features_raw.csv
민테크,2024-05-03,01689035,452200,20240422000037,[발행조건확정]증권신고서(지분증권),general,13.62,33.95,23.785,6500.0,8500.0,7500.0,10500.0,0.4,,,,PER,9841.0,,3000000.0,,13.62,33.95,23.785,코스닥,0.0,0.0,3.0,partial,370406.0,-6.6965,0.0,OK,,,,,,,,,,,,,,,peer_group_expanded_features_enriched.csv
밀리의서재,2023-09-27,01467451,418470,20230915000280,[발행조건확정]증권신고서(지분증권),general,38.16,46.23,42.195,20000.0,23000.0,21500.0,23000.0,0.0698,,,,PER,37193.0,,1500000.0,,38.16,46.23,42.195,코스닥,0.0,0.0,3.0,partial,438189.0,38.1604,0.0,OK,,,,,,,,,,,,,,,peer_group_expanded_features_enriched.csv
바이오비쥬,2025-05-20,1657197,489460,20250502000293,[발행조건확정]증권신고서(지분증권),general,31.42,39.67,35.545,8000.0,9100.0,8550.0,9100.0,0.0643,8120.0,81.2,25.51,PER,13342.0,15524430.0,3000000.0,27300000000.0,31.42,39.67,35.545,코스닥,0.0,0.0,5.0,ok,507002.0,31.7943,0.0,OK,,,,,,,,,,,,,,,ipo_features_raw.csv
바이오에프디엔씨,2022-02-21,01160974,251120,20220127000144,[발행조건확정]증권신고서(지분증권),general,20.4,36.8,28.6,23000.0,29000.0,26000.0,28000.0,0.0769,14799.0,147.99,28.85,PER,36414.2,8864700.0,1300000.0,,20.36,36.84,28.6,코스닥,0.0,0.0,5.0,ok,532934.0,23.1069,0.0,OK,,,,,,,,,,,,,,,peer_group_expanded_features_enriched.csv
뱅크웨어글로벌,2024-08-12,01138595,199480,20240731000209,[발행조건확정]증권신고서(지분증권),general,27.93,39.31,33.62,16000.0,19000.0,17500.0,16000.0,-0.0857,,,,PER,26361.0,,1400000.0,,27.93,39.31,33.62,코스닥,0.0,0.0,3.0,partial,348349.0,39.3043,0.0,OK,,,,,,,,,,,,,,,peer_group_expanded_features_enriched.csv
버넥트,2023-07-26,01605529,438700,20230714000339,[기재정정]증권신고서(지분증권),general,21.9,33.9,27.9,11500.0,13600.0,12550.0,16000.0,0.2749,9956.0,99.56,,EV/EBITDA,17408.0,,1920000.0,,21.88,33.94,27.91,코스닥,0.0,0.0,4.0,ok,3490948.0,8.0882,0.01,OK,,,,,,,,,,,,,,,peer_group_expanded_features_enriched.csv
벡트,2024-12-16,1453944,457600,20241203000034,[발행조건확정]증권신고서(지분증권),general,23.7,31.53,27.615,3500.0,3900.0,3700.0,3900.0,0.0541,3174.0,31.74,22.08,PER,,,4750000.0,18525000000.0,23.7,31.53,27.615,코스닥,0.0,0.0,5.0,ok,579711.0,,0.0,OK,,,,,,,,,,,,,,,ipo_features_raw.csv
보로노이,2022-06-24,01327746,310210,20220613000191,[발행조건확정]증권신고서(지분증권),general,36.5,44.8,40.65,40000.0,46000.0,43000.0,40000.0,-0.0698,,,,PER,72464.0,,1300000.0,52000000000.0,36.52,44.8,40.66,코스닥,0.0,0.0,3.0,partial,385674.0,44.8002,0.01,OK,,,,,,,,,,,,,,,peer_group_expanded_features_enriched.csv
비츠로넥스텍,2025-11-21,01194607,488900,20251110000233,[발행조건확정]증권신고서(지분증권),general,21.95,33.26,27.605,5900.0,6900.0,6400.0,6900.0,0.0781,6781.0,67.81,37.78,PER,8840.0,,4400000.0,30360000000.0,21.95,33.26,27.605,코스닥,0.0,0.0,5.0,ok,650831.0,21.9457,0.0,OK,,,,,,,,,,,,,,,peer_group_expanded_features_enriched.csv
사이냅소프트,2024-11-19,1207901,466410,20241106000152,[발행조건확정]증권신고서(지분증권),general,27.98,38.26,33.12,21000.0,24500.0,22750.0,24500.0,0.0769,6809.0,68.09,25.2,PER,34016.0,5037023.0,1010000.0,24745000000.0,27.98,38.26,33.12,코스닥,0.0,0.0,5.0,ok,450847.0,27.9751,0.0,OK,,,,,,,,,,,,,,,ipo_features_raw.csv
삼기이브이,2023-02-03,1526806,419050,20230120000341,[발행조건확정]증권신고서(지분증권),general,10.98,25.51,18.245,13800.0,16500.0,15150.0,11000.0,-0.2739,,,,PER,18536.0,,3552037.0,39072407000.0,10.98,25.51,18.245,코스닥,0.0,0.0,3.0,partial,652966.0,40.656,0.0,OK,,,,,,,,,,,,,,,ipo_features_raw.csv
삼양엔씨켐,2025-02-03,863533,482630,20250114000181,[발행조건확정]증권신고서(지분증권),general,17.75,26.89,22.32,16000.0,18000.0,17000.0,18000.0,0.0588,16121.0,161.21,,EV/EBITDA,21884.0,10830140.0,1100000.0,19800000000.0,17.7,26.9,22.3,코스닥,0.0,0.0,4.0,ok,463573.0,17.7481,0.02,OK,EBITDA,,,,,,,,,,,,,,ipo_features_raw.csv
삼양컴텍,2025-08-18,00141583,484590,20250801000255,[발행조건확정]증권신고서(지분증권),general,25.25,35.92,30.585,6600.0,7700.0,7150.0,7700.0,0.0769,2.0,0.02,,PER,,,14500000.0,111650000000.0,25.25,35.92,30.585,코스닥,0.0,0.0,4.0,ok,899220.0,,0.0,OK,,,,,,,,,,,,,,,peer_group_expanded_features_enriched.csv
삼현,2024-03-21,00262266,437730,20240311000468,[발행조건확정]증권신고서(지분증권),general,12.93,30.28,21.605,20000.0,25000.0,22500.0,30000.0,0.3333,,94.498,,PER,28685.0,,2000000.0,60000000000.0,12.93,30.28,21.605,코스닥,0.0,0.0,3.0,partial,573898.0,-4.5843,0.0,OK,,,,,998.4874,97.9638,94.498,948.5974,485.8354,2023.0,11011.0,95.25,9.81,dart_api,peer_group_expanded_features_enriched.csv
샤페론,2022-10-19,01387164,378800,20221005000182,[발행조건확정]증권신고서(지분증권),general,35.3,48.0,41.65,8200.0,10200.0,9200.0,5000.0,-0.4565,,,,PER,15758.0,,2747000.0,13735000000.0,35.3,48.0,41.65,코스닥,0.0,0.0,3.0,partial,358224.0,68.2701,0.0,OK,,,,,,,,,,,,,,,peer_group_expanded_features_enriched.csv
성우,2024-10-30,00319272,458650,20241018000189,[발행조건확정]증권신고서(지분증권),general,14.03,25.89,19.96,25000.0,29000.0,27000.0,32000.0,0.1852,25518.0,255.18,,PER,33732.0,15076980.0,3000000.0,96000000000.0,14.03,25.89,19.96,코스닥,0.0,0.0,4.0,ok,522577.0,5.1346,0.0,OK,,,,,,,,,,,,,,,peer_group_expanded_features_enriched.csv
성우,2024-10-31,319272,458650,20241018000189,[발행조건확정]증권신고서(지분증권),general,14.03,25.89,19.96,25000.0,29000.0,27000.0,32000.0,0.1852,,,,PER,33732.0,15076980.0,3000000.0,96000000000.0,14.03,25.89,19.96,코스닥,0.0,0.0,3.0,partial,522577.0,5.1346,0.0,OK,,,,,,,,,,,,,,,ipo_features_raw.csv
세나테크놀로지,2025-11-14,01010615,061090,20251031000250,[발행조건확정]증권신고서(지분증권),general,39.44,49.35,44.395,47500.0,56800.0,52150.0,56800.0,0.0892,20549.0,205.49,26.76,PER,93788.0,5862700.0,560000.0,31808000000.0,39.4,49.3,44.35,코스닥,0.0,0.0,5.0,ok,559400.0,39.4379,0.045,OK,,,,,,,,,,,,,,,peer_group_expanded_features_enriched.csv
셀비온,2024-10-16,01275489,308430,20241004000196,[발행조건확정]증권신고서(지분증권),general,41.32,51.1,46.21,10000.0,12200.0,11100.0,15000.0,0.3514,,,,PER,20449.0,,1911000.0,28665000000.0,40.5,51.0,45.75,코스닥,0.0,0.0,3.0,partial,400235.0,26.6468,0.46,OK,,,,,,,,,,,,,,,peer_group_expanded_features_enriched.csv
스마트레이더시스템,2023-08-22,01555215,424960,20230809000641,[발행조건확정]증권신고서(지분증권),general,42.2,50.7,46.45,5800.0,6800.0,6300.0,8000.0,0.2698,,,,PER,11773.0,,2220000.0,17760000000.0,42.24,50.73,46.485,코스닥,0.0,0.0,3.0,partial,460255.0,32.0479,0.035,OK,,,,,,,,,,,,,,,peer_group_expanded_features_enriched.csv
스톰테크,2023-11-20,1226270,352090,20231108000232,[발행조건확정]증권신고서(지분증권),general,26.6,38.2,32.400000000000006,8000.0,9500.0,8750.0,11000.0,0.2571,,,,PER,,,3350000.0,36850000000.0,26.6,38.2,32.4,코스닥,0.0,0.0,3.0,partial,468371.0,,0.0,NO_XML_DR,,,,,,,,,,,,,,,ipo_features_raw.csv
스튜디오미르,2023-02-07,1139965,408900,20230119000286,[발행조건확정]증권신고서(지분증권),general,20.8,38.0,29.4,15300.0,19500.0,17400.0,19500.0,0.1207,,,,PER,24603.0,,1000000.0,,20.8,38.0,29.4,코스닥,0.0,0.0,3.0,partial,466942.0,20.7414,0.0,OK,,,,,,,,,,,,,,,ipo_features_raw.csv
스튜디오삼익,2024-02-06,1540815,415380,20240124000150,[발행조건확정]증권신고서(지분증권),general,19.62,29.36,24.49,14500.0,16500.0,15500.0,18000.0,0.1613,,,,PER,20526.0,,,15300000000.0,19.62,29.36,24.49,코스닥,0.0,0.0,3.0,partial,400382.0,12.3063,0.0,OK,,,,,,,,,,,,,,,ipo_features_raw.csv
시지트로닉스,2023-08-03,01284751,429270,20230721000279,[발행조건확정]증권신고서(지분증권),general,40.6,46.5,43.55,18000.0,20000.0,19000.0,25000.0,0.3158,,,,PER,33651.0,,900000.0,,40.57,46.51,43.54,코스닥,0.0,0.0,3.0,partial,397255.0,25.708,0.01,OK,,,,,,,,,,,,,,,peer_group_expanded_features_enriched.csv
시큐레터,2023-08-24,01579570,418250,20230811001329,[발행조건확정]증권신고서(지분증권),general,25.9,35.7,30.8,9200.0,10600.0,9900.0,12000.0,0.2121,,,,PER,14313.0,,1333885.0,16006620000.0,26.0,36.0,31.0,코스닥,0.0,0.0,3.0,partial,986493.0,16.1601,0.2,OK,,,,,,,,,,,,,,,peer_group_expanded_features_enriched.csv
시큐센,2023-06-29,1113499,232830,20230619000132,[발행조건확정]증권신고서(지분증권),konex_transfer,13.95,28.29,21.12,2000.0,2400.0,2200.0,3000.0,0.3636,,,,PER,2789.0,,1948000.0,5844000000.0,,,,코스닥,0.0,0.0,3.0,partial,349394.0,-7.5654,,NO_XML_DR,,,,,,,,,,,,,,,ipo_features_raw.csv
심플랫폼,2025-03-21,01590980,444530,20250310000115,[발행조건확정]증권신고서(지분증권),general,21.84,32.26,27.05,13000.0,15000.0,14000.0,15000.0,0.0714,4116.0,41.16,30.99,PER,19192.0,6647443.0,920000.0,13800000000.0,22.04,32.64,27.34,코스닥,0.0,0.0,5.0,ok,587582.0,21.8424,0.29,OK,,,,,,,,,,,,,,,peer_group_expanded_features_enriched.csv
싸이닉솔루션,2025-07-07,00874168,234030,20250624000255,[발행조건확정]증권신고서(지분증권),general,8.74,22.33,15.535,4000.0,4700.0,4350.0,4700.0,0.0805,4003.0,40.03,,PER,5150.0,23605000.0,3500000.0,16450000000.0,8.74,22.33,15.535,코스닥,0.0,0.0,4.0,ok,431658.0,8.7379,0.0,OK,,,,,,,,,,,,,,,peer_group_expanded_features_enriched.csv
쎄크,2025-04-28,00406222,081180,20250416000412,[발행조건확정]증권신고서(지분증권),general,23.52,33.71,28.615,13000.0,15000.0,14000.0,15000.0,0.0714,8043.0,80.43,21.52,PER,19612.0,8825535.0,,18000000000.0,23.52,33.71,28.615,코스닥,0.0,0.0,5.0,ok,438466.0,23.5162,0.0,OK,,,,,,,,,,,,,,,peer_group_expanded_features_enriched.csv
쏘닉스,2023-11-07,00561723,088280,20231025000085,[발행조건확정]증권신고서(지분증권),general,24.55,46.1,35.325,5000.0,7000.0,6000.0,7500.0,0.25,,,,PER,9277.0,,3600000.0,27000000000.0,24.55,46.1,35.325,코스닥,0.0,0.0,3.0,partial,440855.0,19.1549,0.0,OK,,,,,,,,,,,,,,,peer_group_expanded_features_enriched.csv
쓰리빌리언,2024-11-14,01506617,394800,20241101000139,[발행조건확정]증권신고서(지분증권),general,11.15,38.49,24.82,4500.0,6500.0,5500.0,4500.0,-0.1818,8712.0,87.12,,PER,7315.0,31770176.0,3200000.0,14400000000.0,11.15,38.49,24.82,코스닥,0.0,0.0,4.0,ok,520768.0,38.4826,0.0,OK,,,,,,,,,,,,,,,peer_group_expanded_features_enriched.csv
쓰리에이로직스,2024-12-24,00870065,177900,20241212000606,[발행조건확정]증권신고서(지분증권),general,45.4,52.9,49.15,15700.0,18200.0,16950.0,11000.0,-0.351,,,,PER,,,1857400.0,20431400000.0,45.4,52.9,49.15,코스닥,0.0,0.0,3.0,partial,488615.0,,0.0,OK,,,,,,,,,,,,,,,peer_group_expanded_features_enriched.csv
씨메스,2024-10-24,01588189,475400,20241014000121,[기재정정]증권신고서(지분증권),general,15.71,29.76,22.735,20000.0,24000.0,22000.0,30000.0,0.3636,7556.0,75.56,45.12,PER,28472.0,11972920.0,2600000.0,,15.71,29.76,22.735,코스닥,0.0,0.0,5.0,ok,3914502.0,-5.3667,0.0,OK,,,,,,,,,,,,,,,peer_group_expanded_features_enriched.csv
씨엠티엑스,2025-11-20,01529982,388210,20251107000432,[발행조건확정]증권신고서(지분증권),general,33.56,44.0,38.78,55000.0,60500.0,57750.0,60500.0,0.0476,45655.0,456.55,,PER,91066.0,9608767.0,1000000.0,60500000000.0,33.56,44.0,38.78,코스닥,0.0,0.0,4.0,ok,703219.0,33.5647,0.0,OK,,,,,,,,,,,,,,,peer_group_expanded_features_enriched.csv
아로마티카,2025-11-27,01381805,,20251117000056,[발행조건확정]증권신고서(지분증권),general,19.95,39.96,29.955,6000.0,8000.0,7000.0,8000.0,0.1429,4925.0,49.25,,PER,9994.0,12802170.0,3000000.0,24000000000.0,19.95,39.96,29.955,코스닥,0.0,0.0,4.0,ok,914102.0,19.952,0.0,OK,,,,,,,,,,,,,,,peer_group_expanded_features_enriched.csv
아스테라시스,2025-01-24,1590528,450950,20250113000245,[발행조건확정]증권신고서(지분증권),general,13.7,24.95,19.325,4000.0,4600.0,4300.0,4600.0,0.0698,,,31.89,PER,5330.0,36514642.0,3650000.0,16790000000.0,13.7,24.95,19.325,코스닥,0.0,0.0,4.0,ok,395677.0,13.6961,0.0,OK,,,,,,,,,,,,,,,ipo_features_raw.csv
아우토크립트,2025-07-15,01649620,331740,20250702000145,[기재정정]증권신고서(지분증권),general,21.59,33.35,27.47,18700.0,22000.0,20350.0,22000.0,0.0811,17608.0,176.08,23.58,PER,28058.0,10076324.0,1400000.0,,21.7,33.5,27.6,코스닥,0.0,0.0,5.0,ok,4902418.0,21.591,0.13,OK,,,,,,,,,,,,,,,peer_group_expanded_features_enriched.csv
아이빔테크놀로지,2024-08-06,01678312,460470,20240723000178,[발행조건확정]증권신고서(지분증권),general,23.9,34.6,29.25,7300.0,8500.0,7900.0,10000.0,0.2658,,,29.7,PER,11170.0,15749370.0,2234000.0,22340000000.0,23.9,34.6,29.25,코스닥,0.0,0.0,4.0,ok,689634.0,10.4745,0.0,OK,,,,,,,,,,,,,,,peer_group_expanded_features_enriched.csv
아이스크림미디어,2024-08-30,657224,461300,20240820000053,[발행조건확정]증권신고서(지분증권),general,9.41,27.89,18.65,32000.0,40200.0,36100.0,32000.0,-0.1136,28279.0,282.79,,PER,44374.0,13678433.0,2460000.0,,9.41,27.89,18.65,코스닥,0.0,0.0,4.0,ok,302356.0,27.8857,0.0,OK,,,,,,,,,,,,,,,ipo_features_raw.csv
아이씨티케이,2024-05-17,01373709,456010,20240503000443,[발행조건확정]증권신고서(지분증권),general,15.0,31.0,23.0,13000.0,16000.0,14500.0,20000.0,0.3793,,-90.3071,,PER,18828.0,,1970000.0,39400000000.0,,,,코스닥,0.0,0.0,3.0,partial,712437.0,-6.2248,,NO_XML_DR,,,,,61.8751,-23.6461,-90.3071,104.1281,94.0827,2023.0,11011.0,10.68,-38.22,dart_api,peer_group_expanded_features_enriched.csv
아이언디바이스,2024-09-23,01706794,464500,20240906000321,[발행조건확정]증권신고서(지분증권),general,25.45,35.91,30.68,4900.0,5700.0,5300.0,7000.0,0.3208,,,,PER,7646.0,,3000000.0,21000000000.0,25.45,35.91,30.68,코스닥,0.0,0.0,3.0,partial,434285.0,8.4489,0.0,OK,,,,,,,,,,,,,,,peer_group_expanded_features_enriched.csv
아이엠비디엑스,2024-04-03,01497373,461030,20240322000928,[발행조건확정]증권신고서(지분증권),general,24.77,41.49,33.13,7700.0,9900.0,8800.0,13000.0,0.4773,,,,PER,13160.0,,2500000.0,32500000000.0,24.77,41.49,33.13,코스닥,0.0,0.0,3.0,partial,424337.0,1.2158,0.0,OK,,,,,,,,,,,,,,,peer_group_expanded_features_enriched.csv
아이엠티,2023-10-10,01546101,451220,20230914000342,[발행조건확정]증권신고서(지분증권),general,40.04,47.53,43.785,10500.0,12000.0,11250.0,14000.0,0.2444,,,,PER,,,47400.0,22120000000.0,,,,코스닥,0.0,0.0,3.0,partial,368254.0,,,NO_XML_DR,,,,,,,,,,,,,,,peer_group_expanded_features_enriched.csv
아이지넷,2025-02-04,01728167,462980,20250117000291,[발행조건확정]증권신고서(지분증권),general,26.96,37.39,32.175,6000.0,7000.0,6500.0,7000.0,0.0769,6703.0,67.03,,PER,9584.0,18304437.0,60000.0,14000000000.0,26.96,37.39,32.175,코스닥,0.0,0.0,4.0,ok,607751.0,26.9616,0.0,OK,,,,,,,,,,,,,,,peer_group_expanded_features_enriched.csv
아이티켐,2025-08-07,00914341,309710,20250725000509,[발행조건확정]증권신고서(지분증권),general,23.32,30.94,27.13,14500.0,16100.0,15300.0,16100.0,0.0523,,,24.9,EV/EBITDA,20996.0,13094481.0,2000000.0,32200000000.0,23.32,30.94,27.13,코스닥,0.0,0.0,4.0,ok,613727.0,23.3187,0.0,OK,,,,,,,,,,,,,,,peer_group_expanded_features_enriched.csv
알멕,2023-06-30,00229030,354320,20230616000534,[발행조건확정]증권신고서(지분증권),general,17.78,26.91,22.345,40000.0,45000.0,42500.0,50000.0,0.1765,35156.0,351.56,13.7,PER,54729.0,6396381.0,1000000.0,50000000000.0,17.78,26.91,22.345,코스닥,0.0,0.0,5.0,ok,582849.0,8.6408,0.0,OK,,,,,,,,,,,,,,,peer_group_expanded_features_enriched.csv
알지노믹스,2025-12-18,01596920,476830,20251205000229,[발행조건확정]증권신고서(지분증권),general,26.49,44.46,35.475,17000.0,22500.0,19750.0,22500.0,0.1392,,-188.5012,29.58,PER,30609.0,14259479.0,2060000.0,46350000000.0,26.49,44.46,35.475,코스닥,0.0,0.0,4.0,ok,1240655.0,26.4922,0.0,OK,,,,,0.0,-128.6197,-188.5012,281.4687,-932.1712,2024.0,11011.0,-130.19,,dart_api,peer_group_expanded_features_enriched.csv
에스바이오메딕스,2023-05-04,01258020,304360,20230420000516,[발행조건확정]증권신고서(지분증권),general,52.0,57.3,54.65,16000.0,18000.0,17000.0,18000.0,0.0588,,,,PER,37480.0,,,13500000000.0,52.0,57.5,54.75,코스닥,0.0,0.0,3.0,partial,465759.0,51.9744,0.1,OK,,,,,,,,,,,,,,,peer_group_expanded_features_enriched.csv
에스비비테크,2022-10-17,00567897,389500,20221004000084,[발행조건확정]증권신고서(지분증권),general,32.9,45.3,39.1,10100.0,12400.0,11250.0,12400.0,0.1022,,,,PER,18470.0,,54000.0,,32.86,45.31,39.085,코스닥,0.0,0.0,3.0,partial,555689.0,32.8641,0.015,OK,,,,,,,,,,,,,,,peer_group_expanded_features_enriched.csv
에스엔시스,2025-08-19,01294110,,20250805000193,[발행조건확정]증권신고서(지분증권),general,28.8,36.0,32.4,27000.0,30000.0,28500.0,30000.0,0.0526,18462.0,184.62,,PER,42200.0,9440268.0,1900000.0,57000000000.0,28.8,36.0,32.4,코스닥,0.0,0.0,4.0,ok,779235.0,28.91,0.0,OK,,,,,,,,,,,,,,,peer_group_expanded_features_enriched.csv
에스오에스랩,2024-06-25,01686427,464080,20240612000332,[발행조건확정]증권신고서(지분증권),general,34.53,45.44,39.985,7500.0,9000.0,8250.0,11500.0,0.3939,,,,PER,13747.0,17991970.0,2000000.0,23000000000.0,34.53,45.44,39.985,코스닥,0.0,0.0,3.0,partial,583517.0,16.3454,0.0,OK,,,,,,,,,,,,,,,peer_group_expanded_features_enriched.csv
에스와이스틸텍,2023-11-13,1135084,365330,20231031000076,[발행조건확정]증권신고서(지분증권),general,20.0,36.0,28.0,1200.0,1500.0,1350.0,1800.0,0.3333,,,,PER,,,7000000.0,12600000000.0,20.0,36.0,28.0,코스닥,0.0,0.0,3.0,partial,360534.0,,0.0,OK,,,,,,,,,,,,,,,ipo_features_raw.csv
에스투더블유,2025-09-19,01803635,488280,20250909000313,[발행조건확정]증권신고서(지분증권),general,24.05,34.65,29.35,11400.0,13200.0,12300.0,13200.0,0.0732,,,19.36,PER,17399.0,11058366.0,1580000.0,20856000000.0,24.05,34.65,29.35,코스닥,0.0,0.0,4.0,ok,444263.0,24.1336,0.0,OK,,,,,,,,,,,,,,,peer_group_expanded_features_enriched.csv
에어레인,2024-11-08,01663116,163280,20241023000152,[발행조건확정]증권신고서(지분증권),general,30.8,40.15,35.475,16000.0,18500.0,17250.0,23000.0,0.3333,,,,PER,27878.0,,,,30.8,40.15,35.475,코스닥,0.0,0.0,3.0,partial,452311.0,17.4977,0.0,OK,,,,,,,,,,,,,,,peer_group_expanded_features_enriched.csv
에이럭스,2024-11-01,1641600,475580,20241021000237,[발행조건확정]증권신고서(지분증권),general,13.41,26.24,19.825,11500.0,13500.0,12500.0,16000.0,0.28,4169.567,41.6957,51.56,PER,15591.0,13789430.0,1500000.0,24000000000.0,13.41,26.24,19.825,코스닥,0.0,0.0,5.0,ok,695495.0,-2.6233,0.0,OK,,,,,,,,,,,,,,,ipo_features_raw.csv
에이에스텍,2023-11-28,1538528,453860,20231115000157,[발행조건확정]증권신고서(지분증권),general,21.96,34.44,28.2,21000.0,25000.0,23000.0,28000.0,0.2174,,,,PER,,,35715.0,39396000000.0,21.96,34.44,28.2,코스닥,0.0,0.0,3.0,partial,508140.0,,0.0,OK,,,,,,,,,,,,,,,ipo_features_raw.csv
에이엘티,2023-07-27,493325,172670,20230714000210,[발행조건확정]증권신고서(지분증권),general,24.48,38.48,31.48,16700.0,20500.0,18600.0,25000.0,0.3441,,,,PER,27146.0,,900000.0,,24.48,38.48,31.48,코스닥,0.0,0.0,3.0,partial,276827.0,7.9054,0.0,OK,,,,,,,,,,,,,,,ipo_features_raw.csv
에이유브랜즈,2025-04-03,1803927,481070,20250321000213,[발행조건확정]증권신고서(지분증권),general,8.79,20.19,14.49,14000.0,16000.0,15000.0,16000.0,0.0667,10658.266,106.5827,23.47,PER,17542.0,14260000.0,60000.0,32000000000.0,8.79,20.19,14.49,코스닥,0.0,0.0,5.0,ok,590422.0,8.7903,0.0,OK,,,,,,,,,,,,,,,ipo_features_raw.csv
에이직랜드,2023-11-13,1540453,445090,20231031000244,[발행조건확정]증권신고서(지분증권),general,30.96,38.38,34.67,19100.0,21400.0,20250.0,25000.0,0.2346,,,,PER,30998.0,,2636330.0,65908250000.0,30.96,38.38,34.67,코스닥,0.0,0.0,3.0,partial,768583.0,19.3496,0.0,OK,,,,,,,,,,,,,,,ipo_features_raw.csv
에이치브이엠,2024-06-28,01011368,295310,20240618000224,[발행조건확정]증권신고서(지분증권),general,17.0,36.0,26.5,11000.0,14200.0,12600.0,18000.0,0.4286,,,,PER,17139.0,,2400000.0,43200000000.0,17.0,36.0,26.5,코스닥,0.0,0.0,3.0,partial,604048.0,-5.0236,0.0,OK,,,,,,,,,,,,,,,peer_group_expanded_features_enriched.csv
에이치엔에스하이텍,2024-10-25,311216,044990,20241011000542,[발행조건확정]증권신고서(지분증권),general,19.37,31.78,25.575000000000003,22000.0,26000.0,24000.0,22000.0,-0.0833,13082.172,130.8217,,PER,32247.0,8061064.0,500000.0,,19.37,31.78,25.575,코스닥,0.0,0.0,4.0,ok,390590.0,31.7766,0.0,OK,,,,,,,,,,,,,,,ipo_features_raw.csv
에이텀,2023-12-01,01444380,355690,20231117000115,[발행조건확정]증권신고서(지분증권),general,25.08,42.56,33.82,23000.0,30000.0,26500.0,18000.0,-0.3208,,,,PER,40043.0,,19500.0,,25.08,42.56,33.82,코스닥,0.0,0.0,3.0,partial,345329.0,55.0483,0.0,OK,,,,,,,,,,,,,,,peer_group_expanded_features_enriched.csv
에이프릴바이오,2022-07-28,01375822,397030,20220718000098,[발행조건확정]증권신고서(지분증권),general,40.3,48.1,44.2,20000.0,23000.0,21500.0,16000.0,-0.2558,28058.0,280.58,29.58,PER,37346.0,11533445.0,1296000.0,20736000000.0,38.41,46.45,42.43,코스닥,0.0,0.0,5.0,ok,542492.0,57.1574,1.77,MINOR_DIFF,,,,,,,,,,,,,,,peer_group_expanded_features_enriched.csv
에임드바이오,2025-12-04,01781999,,20251120000438,[발행조건확정]증권신고서(지분증권),general,29.0,41.9,35.45,9000.0,11000.0,10000.0,11000.0,0.1,46461.0,464.61,22.2,PER,15483.0,66561193.0,6430000.0,70730000000.0,29.0,41.9,35.45,코스닥,0.0,0.0,5.0,ok,555802.0,28.9543,0.0,OK,,,,,,,,,,,,,,,peer_group_expanded_features_enriched.csv
에코아이,2023-11-21,1218299,448280,20231109000215,[발행조건확정]증권신고서(지분증권),general,15.6,30.7,23.15,28500.0,34700.0,31600.0,34700.0,0.0981,17474.0,174.74,,PER,41085.0,,2079000.0,72141300000.0,15.6,30.7,23.15,코스닥,0.0,0.0,4.0,ok,565521.0,15.541,0.0,OK,,,,,,,,,,,,,,,ipo_features_raw.csv
엑셀세라퓨틱스,2024-07-15,01492217,373110,20240702000251,[발행조건확정]증권신고서(지분증권),general,24.4,39.13,31.765,6200.0,7700.0,6950.0,10000.0,0.4388,,-92.805,,PER,10186.0,,1618000.0,,24.4,39.13,31.765,코스닥,0.0,0.0,3.0,partial,509261.0,1.826,0.0,OK,,,,,11.239,-87.0584,-92.805,104.6825,23.835,2023.0,11011.0,339.2,-774.61,dart_api,peer_group_expanded_features_enriched.csv
엔알비,2025-07-28,01708163,475230,20250716000293,[발행조건확정]증권신고서(지분증권),general,9.99,22.85,16.42,18000.0,21000.0,19500.0,21000.0,0.0769,21738.0,217.38,16.08,EV/EBITDA,23330.0,,2100000.0,44100000000.0,9.99,22.85,16.42,코스닥,0.0,0.0,5.0,ok,845416.0,9.9871,0.0,OK,EBITDA,,,,,,,,,,,,,,peer_group_expanded_features_enriched.csv
엔젤로보틱스,2024-03-26,01592049,455900,20240313000679,[발행조건확정]증권신고서(지분증권),general,16.81,38.99,27.9,11000.0,15000.0,13000.0,20000.0,0.5385,,-92.3895,,PER,18030.0,,1600000.0,32000000000.0,16.81,38.99,27.9,코스닥,0.0,0.0,3.0,partial,317697.0,-10.9262,0.0,OK,,,,,51.4619,-64.9661,-92.3895,213.1817,86.779,2023.0,11011.0,145.66,-126.24,dart_api,peer_group_expanded_features_enriched.csv
엔젯,2022-11-18,01587056,419080,20221108000080,[발행조건확정]증권신고서(지분증권),general,20.2,37.0,28.6,12000.0,15200.0,13600.0,10000.0,-0.2647,,,,PER,19055.0,,63000.0,21000000000.0,20.23,37.02,28.625,코스닥,0.0,0.0,3.0,partial,374875.0,47.5203,0.025,OK,,,,,,,,,,,,,,,peer_group_expanded_features_enriched.csv
엘케이켐,2025-02-25,1747977,489500,20250212000695,[발행조건확정]증권신고서(지분증권),general,29.73,39.77,34.75,18000.0,21000.0,19500.0,21000.0,0.0769,,,,PER,29883.0,6424676.0,,21000000000.0,29.73,39.76,34.745,코스닥,0.0,0.0,3.0,partial,393939.0,29.7259,0.005,OK,,,,,,,,,,,,,,,ipo_features_raw.csv
엠디바이스,2025-03-07,1022142,226590,20250221000431,[발행조건확정]증권신고서(지분증권),general,40.11,48.36,44.235,7200.0,8350.0,7775.0,8350.0,0.074,9385.0,93.85,15.95,PER,13942.0,,1260000.0,10521000000.0,40.11,48.36,44.235,코스닥,0.0,0.0,5.0,ok,855116.0,40.109,0.0,OK,,,,,,,,,,,,,,,ipo_features_raw.csv
엠아이큐브솔루션,2023-08-04,1497142,373170,20230725000127,[발행조건확정]증권신고서(지분증권),general,24.48,35.81,30.145000000000003,8500.0,10000.0,9250.0,12000.0,0.2973,,,,PER,13242.0,,,14520000000.0,24.48,35.81,30.145,코스닥,0.0,0.0,3.0,partial,404009.0,9.3792,0.0,OK,,,,,,,,,,,,,,,ipo_features_raw.csv
엠오티,2024-11-18,1563922,413390,20241106000087,[발행조건확정]증권신고서(지분증권),general,6.48,19.84,13.16,12000.0,14000.0,13000.0,10000.0,-0.2308,,,,PER,14970.0,12174580.0,1750000.0,17500000000.0,6.48,19.84,13.16,코스닥,0.0,0.0,3.0,partial,620383.0,33.1997,0.0,OK,,,,,,,,,,,,,,,ipo_features_raw.csv
오가노이드사이언스,2025-05-09,01626391,476040,20250424000315,[발행조건확정]증권신고서(지분증권),general,18.88,34.33,26.605,17000.0,21000.0,19000.0,21000.0,0.1053,10305.0,103.05,,PER,25888.0,6854655.0,36000.0,25200000000.0,18.88,34.33,26.605,코스닥,0.0,0.0,4.0,ok,375349.0,18.8813,0.0,OK,,,,,,,,,,,,,,,peer_group_expanded_features_enriched.csv
오름테라퓨틱,2025-02-14,01658831,475830,20250203000294,[발행조건확정]증권신고서(지분증권),general,65.27,72.22,68.745,24000.0,30000.0,27000.0,20000.0,-0.2593,99290.1169,992.9012,,PER,86388.0,22136419.0,2500000.0,50000000000.0,65.27,72.22,68.745,코스닥,0.0,0.0,4.0,ok,530241.0,76.8486,0.0,OK,,,,,,,,,,,,,,,peer_group_expanded_features_enriched.csv
오브젠,2023-01-30,01472930,417860,20230113000327,[발행조건확정]증권신고서(지분증권),general,22.2,41.6,31.9,18000.0,24000.0,21000.0,18000.0,-0.1429,,-19.4675,,PER,30843.0,,23279.0,13967208000.0,22.19,41.64,31.915,코스닥,0.0,0.0,3.0,partial,329876.0,41.6399,0.015,OK,,,,,,-20.4544,-19.4675,105.3332,1.0598,2022.0,11011.0,9839.02,,dart_api,peer_group_expanded_features_enriched.csv
오상헬스케어,2024-03-13,260657,036220,20240229002403,[기재정정]증권신고서(지분증권),general,39.89,47.91,43.9,13000.0,15000.0,14000.0,20000.0,0.4286,1210.0,12.1,,EV/EBITDA,24954.0,14989416.0,990000.0,,39.89,47.91,43.9,,0.0,0.0,4.0,ok,4526431.0,19.8525,0.0,OK,,,,,,,,,,,,,,,ipo_features_raw.csv
온코크로스,2024-12-18,01423916,382150,20241205000549,[발행조건확정]증권신고서(지분증권),general,15.18,30.35,22.765,10100.0,12300.0,11200.0,7300.0,-0.3482,9904.0,99.04,,PER,14502.0,12666957.0,1423000.0,10387900000.0,15.18,30.35,22.765,코스닥,0.0,0.0,4.0,ok,451209.0,49.6621,0.0,OK,,,,,,,,,,,,,,,peer_group_expanded_features_enriched.csv
와이랩,2023-07-20,01406265,432430,20230706000314,[발행조건확정]증권신고서(지분증권),general,23.59,33.14,28.365,7000.0,8000.0,7500.0,9000.0,0.2,,,,PER,10470.0,,90000.0,27000000000.0,23.59,33.14,28.365,코스닥,0.0,0.0,3.0,partial,471971.0,14.0401,0.0,OK,,,,,,,,,,,,,,,peer_group_expanded_features_enriched.csv
와이바이오로직스,2023-12-05,01226234,338840,20231121000049,[발행조건확정]증권신고서(지분증권),general,35.81,47.48,41.645,9000.0,11000.0,10000.0,9000.0,-0.1,,,,PER,17136.0,,1500000.0,13500000000.0,35.8,47.5,41.65,코스닥,0.0,0.0,3.0,partial,709998.0,47.479,0.005,OK,,,,,,,,,,,,,,,peer_group_expanded_features_enriched.csv
와이제이링크,2024-10-18,1023211,209640,20241007000466,[발행조건확정]증권신고서(지분증권),general,23.05,32.47,27.76,8600.0,9800.0,9200.0,12000.0,0.3043,7054.0,70.54,,PER,12714.0,,3560000.0,42720000000.0,22.92,32.36,27.64,코스닥,0.0,0.0,4.0,ok,931540.0,5.6159,0.12,OK,,,,,,,,,,,,,,,ipo_features_raw.csv
와이즈넛,2025-01-24,00351427,096250,20250114000177,[기재정정]증권신고서(지분증권),general,29.08,34.53,31.805,24000.0,26000.0,25000.0,17000.0,-0.32,13559.0,135.59,35.61,PER,36659.0,13170452.0,900000.0,,29.08,34.53,31.805,,0.0,0.0,5.0,ok,4046706.0,53.6267,0.0,OK,,,,,,,,,,,,,,,peer_group_expanded_features_enriched.csv
우진엔텍,2024-01-24,1030503,457550,20240115000087,[발행조건확정]증권신고서(지분증권),general,14.87,25.3,20.085,4300.0,4900.0,4600.0,5300.0,0.1522,,,,PER,,,2060000.0,,14.9,25.3,20.1,코스닥,0.0,0.0,3.0,partial,386832.0,,0.015,OK,,,,,,,,,,,,,,,ipo_features_raw.csv
워트,2023-10-26,866451,396470,20231013000580,[발행조건확정]증권신고서(지분증권),general,12.43,21.81,17.119999999999997,5000.0,5600.0,5300.0,6500.0,0.2264,,,,PER,6395.0,,,26000000000.0,,,,코스닥,0.0,0.0,3.0,partial,366046.0,-1.6419,,NO_XML_DR,,,,,,,,,,,,,,,ipo_features_raw.csv
원일티엔아이,2025-05-09,488244,136150,20250423000260,[발행조건확정]증권신고서(지분증권),general,41.12,49.54,45.33,11500.0,13500.0,12500.0,13500.0,0.08,7871.0,78.71,24.42,PER,22929.0,8381030.0,1200000.0,16200000000.0,41.12,49.84,45.48,코스닥,0.0,0.0,5.0,ok,549270.0,41.1226,0.15,OK,,,,,,,,,,,,,,,ipo_features_raw.csv
웨이비스,2024-10-25,01270749,289930,20241016000084,[발행조건확정]증권신고서(지분증권),general,17.97,27.81,22.89,11000.0,12500.0,11750.0,15000.0,0.2766,,,,PER,15238.0,,1490000.0,22350000000.0,18.35,28.15,23.25,코스닥,0.0,0.0,3.0,partial,412137.0,1.5619,0.36,OK,,,,,,,,,,,,,,,peer_group_expanded_features_enriched.csv
위너스,2025-02-24,1137860,479960,20250212000606,[발행조건확정]증권신고서(지분증권),general,17.19,26.93,22.06,7500.0,8500.0,8000.0,8500.0,0.0625,2882.0,28.82,,PER,,6851000.0,1700000.0,14450000000.0,17.19,26.93,22.06,코스닥,0.0,0.0,4.0,ok,393840.0,,0.0,OK,,,,,,,,,,,,,,,ipo_features_raw.csv
위츠,2024-11-20,1445440,459100,20241105000117,[발행조건확정]증권신고서(지분증권),general,14.77,29.42,22.095,5300.0,6400.0,5850.0,6400.0,0.094,5107.0,51.07,18.6,PER,7509.0,12652000.0,3000000.0,19200000000.0,14.76,29.41,22.085,코스닥,0.0,0.0,5.0,ok,509602.0,14.7689,0.01,OK,,,,,,,,,,,,,,,ipo_features_raw.csv
유라클,2024-08-16,407294,088340,20240805000135,[발행조건확정]증권신고서(지분증권),general,22.74,33.78,28.26,18000.0,21000.0,19500.0,21000.0,0.0769,4475.0,44.75,26.56,PER,27181.0,4372368.0,751000.0,15771000000.0,22.74,33.78,28.26,코스닥,0.0,0.0,5.0,ok,455422.0,22.7401,0.0,OK,,,,,,,,,,,,,,,ipo_features_raw.csv
유진테크놀로지,2023-11-02,1085026,240600,20231019000208,[발행조건확정]증권신고서(지분증권),general,30.55,38.69,34.62,12800.0,14500.0,13650.0,17000.0,0.2454,,,,PER,20879.0,,1049482.0,17841194000.0,30.55,38.69,34.62,코스닥,0.0,0.0,3.0,partial,460854.0,18.5785,0.0,OK,,,,,,,,,,,,,,,ipo_features_raw.csv
이노스페이스,2024-07-02,01700587,462350,20240619000220,[발행조건확정]증권신고서(지분증권),general,25.0,37.0,31.0,36400.0,43300.0,39850.0,43300.0,0.0866,12999.0,129.99,,PER,57754.0,9520072.0,1330000.0,57589000000.0,25.0,37.0,31.0,코스닥,0.0,0.0,4.0,ok,751951.0,25.0268,0.0,OK,,,,,,,,,,,,,,,peer_group_expanded_features_enriched.csv
이노시뮬레이션,2023-07-06,00965318,274400,20230626000073,[발행조건확정]증권신고서(지분증권),general,29.9,39.2,34.55,13000.0,15000.0,14000.0,15000.0,0.0714,,,,PER,21390.0,,900000.0,13500000000.0,29.87,39.22,34.545,코스닥,0.0,0.0,3.0,partial,342535.0,29.8738,0.005,OK,,,,,,,,,,,,,,,peer_group_expanded_features_enriched.csv
이노진,2023-02-20,1419135,344860,20230208000172,[발행조건확정]증권신고서(지분증권),general,6.6,22.17,14.385000000000002,2500.0,3000.0,2750.0,3000.0,0.0909,1460.0,14.6,,PER,3212.0,,2600000.0,7800000000.0,6.6,22.17,14.385,코스닥,0.0,0.0,4.0,ok,381421.0,6.6002,0.0,OK,,,,,,,,,,,,,,,ipo_features_raw.csv
이닉스,2024-02-01,338170,452400,20240119000136,[발행조건확정]증권신고서(지분증권),general,21.93,34.71,28.32,9200.0,11000.0,10100.0,14000.0,0.3861,,,,PER,14090.0,,3000000.0,42000000000.0,21.93,34.71,28.32,코스닥,0.0,0.0,3.0,partial,612198.0,0.6388,0.0,OK,,,,,,,,,,,,,,,ipo_features_raw.csv
이뮨온시아,2025-05-19,01203659,424870,20250430001250,[발행조건확정]증권신고서(지분증권),general,32.09,43.3,37.695,3000.0,3600.0,3300.0,3600.0,0.0909,21163.0,211.63,,PER,5301.0,76571829.0,9140482.0,32905735200.0,32.09,43.4,37.745,코스닥,0.0,0.0,4.0,ok,538141.0,32.0883,0.05,OK,,,,,,,,,,,,,,,peer_group_expanded_features_enriched.csv
이엔셀,2024-08-23,01544468,456070,20240809000231,[발행조건확정]증권신고서(지분증권),general,23.45,31.96,27.705,13600.0,15300.0,14450.0,15300.0,0.0588,7335.0,73.35,,PER,19988.0,11181016.0,1566800.0,23972040000.0,23.46,31.96,27.71,코스닥,0.0,0.0,4.0,ok,691023.0,23.4541,0.005,OK,,,,,,,,,,,,,,,peer_group_expanded_features_enriched.csv
이지스,2025-12-11,01211889,261520,20251201000405,[발행조건확정]증권신고서(지분증권),general,17.36,28.38,22.87,13000.0,15000.0,14000.0,15000.0,0.0714,7113.0,71.13,,PER,18150.0,10525075.0,1500000.0,22500000000.0,17.36,28.38,22.87,코스닥,0.0,0.0,4.0,ok,914687.0,17.3554,0.0,OK,,,,,,,,,,,,,,,peer_group_expanded_features_enriched.csv
이지트로닉스,2022-02-04,01140837,377330,20220118000223,[발행조건확정]증권신고서(지분증권),general,34.1,43.1,38.6,19000.0,22000.0,20500.0,22000.0,0.0732,,0.9375,,PER,33374.0,,1980000.0,43560000000.0,34.08,43.09,38.585,코스닥,0.0,0.0,3.0,partial,399902.0,34.0804,0.015,OK,,,,,177.4781,-0.3023,0.9375,362.9882,198.7787,2021.0,11011.0,82.61,-0.17,dart_api,peer_group_expanded_features_enriched.csv
인벤티지랩,2022-11-22,01516456,389470,20221110000280,[발행조건확정]증권신고서(지분증권),general,8.6,33.2,20.9,19000.0,26000.0,22500.0,12000.0,-0.4667,,,,PER,28453.0,,,12480000000.0,8.62,33.22,20.92,코스닥,0.0,0.0,3.0,partial,595142.0,57.8252,0.02,OK,,,,,,,,,,,,,,,peer_group_expanded_features_enriched.csv
인스웨이브시스템즈,2023-09-25,1222113,450520,20230913000346,[발행조건확정]증권신고서(지분증권),general,38.96,49.14,44.05,20000.0,24000.0,22000.0,24000.0,0.0909,,,,PER,,,,,38.96,49.14,44.05,코스닥,0.0,0.0,3.0,partial,387219.0,,0.0,OK,,,,,,,,,,,,,,,ipo_features_raw.csv
인스피언,2024-10-18,1284876,465480,20241002000231,[발행조건확정]증권신고서(지분증권),general,16.37,33.1,24.735,8000.0,10000.0,9000.0,12000.0,0.3333,3947.766,39.4777,,PER,,10137772.0,2250000.0,27000000000.0,16.38,33.1,24.74,코스닥,0.0,0.0,4.0,ok,568369.0,,0.005,OK,,,,,,,,,,,,,,,ipo_features_raw.csv
자람테크놀로지,2023-03-07,01365038,389020,20230220002105,[발행조건확정]증권신고서(지분증권),general,26.2,40.9,33.55,16000.0,20000.0,18000.0,22000.0,0.2222,,6.1735,,PER,27089.0,,,,26.14,40.91,33.525,코스닥,0.0,0.0,3.0,partial,336227.0,18.7862,0.025,OK,,,,,161.1824,2.0295,6.1735,198.1607,188.2258,2022.0,11011.0,5.28,1.26,dart_api,peer_group_expanded_features_enriched.csv
제닉스,2024-09-30,1293485,381620,20240913000388,[발행조건확정]증권신고서(지분증권),general,23.44,36.95,30.195,28000.0,34000.0,31000.0,40000.0,0.2903,6891.0,68.91,,PER,44411.0,4442640.0,,,23.44,36.95,30.195,코스닥,0.0,0.0,4.0,ok,462626.0,9.9322,0.0,OK,,,,,,,,,,,,,,,ipo_features_raw.csv
제이오,2023-02-16,00411808,418550,20230206000061,[발행조건확정]증권신고서(지분증권),general,38.6,52.7,45.65,10000.0,13000.0,11500.0,13000.0,0.1304,,-56.8783,,EV/EBITDA,21162.0,,4000000.0,52000000000.0,38.57,52.75,45.66,코스닥,0.0,0.0,3.0,partial,516755.0,38.5691,0.01,OK,,,,,676.553,-22.6455,-56.8783,848.1906,588.4308,2022.0,11011.0,44.14,-3.35,dart_api,peer_group_expanded_features_enriched.csv
제이피아이헬스케어,2025-08-21,00185301,,20250808000280,[발행조건확정]증권신고서(지분증권),general,22.86,36.36,29.61,16500.0,20000.0,18250.0,20000.0,0.0959,6195.0,61.95,21.37,PER,25928.0,5105400.0,47400.0,31600000000.0,22.86,36.36,29.61,코스닥,0.0,0.0,5.0,ok,456786.0,22.8633,0.0,OK,,,,,,,,,,,,,,,peer_group_expanded_features_enriched.csv
제일엠앤에스,2024-04-30,00528791,412540,20240416000398,[발행조건확정]증권신고서(지분증권),general,27.35,39.46,33.405,15000.0,18000.0,16500.0,22000.0,0.3333,19764.0,197.64,,PER,24776.0,20621877.0,2400000.0,52800000000.0,27.35,39.46,33.405,코스닥,0.0,0.0,4.0,ok,652053.0,11.2044,0.0,OK,,,,,,,,,,,,,,,peer_group_expanded_features_enriched.csv
지씨지놈,2025-06-11,01432598,340450,20250527000209,[발행조건확정]증권신고서(지분증권),general,25.74,36.35,31.045,9000.0,10500.0,9750.0,10500.0,0.0769,13066.0,130.66,26.04,PER,14140.0,,4000000.0,42000000000.0,25.74,36.35,31.045,코스닥,0.0,0.0,5.0,ok,741093.0,25.7426,0.0,OK,,,,,,,,,,,,,,,peer_group_expanded_features_enriched.csv
지아이이노베이션,2023-03-30,01351080,358570,20230320000170,[발행조건확정]증권신고서(지분증권),general,41.2,55.2,48.2,16000.0,21000.0,18500.0,13000.0,-0.2973,,-798.3306,,PER,35705.0,,2000000.0,26000000000.0,41.18,55.19,48.185,코스닥,0.0,0.0,3.0,partial,432507.0,63.5905,0.015,OK,,,,,,-679.5202,-798.3306,1063.3465,956.4621,2022.0,11011.0,11.17,,dart_api,peer_group_expanded_features_enriched.csv
진영,2023-06-01,816933,285800,20230519000263,[발행조건확정]증권신고서(지분증권),general,31.41,41.21,36.31,3600.0,4200.0,3900.0,5000.0,0.2821,,,,PER,6123.0,,4250000.0,21250000000.0,31.4,41.2,36.3,코스닥,0.0,0.0,3.0,partial,442940.0,18.3407,0.01,OK,,,,,,,,,,,,,,,ipo_features_raw.csv
캡스톤파트너스,2023-11-15,1497124,452300,20231103000318,[발행조건확정]증권신고서(지분증권),general,14.87,24.32,19.595,3200.0,3600.0,3400.0,4000.0,0.1765,,,,PER,4229.0,,1596000.0,,14.87,24.32,19.595,코스닥,0.0,0.0,3.0,partial,347089.0,5.415,0.0,OK,,,,,,,,,,,,,,,ipo_features_raw.csv
컨텍,2023-11-09,01685251,451760,20231030000344,[발행조건확정]증권신고서(지분증권),general,24.16,31.58,27.87,20300.0,22500.0,21400.0,22500.0,0.0514,21936.635,219.3664,,PER,29668.0,15613041.0,2060000.0,46350000000.0,24.0,31.5,27.75,코스닥,0.0,0.0,4.0,ok,656347.0,24.1607,0.12,OK,,,,,,,,,,,,,,,peer_group_expanded_features_enriched.csv
케이엔알시스템,2024-03-07,00672603,199430,20240223002182,[발행조건확정]증권신고서(지분증권),general,31.37,43.85,37.61,9000.0,11000.0,10000.0,13500.0,0.35,,-37.8831,,PER,16029.0,,1052000.0,28404000000.0,31.37,43.85,37.61,코스닥,0.0,0.0,3.0,partial,358256.0,15.7777,0.0,OK,,,,,213.9903,-43.4093,-37.8831,326.2223,80.1649,2023.0,11011.0,306.94,-20.29,dart_api,peer_group_expanded_features_enriched.csv
케이엔에스,2023-12-06,1402995,432470,20231124000347,[발행조건확정]증권신고서(지분증권),general,22.34,32.93,27.635,19000.0,22000.0,20500.0,23000.0,0.122,5729.0,57.29,,PER,28327.0,4442278.0,,,22.34,32.93,27.635,코스닥,0.0,0.0,4.0,ok,341332.0,18.8054,0.0,OK,,,,,,,,,,,,,,,ipo_features_raw.csv
케이웨더,2024-02-22,00426828,068100,20240208000055,[발행조건확정]증권신고서(지분증권),general,14.08,28.89,21.485,4800.0,5800.0,5300.0,7000.0,0.3208,,-24.3641,,PER,6750.0,,1000000.0,7000000000.0,14.08,28.89,21.485,코스닥,0.0,0.0,3.0,partial,362264.0,-3.7037,0.0,OK,,,,,146.8801,-24.6883,-24.3641,147.8146,84.2772,2023.0,11011.0,75.39,-16.81,dart_api,peer_group_expanded_features_enriched.csv
코난테크놀로지,2022-07-07,00601988,402030,20220624000079,[발행조건확정]증권신고서(지분증권),general,25.7,37.6,31.65,21000.0,25000.0,23000.0,25000.0,0.087,,,,PER,33648.0,,1200000.0,30000000000.0,25.7,37.59,31.645,코스닥,0.0,0.0,3.0,partial,321611.0,25.7014,0.005,OK,,,,,,,,,,,,,,,peer_group_expanded_features_enriched.csv
코셈,2024-02-23,01493793,360350,20240206000485,[발행조건확정]증권신고서(지분증권),general,16.65,28.56,22.605,12000.0,14000.0,13000.0,16000.0,0.2308,,16.8403,,PER,16796.0,,600000.0,9600000000.0,16.65,28.56,22.605,코스닥,0.0,0.0,3.0,partial,682558.0,4.7392,0.0,OK,,,,,137.2928,15.0197,16.8403,161.1093,127.6108,2023.0,11011.0,26.25,10.94,dart_api,peer_group_expanded_features_enriched.csv
코츠테크놀로지,2023-08-10,959210,448710,20230731000178,[발행조건확정]증권신고서(지분증권),general,23.69,33.65,28.67,10000.0,11500.0,10750.0,13000.0,0.2093,,,,PER,15071.0,,,13000000000.0,23.69,33.65,28.67,코스닥,0.0,0.0,3.0,partial,481817.0,13.7416,0.0,OK,,,,,,,,,,,,,,,ipo_features_raw.csv
코칩,2024-05-07,446901,126730,20240423000279,[발행조건확정]증권신고서(지분증권),general,9.08,28.57,18.825,11000.0,14000.0,12500.0,18000.0,0.44,,,22.52,EV/EBITDA,15399.0,,1500000.0,18000.0,9.08,28.57,18.825,코스닥,0.0,0.0,4.0,ok,652369.0,-16.8907,0.0,OK,,,,,,,,,,,,,,,ipo_features_raw.csv
쿼드메디슨,2025-12-12,01671285,464490,20251201000475,[발행조건확정]증권신고서(지분증권),general,19.27,35.41,27.34,12000.0,15000.0,13500.0,15000.0,0.1111,,-49.6814,,PER,18579.0,,1700000.0,25500000000.0,19.27,35.41,27.34,코스닥,0.0,0.0,3.0,partial,593858.0,19.2637,0.0,OK,,,,,,-44.4918,-49.6814,320.9817,116.0,2024.0,11011.0,176.71,,dart_api,peer_group_expanded_features_enriched.csv
퀄리타스반도체,2023-10-27,01584183,432720,20231017000136,[발행조건확정]증권신고서(지분증권),general,24.13,34.25,29.19,13000.0,15000.0,14000.0,17000.0,0.2143,,,,PER,19771.0,,54000.0,30600000000.0,24.13,34.25,29.19,코스닥,0.0,0.0,3.0,partial,400734.0,14.0155,0.0,OK,,,,,,,,,,,,,,,peer_group_expanded_features_enriched.csv
큐라티스,2023-06-15,01357765,348080,20230602000188,[발행조건확정]증권신고서(지분증권),general,42.3,53.1,47.7,6500.0,8000.0,7250.0,4000.0,-0.4483,,-363.3047,,PER,13869.0,,,14000000000.0,,,,코스닥,0.0,0.0,3.0,partial,605550.0,71.1587,,NO_XML_DR,,,,,84.0945,-224.0385,-363.3047,648.9844,-259.5519,2022.0,11011.0,-350.04,-266.41,dart_api,peer_group_expanded_features_enriched.csv
큐리오시스,2025-11-13,01786958,494120,20251103000098,[발행조건확정]증권신고서(지분증권),general,25.51,39.05,32.28,18000.0,22000.0,20000.0,22000.0,0.1,,,27.1,PER,29533.0,7691882.0,36000.0,26400000000.0,25.51,39.05,32.28,코스닥,0.0,0.0,4.0,ok,521598.0,25.5071,0.0,OK,,,,,,,,,,,,,,,peer_group_expanded_features_enriched.csv
클로봇,2024-10-28,01784914,466100,20241015000370,[발행조건확정]증권신고서(지분증권),general,25.22,35.51,30.365,9400.0,10900.0,10150.0,13000.0,0.2808,9245.0,92.45,,PER,14576.0,25136306.0,3000000.0,39000000000.0,25.22,35.51,30.365,코스닥,0.0,0.0,4.0,ok,916263.0,10.8123,0.0,OK,,,,,,,,,,,,,,,peer_group_expanded_features_enriched.csv
키스트론,2025-06-02,00204323,475430,20250520000280,[발행조건확정]증권신고서(지분증권),general,20.0,31.0,25.5,3100.0,3600.0,3350.0,3600.0,0.0746,,,,PER,4470.0,,6300000.0,22680000000.0,20.0,31.0,25.5,코스닥,0.0,0.0,3.0,partial,642729.0,19.4631,0.0,OK,,,,,,,,,,,,,,,peer_group_expanded_features_enriched.csv
탑런토탈솔루션,2024-11-01,814582,336680,20241022000128,[발행조건확정]증권신고서(지분증권),general,37.85,46.73,42.29,12000.0,14000.0,13000.0,18000.0,0.3846,27662.756,276.6276,,PER,,19592224.0,2500000.0,45000000000.0,37.8,46.7,42.25,코스닥,0.0,0.0,4.0,ok,586348.0,,0.04,NO_XML_DR,,,,,,,,,,,,,,,ipo_features_raw.csv
토마토시스템,2023-04-27,1436479,393210,20230414000088,[발행조건확정]증권신고서(지분증권),general,21.35,35.52,28.435,18200.0,22200.0,20200.0,18200.0,-0.099,,,,PER,,,860000.0,15652000000.0,21.35,35.52,28.435,코스닥,0.0,0.0,3.0,partial,270333.0,,0.0,OK,,,,,,,,,,,,,,,ipo_features_raw.csv
토모큐브,2024-11-07,01573336,475960,20241025000261,[발행조건확정]증권신고서(지분증권),general,14.51,30.46,22.485,10900.0,13400.0,12150.0,16000.0,0.3169,,,,PER,15675.0,,2000000.0,32000000000.0,14.51,30.46,22.485,코스닥,0.0,0.0,3.0,partial,419308.0,-2.0734,0.0,OK,,,,,,,,,,,,,,,peer_group_expanded_features_enriched.csv
트루엔,2023-05-17,1134216,417790,20230503000315,[발행조건확정]증권신고서(지분증권),general,23.47,36.22,29.845,10000.0,12000.0,11000.0,12000.0,0.0909,,,,PER,15680.0,,2500000.0,30000000000.0,23.47,36.22,29.845,코스닥,0.0,0.0,3.0,partial,406518.0,23.4694,0.0,OK,,,,,,,,,,,,,,,ipo_features_raw.csv
티디에스팜,2024-08-21,1232192,464280,20240808000209,[발행조건확정]증권신고서(지분증권),general,11.86,21.75,16.805,9500.0,10700.0,10100.0,13000.0,0.2871,4392.286,43.9229,,PER,12140.0,5530000.0,1000000.0,13000000000.0,11.86,21.75,16.805,코스닥,0.0,0.0,4.0,ok,513642.0,-7.084,0.0,OK,,,,,,,,,,,,,,,ipo_features_raw.csv
티엑스알로보틱스,2025-03-20,1458161,484810,20250307001078,[발행조건확정]증권신고서(지분증권),general,25.49,36.53,31.01,11500.0,13500.0,12500.0,13500.0,0.08,,,,PER,18119.0,,3075400.0,41517900000.0,25.49,36.53,31.01,코스닥,0.0,0.0,3.0,partial,1093809.0,25.4926,0.0,OK,,,,,,,,,,,,,,,ipo_features_raw.csv
티이엠씨,2023-01-19,01301252,425040,20230109000347,[발행조건확정]증권신고서(지분증권),general,19.7,32.4,26.05,32000.0,38000.0,35000.0,28000.0,-0.2,,421.8355,,PER,47325.0,,31250.0,,19.7,32.38,26.04,코스닥,0.0,0.0,3.0,partial,639425.0,40.8347,0.01,OK,,,,,3517.4013,532.6537,421.8355,2029.633,1008.1338,2022.0,11011.0,101.33,15.14,dart_api,peer_group_expanded_features_enriched.csv
파두,2023-08-07,01292291,440110,20230726000458,[발행조건확정]증권신고서(지분증권),general,24.2,36.4,30.3,26000.0,31000.0,28500.0,31000.0,0.0877,94820.0,948.2,,PER,40912.0,,6250000.0,193750000000.0,24.2,36.4,30.3,코스닥,0.0,0.0,4.0,ok,864182.0,24.2276,0.0,OK,,,,,,,,,,,,,,,peer_group_expanded_features_enriched.csv
파로스아이바이오,2023-07-27,01495180,388870,20230713000053,[발행조건확정]증권신고서(지분증권),general,44.4,56.7,50.55,14000.0,18000.0,16000.0,14000.0,-0.125,,,,PER,32357.0,,42000.0,19600000000.0,44.37,56.73,50.55,코스닥,0.0,0.0,3.0,partial,349456.0,56.7327,0.0,OK,,,,,,,,,,,,,,,peer_group_expanded_features_enriched.csv
파인메딕스,2024-12-26,01455410,387570,20241213000142,[발행조건확정]증권신고서(지분증권),general,32.81,39.53,36.17,9000.0,10000.0,9500.0,10000.0,0.0526,4754.0,47.54,,PER,14883.0,5704900.0,900000.0,9000000000.0,32.81,39.53,36.17,코스닥,0.0,0.0,4.0,ok,369723.0,32.8092,0.0,OK,,,,,,,,,,,,,,,peer_group_expanded_features_enriched.csv
페스카로,2025-12-10,01817920,,20251128001952,[발행조건확정]증권신고서(지분증권),general,25.57,39.98,32.775,12500.0,15500.0,14000.0,15500.0,0.1071,8069.0,80.69,,PER,20826.0,9866730.0,1300000.0,20150000000.0,25.57,39.98,32.775,코스닥,0.0,0.0,4.0,ok,776427.0,25.5738,0.0,OK,,,,,,,,,,,,,,,peer_group_expanded_features_enriched.csv
포스뱅크,2024-01-29,862312,105760,20240115000358,[발행조건확정]증권신고서(지분증권),general,17.23,28.26,22.745,13000.0,15000.0,14000.0,18000.0,0.2857,,,,PER,18122.0,,1500000.0,27000000000.0,17.23,28.26,22.745,코스닥,0.0,0.0,3.0,partial,418687.0,0.6732,0.0,OK,,,,,,,,,,,,,,,ipo_features_raw.csv
퓨릿,2023-10-18,1027828,445180,20231004000216,[발행조건확정]증권신고서(지분증권),general,28.0,40.5,34.25,8800.0,10700.0,9750.0,10700.0,0.0974,,,,EV/EBITDA,14824.0,,4137000.0,,28.0,40.5,34.25,코스닥,0.0,0.0,3.0,partial,562108.0,27.8198,0.0,OK,,,,,,,,,,,,,,,ipo_features_raw.csv
플라즈맵,2022-10-21,01575839,405000,20221011000097,[발행조건확정]증권신고서(지분증권),general,31.5,43.9,37.7,9000.0,11000.0,10000.0,7000.0,-0.3,,,,PER,16057.0,,53130.0,12397000000.0,31.49,43.95,37.72,코스닥,0.0,0.0,3.0,partial,362330.0,56.4053,0.02,OK,,,,,,,,,,,,,,,peer_group_expanded_features_enriched.csv
피아이이,2025-02-04,1429220,452450,20250116000121,[발행조건확정]증권신고서(지분증권),general,23.97,39.17,31.57,4000.0,5000.0,4500.0,5000.0,0.1111,,,,PER,6576.0,36201000.0,3600000.0,14400000000.0,23.96,39.17,31.565,코스닥,0.0,0.0,3.0,partial,458502.0,23.9659,0.005,OK,,,,,,,,,,,,,,,ipo_features_raw.csv
핀텔,2022-10-20,01524507,291810,20221007000272,[발행조건확정]증권신고서(지분증권),general,21.0,33.4,27.2,7500.0,8900.0,8200.0,8900.0,0.0854,10950.0,109.5,20.5,PER,11263.0,22055945.0,60000.0,17800000000.0,20.9,32.8,26.85,코스닥,0.0,0.0,5.0,ok,725727.0,20.9802,0.35,OK,,,,,,,,,,,,,,,peer_group_expanded_features_enriched.csv
필에너지,2023-07-14,1488320,378340,20230704000142,[첨부정정]증권신고서(지분증권),general,20.73,30.5,25.615,26300.0,30000.0,28150.0,34000.0,0.2078,,,,PER,37844.0,,29412.0,95625000000.0,,,,코스닥,0.0,0.0,3.0,partial,489790.0,,,,,,,,,,,,,,,,,,ipo_features_raw.csv
하스,2024-07-03,01663569,450330,20240621000067,[발행조건확정]증권신고서(지분증권),general,11.72,33.79,22.755,9000.0,12000.0,10500.0,16000.0,0.5238,6320.0,63.2,,PER,13594.0,8376603.0,1810000.0,28960000000.0,11.72,33.79,22.755,코스닥,0.0,0.0,4.0,ok,550795.0,-17.699,0.0,OK,,,,,,,,,,,,,,,peer_group_expanded_features_enriched.csv
하이젠알앤엠,2024-06-27,650771,160190,20240617000110,[발행조건확정]증권신고서(지분증권),general,19.13,33.83,26.48,4500.0,5500.0,5000.0,7000.0,0.4,,,33.44,EV/EBITDA,6801.0,,3400000.0,,19.13,33.83,26.48,코스닥,0.0,0.0,4.0,ok,575891.0,-2.926,0.0,OK,,,,,,,,,,,,,,,ipo_features_raw.csv
한국피아이엠,2025-04-04,765897,448900,20250324000424,[발행조건확정]증권신고서(지분증권),general,30.59,42.37,36.48,9300.0,11200.0,10250.0,11200.0,0.0927,9062.292,90.6229,11.81,EV/EBITDA,16136.0,6080457.0,65000.0,14560000000.0,30.59,42.37,36.48,코스닥,0.0,0.0,5.0,ok,712141.0,30.59,0.0,OK,EBITDA,,,,,,,,,,,,,,ipo_features_raw.csv
한라캐스트,2025-08-20,00683061,125490,20250808000359,[발행조건확정]증권신고서(지분증권),general,17.54,27.49,22.515,5100.0,5800.0,5450.0,5800.0,0.0642,9910.0,99.1,25.93,PER,7033.0,36526017.0,7500000.0,43500000000.0,17.54,27.49,22.515,코스닥,0.0,0.0,5.0,ok,476662.0,17.5316,0.0,OK,,,,,,,,,,,,,,,peer_group_expanded_features_enriched.csv
한선엔지니어링,2023-11-24,958451,452280,20231110000103,[발행조건확정]증권신고서(지분증권),general,22.68,32.99,27.835,5200.0,6000.0,5600.0,7000.0,0.25,,,,PER,7760.0,,4250000.0,29750000000.0,22.68,32.99,27.835,코스닥,0.0,0.0,3.0,partial,557722.0,9.7938,0.0,OK,,,,,,,,,,,,,,,ipo_features_raw.csv
한싹,2023-10-04,1602638,430690,20230918000117,[발행조건확정]증권신고서(지분증권),general,20.01,35.28,27.645000000000003,8900.0,11000.0,9950.0,12500.0,0.2563,,,,PER,,,1500000.0,18750000000.0,20.0,35.3,27.65,코스닥,0.0,0.0,3.0,partial,578849.0,,0.005,OK,,,,,,,,,,,,,,,ipo_features_raw.csv
한주라이트메탈,2023-01-19,156600,198940,20230109000226,[발행조건확정]증권신고서(지분증권),general,32.2,40.95,36.575,2700.0,3100.0,2900.0,3100.0,0.069,,,,PER,4572.0,,6500000.0,20150000000.0,32.2,40.95,36.575,코스닥,0.0,0.0,3.0,partial,640883.0,32.196,0.0,OK,,,,,,,,,,,,,,,ipo_features_raw.csv
한중엔시에스,2024-06-24,00474588,107640,20240607000180,[발행조건확정]증권신고서(지분증권),general,32.6,42.64,37.62,20000.0,23500.0,21750.0,30000.0,0.3793,14219.0,142.19,,PER,34865.0,9085013.0,48000.0,48000000000.0,32.31,42.64,37.475,코스닥,0.0,0.0,4.0,ok,632786.0,13.9538,0.145,OK,,,,,,,,,,,,,,,peer_group_expanded_features_enriched.csv
한켐,2024-10-22,1016309,457370,20241002000203,[발행조건확정]증권신고서(지분증권),general,18.89,30.08,24.485,12500.0,14500.0,13500.0,18000.0,0.3333,,,,PER,17878.0,8067134.0,,,18.9,30.08,24.49,코스닥,0.0,0.0,3.0,partial,506667.0,-0.6824,0.005,OK,,,,,,,,,,,,,,,ipo_features_raw.csv
한텍,2025-03-20,404941,098070,20250305000408,[발행조건확정]증권신고서(지분증권),general,43.0,51.5,47.25,9200.0,10800.0,10000.0,10800.0,0.08,,,14.07,PER,19102.0,11127819.0,3309000.0,35737200000.0,43.0,51.5,47.25,코스닥,0.0,0.0,4.0,ok,548002.0,43.4614,0.0,OK,,,,,,,,,,,,,,,ipo_features_raw.csv
현대힘스,2024-01-26,667373,460930,20240116000199,[발행조건확정]증권신고서(지분증권),general,24.2,39.84,32.02,5000.0,6300.0,5650.0,7300.0,0.292,,,,PER,8311.0,,8707000.0,63561100000.0,24.2,39.84,32.02,코스닥,0.0,0.0,3.0,partial,320502.0,12.1646,0.0,OK,,,,,,,,,,,,,,,ipo_features_raw.csv
