company_name,listing_date,corp_code,stock_code,rcept_no,report_nm,track_type,discount_rate_low_pct,discount_rate_high_pct,discount_rate_mid_pct,price_band_low,price_band_high,band_midpoint,final_offering_price,price_vs_mid,net_income_mn,net_income_bn,peer_per,valuation_model,per_stock_value,total_shares,offering_shares,offering_amount,discount_rate_xml_low,discount_rate_xml_high,discount_rate_xml_mid,listing_market,is_tech_special,is_growth_special,filled_key_fields,extraction_status,xml_size,discount_rate_implied,discount_rate_diff,data_quality_flag,net_income_type,institutional_ratio,retail_ratio,discount_rate_xml_source,dart_revenue_bn,dart_op_income_bn,dart_net_income_bn,dart_assets_bn,dart_equity_bn,dart_bsns_year,dart_reprt_code,dart_debt_ratio,dart_op_margin,net_income_source,source_dataset,crawling_sector,crawling_industry,crawling_summary,crawling_source_url,crawling_collected_at,crawling_status,segment_bio,segment_healthcare,segment_software,segment_ai,segment_robotics,segment_semiconductor,segment_materials,segment_manufacturing,segment_mobility,segment_fintech,segment_deeptech,segment_platform,segment_consumer,segment_unknown
HB인베스트먼트,2024-01-25,309460,440290,20240115000350,[발행조건확정]증권신고서(지분증권),general,26.62,37.1,31.86,2400.0,2800.0,2600.0,3400.0,0.3077,,,,PER,3816.0,,200010.0,22667800000.0,26.62,37.1,31.86,코스닥,0.0,0.0,3.0,partial,350696.0,,0.0,NO_XML_DR,,,,,,,,,,,,,,,ipo_features_raw.csv,코스닥 기타금융,창업투자,"동사는 1999년 중소기업창업투자회사로 설립되고, 2024년 코스닥시장에 상장한 벤처캐피탈로 중소·벤처기업에 투자금융을 제공함. 성장유망 중소·벤처기업 투자, 가치 증대로 우량기업을 육성하며 미래핵심 성장산업 가치를 창출하여 경제 발전에 기여하고 있음. 또한, 1999년 1호 투자조합 결성 이후 현재 벤처투자조합 19개를 운용, 총 출자약정액 7,518억원으로 투자재원을 확보함.",https://navercomp.wisereport.co.kr/v2/company/c1010001.aspx?cmp_cd=440290,2026-06-09T18:53:42,ok,0,0,0,0,0,0,0,0,0,1,0,0,0,0
LB인베스트먼트,2023-03-29,231901,309960,20230316000293,[발행조건확정]증권신고서(지분증권),general,19.78,30.79,25.285,4400.0,5100.0,4750.0,5100.0,0.0737,,,,PER,6357.0,,,23552039700.0,19.78,30.79,25.285,코스닥,0.0,0.0,3.0,partial,357273.0,,0.0,NO_XML_DR,,,,,,,,,,,,,,,ipo_features_raw.csv,코스닥 기타금융,창업투자,"동사는 1996년 LG창업투자로 시작해 2000년 LG그룹에서 독립하고 2008년 현재의 이름으로 개명, 2023년 코스닥에 상장함. 벤처투자회사로서 자본과 경영이 취약한 벤처기업에 자금 및 경영서비스를 제공하며 투자자금을 회수하는 사업을 영위함. 보고서 작성일 기준 11개의 벤처투자조합과 1개의 사모투자합자회사를 운용하며 총 출자약정액 1조 4,990억원으로 중소벤처기업 성장을 도모하고 있음.",https://navercomp.wisereport.co.kr/v2/company/c1010001.aspx?cmp_cd=309960,2026-06-09T18:53:42,ok,0,0,0,0,0,0,0,0,0,1,0,0,0,0
LS머트리얼즈,2023-12-12,1528141,417200,20231130001608,[발행조건확정]증권신고서(지분증권),general,13.62,30.89,22.255,4400.0,5500.0,4950.0,6000.0,0.2121,,,,EV/EBITDA,6423.0,,,87750000000.0,14.36,31.49,22.925,코스닥,0.0,0.0,3.0,partial,640531.0,6.5857,0.67,OK,,,,,,,,,,,,,,,peer_group_features_enriched.csv,코스닥 전기·전자,전기제품,"동사는 2021년 LS엠트론의 울트라캐패시터 사업부문이 물적분할되어 설립되었으며, LS알스코를 종속회사로 보유하고 있음. UC사업부는 신재생에너지, AGV용 및 전기차 분야 중대형 울트라캐패시터를 생산·판매하고, 알루미늄사업부는 자동차·산업용·전기전자부품 소재를 제공하고 있음. 동사는 2024년 버티브와 MOU 체결하여 AI 데이터센터 전력 안정화 진출, 신재생에너지 전력망 안정화 제품을 개발하고 공급을 논의하고 있음.",https://navercomp.wisereport.co.kr/v2/company/c1010001.aspx?cmp_cd=417200,2026-06-09T18:53:42,ok,0,0,1,1,0,0,1,1,1,0,0,0,0,0
M83,2024-08-22,1704680,476080,20240809000437,[발행조건확정]증권신고서(지분증권),general,33.63,43.84,38.735,11000.0,13000.0,12000.0,16000.0,0.3333,6406.0,64.06,,PER,19588.0,8270400.0,,,33.63,43.84,38.735,코스닥,0.0,0.0,4.0,ok,521727.0,18.3173,0.0,OK,,,,,,,,,,,,,,,peer_group_features_enriched.csv,코스닥 오락·문화,방송과엔터테인먼트,"동사는 2020년 설립된 VFX 전문 기업으로 2024년 코스닥에 상장함. 주요 종속회사로 IT 솔루션 기업 피앤티링크와 영상 콘텐츠 제작 기업 모터헤드를 보유하고 있으며, 노르웨이 VFX 기업 김프빌 지분 투자와 2026년 중국 법인 설립을 통해 글로벌 네트워크 확대 중임. 동사는 영화, 드라마, OTT 콘텐츠 VFX 제작을 전문으로 하고, 광고·브랜드, 뉴미디어, 가상 콘텐츠 등으로 사업 영역을 확장하고 있음.",https://navercomp.wisereport.co.kr/v2/company/c1010001.aspx?cmp_cd=476080,2026-06-09T18:53:42,ok,0,0,1,0,0,0,0,0,0,0,0,1,1,0
그래피,2025-08-25,1565054,318060,20250808000191,[발행조건확정]증권신고서(지분증권),general,32.39,42.53,37.46,17000.0,20000.0,18500.0,15000.0,-0.1892,11776.0,117.76,28.96,PER,29581.0,11528547.0,1950000.0,29250000000.0,32.39,42.53,37.46,코스닥,0.0,0.0,5.0,ok,852612.0,49.2918,0.0,OK,,,,,,,,,,,,,,,peer_group_features_enriched.csv,코스닥 화학,건강관리장비와용품,"동사는 2017년 설립된 3D프린팅 소재 및 치과교정 솔루션 전문 기업으로, 2025년 코스닥시장에 상장하였음. 자체 올리고머 개발 및 합성 역량으로 형상기억 3D프린팅 소재를 개발해 구강 환경에서 형상이 복원되는 투명교정장치(SMA)를 상용화하였음. 3D프린터로 출력하는 차별화된 방식으로 문제점을 해결하고, 생산 장비, 소프트웨어, 소재 등 통합솔루션으로 글로벌 시장을 확대하고 있음.",https://navercomp.wisereport.co.kr/v2/company/c1010001.aspx?cmp_cd=318060,2026-06-09T18:53:42,ok,0,0,1,0,0,1,1,1,0,0,0,0,0,0
그리드위즈,2024-06-14,1299203,453450,20240531001586,[발행조건확정]증권신고서(지분증권),general,43.11,51.65,47.38,34000.0,40000.0,37000.0,40000.0,0.0811,,,,PER,70315.0,,1400000.0,56000000000.0,43.11,51.65,47.38,코스닥,0.0,0.0,3.0,partial,669538.0,43.1131,0.0,OK,,,,,,,,,,,,,,,peer_group_features_enriched.csv,코스닥 일반서비스,전기유틸리티,"동사는 2013년 설립된 전력 수요 관리 서비스 및 전기차 충전 인프라 전문 기업으로, 2024년 코스닥시장에 상장하였음. 국내 1위 수요관리사업자로서 전력계통 안정화에 기여하고 있으며, 종속회사 6개사를 통해 사업을 영위하고 있음. 주요 사업으로 수요관리(DR) 서비스, 전기차 충전 모뎀 및 충전기 제조·판매, ESS 및 태양광 발전설비 설치·운영 관리 사업을 수행하고 있음.",https://navercomp.wisereport.co.kr/v2/company/c1010001.aspx?cmp_cd=453450,2026-06-09T18:53:55,ok,0,0,0,0,0,0,0,1,0,0,0,0,0,0
그린리소스,2023-11-24,1370863,402490,20231110000300,[발행조건확정]증권신고서(지분증권),general,20.2,37.3,28.75,11000.0,14000.0,12500.0,17000.0,0.36,,,,PER,17545.0,,1640000.0,27880000000.0,,,,코스닥,0.0,0.0,3.0,partial,426054.0,3.1063,,NO_XML_DR,,,,,,,,,,,,,,,peer_group_features_enriched.csv,코스닥 전기·전자,반도체와반도체장비,"동사는 2023년 코스닥 상장 후 (주)위드엘씨를 합병하고, 반도체 및 디스플레이 공정 장비용 부품의 내식성·내플라즈마성 제고 소재 제조 및 코팅 사업을 영위함. PVD 방식 초고밀도 코팅을 개발·제조하여 부품에 적용 가능한 코팅층을 제작하고 오염된 부품을 세정 및 코팅하고 있음. 희토류 소재 및 코팅기술 응용 지식재산권 보유하며, 2028년까지 (주)래티스를 통해 초전도선재를 양산하여 산업에 진입할 계획하고 있음.",https://navercomp.wisereport.co.kr/v2/company/c1010001.aspx?cmp_cd=402490,2026-06-09T18:53:55,ok,0,0,0,0,0,1,1,1,0,0,0,0,0,0
꿈비,2023-02-09,1586455,407400,20230130000210,[발행조건확정]증권신고서(지분증권),general,13.18,22.83,18.005,4000.0,4500.0,4250.0,5000.0,0.1765,,13.1905,,PER,5183.0,,,10000000000.0,,,,코스닥,0.0,0.0,3.0,partial,368993.0,3.5308,,NO_XML_DR,,,,,271.8174,11.3331,13.1905,159.6357,80.6047,2022.0,11011.0,98.05,4.17,dart_api,peer_group_features_enriched.csv,코스닥 기타제조,가정용기기와용품,"동사는 2014년 유아용품 제조 및 도소매 목적으로 설립되었으며, 2023년 코스닥시장에 상장됨. 주요 종속회사로 온라인 쇼핑몰 '더에르고' 운영사 에르모어, 가이아코퍼레이션, 옥토아이앤씨, 소브 등이 있으며, 당기 중 베스트유통을 편입하여 G7커피 등 유통사업으로 사업영역을 확장함. 동사는 놀이방 매트, 유아거실가구, 스킨케어 등 영유아용품을 제공하며, 꿈비, 리코코, 오가닉그라운드, 바바디토 등 다양한 브랜드를 보유하고 있음.",https://navercomp.wisereport.co.kr/v2/company/c1010001.aspx?cmp_cd=407400,2026-06-09T18:53:55,ok,0,0,0,0,0,0,0,1,0,0,0,0,1,0
나라셀라,2023-06-02,1021639,405920,20230519000339,[발행조건확정]증권신고서(지분증권),general,21.52,34.6,28.06,20000.0,24000.0,22000.0,20000.0,-0.0909,,,,PER,30580.0,,,,21.52,34.6,28.06,코스닥,0.0,0.0,3.0,partial,335641.0,34.5978,0.0,OK,,,,,,,,,,,,,,,peer_group_features_enriched.csv,코스닥 유통,음료,"동사는 1990년 설립된 주류 수입 및 도매업체로 2023년 코스닥시장에 상장하였음. 미국, 프랑스, 칠레, 이탈리아에서 와인을 수입해 국내 유통하고 있으며, 약 30년간 252개 브랜드, 1,613 SKU의 포트폴리오를 구축하고 있음. 국내 와인 최초 누적 판매량 1,700만 병을 달성한 칠레 몬테스, 미국 나파밸리의 덕혼 및 케이머스 등을 유통하며 다양한 판매 채널을 운영하고 있음.",https://navercomp.wisereport.co.kr/v2/company/c1010001.aspx?cmp_cd=405920,2026-06-09T18:53:56,ok,0,0,0,0,0,0,0,0,0,0,0,0,1,0
넥스트칩,2022-07-01,1515864,396270,20220620000302,[발행조건확정]증권신고서(지분증권),general,32.5,42.4,37.45,9900.0,11600.0,10750.0,13000.0,0.2093,,,,PER,17181.0,,78000.0,33800000000.0,32.5,42.4,37.45,코스닥,0.0,0.0,3.0,partial,405420.0,24.335,0.0,OK,,,,,,,,,,,,,,,peer_group_features_enriched.csv,코스닥 전기·전자,반도체와반도체장비,"동사는 2019년 설립된 차량용 지능형 카메라 시스템 반도체 전문기업으로 2022년 코스닥시장에 상장함. ADAS와 자율주행 확산에 따라 차량용 영상처리 반도체 시장을 중심으로 성장해왔으며, ISP, AHD, SoC 제품을 글로벌 고객사에 공급하고 있음. 차량용 반도체 기술을 기반으로 로봇 및 드론 시장으로 확장하며, 협동 및 자율이동로봇, 드론 부품 국산화 수요에 부응하는 사업을 하고 있음.",https://navercomp.wisereport.co.kr/v2/company/c1010001.aspx?cmp_cd=396270,2026-06-09T18:53:57,ok,0,0,0,0,1,1,0,1,1,0,0,0,0,0
노브랜드,2024-05-24,305941,145170,20240510000090,[발행조건확정]증권신고서(지분증권),general,14.45,32.34,23.395,8700.0,11000.0,9850.0,14000.0,0.4213,,,,PER,12858.0,9950113.0,1200000.0,16800000000.0,14.45,32.34,23.395,코스닥,0.0,0.0,3.0,partial,622237.0,-8.8816,0.0,OK,,,,,,,,,,,,,,,peer_group_features_enriched.csv,코스닥 섬유·의류,"섬유,의류,신발,호화품","동사는 1994년 설립된 니트, 우븐 소재의 의류 ODM 전문 기업으로 2024년 코스닥에 상장함. 동사는 2024년 아웃도어 의류 전문업체 유니코글로벌과 2026년 셔츠·블라우스·드레스류 전문 반도비나를 인수하여 전 품목 생산 역량을 가지고 있음. Gap, Target 등 대량생산부터 Eileen Fisher 등 프리미엄, Everlane 등 온라인 브랜드까지 40여 개 글로벌 패션 브랜드와 20년 이상 거래하고 있음.",https://navercomp.wisereport.co.kr/v2/company/c1010001.aspx?cmp_cd=145170,2026-06-09T18:53:57,ok,0,0,0,0,0,0,1,1,0,0,0,0,1,0
뉴로메카,2022-11-04,1336461,348340,20221025000174,[발행조건확정]증권신고서(지분증권),general,30.1,42.1,36.1,14000.0,16900.0,15450.0,16900.0,0.0939,14220.76,142.2076,30.41,PER,24177.0,10967670.0,45000.0,,29.69,41.69,35.69,코스닥,0.0,0.0,5.0,ok,657971.0,30.0989,0.41,OK,,,,,,,,,,,,,,,peer_group_features_enriched.csv,코스닥 기계·장비,기계,"동사는 2013년 로봇 개발·생산·판매 및 자동화솔루션 공급 목적으로 설립되어, 2022년 코스닥시장에 상장함. 협동로봇 상용화를 위해 로봇 제어 소프트웨어와 하드웨어를 내재화하여 다양한 산업 분야에 자동화솔루션을 공급하고 있음. 핵심 부품, 로봇 플랫폼, 도메인 솔루션, AI 기술을 내재화해 글로벌 로봇 기업과 경쟁 기반을 확보하고 피지컬 AI 기반 전문 기업으로 성장 중임.",https://navercomp.wisereport.co.kr/v2/company/c1010001.aspx?cmp_cd=348340,2026-06-09T18:53:58,ok,0,0,1,1,1,1,0,1,0,0,0,1,0,0
뉴엔AI,2025-07-04,1639508,463020,20250620000288,[발행조건확정]증권신고서(지분증권),general,26.06,35.92,30.99,13000.0,15000.0,14000.0,15000.0,0.0714,,,,EV/EBITDA,20287.0,,2220000.0,33300000000.0,26.06,35.92,30.99,코스닥,0.0,0.0,3.0,partial,647823.0,26.061,0.0,OK,,,,,,,,,,,,,,,peer_group_features_enriched.csv,코스닥 IT 서비스,IT서비스,"동사는 2004년 설립된 빅데이터 및 AI 분석 전문기업으로 2024년 뉴엔에이아이로 상호 변경 후 코스닥시장에 상장함. 빅데이터와 AI기술을 결합해 미래 예측과 공급망 관리를 지원하며, 비정형 빅데이터 AI 분석 시장을 개척하고 있음. 30개의 기술특허와 인력을 바탕으로 맞춤형 AI 분석, 표준화 AI 분석, 데이터 정제 및 가공을 통해 다양한 산업에서 활용되고 있음.",https://navercomp.wisereport.co.kr/v2/company/c1010001.aspx?cmp_cd=463020,2026-06-09T18:53:58,ok,0,0,1,1,0,0,0,1,0,0,0,0,0,0
닷밀,2024-11-13,1605282,464580,20241101000289,[발행조건확정]증권신고서(지분증권),general,20.91,33.08,26.995,11000.0,13000.0,12000.0,13000.0,0.0833,,,,PER,16438.0,9438054.0,1200000.0,,20.91,33.08,26.995,코스닥,0.0,0.0,3.0,partial,457533.0,20.915,0.0,OK,,,,,,,,,,,,,,,peer_group_features_enriched.csv,코스닥 오락·문화,방송과엔터테인먼트,"동사는 2015년 설립된 종합 실감미디어 엔터테인먼트 테크 기업으로, 2024년 코스닥시장에 이익미실현기업 특례상장하였음. 프로젝션 맵핑, XR, 홀로그램 등 실감미디어 기반 B2B·B2G 수주사업과 실감미디어 테마파크 운영 B2C 사업을 영위하고 있음. 기획부터 시공, 운영까지 전 과정을 내부 인력으로 해결하는 독자적 조직구조를 구축하며, 테마파크·공연·AI 등 전방위 산업 확산을 선도하고 있음.",https://navercomp.wisereport.co.kr/v2/company/c1010001.aspx?cmp_cd=464580,2026-06-09T18:53:59,ok,0,0,0,1,0,0,0,0,0,0,0,1,0,0
대진첨단소재,2025-03-06,1549472,393970,20250219001498,[발행조건확정]증권신고서(지분증권),general,30.11,41.4,35.755,10900.0,13000.0,11950.0,9000.0,-0.2469,,-3.7282,31.54,EV/EBITDA,19200.0,16504372.0,3000000.0,27000000000.0,32.29,43.23,37.76,코스닥,0.0,0.0,4.0,ok,730567.0,53.125,2.005,MINOR_DIFF,,,,,889.9292,59.8865,-3.7282,1429.8023,617.5743,2024.0,11011.0,131.52,6.73,dart_api,peer_group_features_enriched.csv,코스닥 화학,전기제품,"동사는 2019년 이차전지 및 자동차부품 소재의 제조와 도소매업 목적 설립, 2025년 코스닥시장에 상장함. 배터리 제조공정에서 대전방지 트레이, PET 이형필름, 대전방지 코팅액을 주력으로 사업을 영위하고, 자동차 및 가전제품용 플라스틱 부품을 납품하고 있음. CNT 기술 자체 개발로 전도성 강화, 중국과 합작법인 설립, 미국 생산기반 구축 통해 북미 시장 공략 본격화하고 있음.",https://navercomp.wisereport.co.kr/v2/company/c1010001.aspx?cmp_cd=393970,2026-06-09T18:53:59,ok,0,0,0,0,0,0,1,1,1,0,0,0,0,0
더즌,2025-03-24,1563667,462860,20250311000714,[발행조건확정]증권신고서(지분증권),general,24.41,36.51,30.46,10500.0,12500.0,11500.0,9000.0,-0.2174,11760.417,117.6042,33.7,PER,16537.0,23967758.0,2500000.0,22500000000.0,24.41,36.51,30.46,코스닥,0.0,0.0,5.0,ok,450457.0,45.5766,0.0,OK,,,,,,,,,,,,,,,peer_group_features_enriched.csv,코스닥 통신,IT서비스,"동사는 2017년 설립되어 디지털 뱅킹, FX, 데이터 솔루션을 주요 제품으로 사업을 하고 있으며, 2025년 코스닥에 상장함. 디지털 뱅킹 솔루션은 펌뱅킹, 가상계좌, 부가서비스로 대량 지급 거래 기업의 자금 업무 효율화를 위한 전자금융 솔루션임. FX 솔루션은 크로스보더 거래 고객에 환전 및 정산 자동화를 제공하는 자금관리 서비스와 무인 환전 키오스크로 구성됨.",https://navercomp.wisereport.co.kr/v2/company/c1010001.aspx?cmp_cd=462860,2026-06-09T18:53:59,ok,0,0,1,0,1,0,0,0,0,1,0,0,0,0
레이저쎌,2022-06-24,1573381,412350,20220613000057,[발행조건확정]증권신고서(지분증권),general,15.6,27.7,21.65,12000.0,14000.0,13000.0,16000.0,0.2308,,,,PER,16592.0,,1600000.0,25600000000.0,,,,코스닥,0.0,0.0,3.0,partial,392603.0,3.568,,NO_XML_DR,,,,,,,,,,,,,,,peer_group_features_enriched.csv,코스닥 기계·장비,반도체와반도체장비,"동사는 2015년 설립된 기업으로, 면광원 에어리어 레이저 기술로 반도체, 디스플레이 및 2차전지 후공정 패키징 공정 본딩장비를 개발 및 제조하고 있음. 주요 제품으로 반도체용 LSR, eLMB, LPB, 디스플레이용 rLSR, 배터리용 LSR 등 다양한 라인업을 보유하고 있음. 글로벌 반도체 파운드리, 모바일기기, 전기차 배터리 선두업체에 장비를 납품하며, 미국, 대만, 일본, 중국 등 주요 거점에 데모센터를 운영하고 있음.",https://navercomp.wisereport.co.kr/v2/company/c1010001.aspx?cmp_cd=412350,2026-06-09T18:54:01,ok,0,0,0,0,0,1,1,1,0,0,0,0,0,0
루미르,2024-10-21,1636565,474170,20241008000444,[발행조건확정]증권신고서(지분증권),general,21.36,36.7,29.03,16500.0,20500.0,18500.0,12000.0,-0.3514,17652.0,176.52,28.35,PER,26068.0,19198502.0,2400000.0,28800000000.0,21.36,36.7,29.03,코스닥,0.0,0.0,5.0,ok,689910.0,53.9665,0.0,OK,,,,,,,,,,,,,,,peer_group_features_enriched.csv,코스닥 운송장비·부품,우주항공과국방,"동사는 2009년 설립되어 2024년 기술성장기업으로 코스닥에 상장한 지구관측 인공위성 전문기업임. 주야간 전천후 지구관측 가능한 SAR 위성시스템, 위성 영상/정보 서비스, 인공위성 관련 전장품, 대형 선박용 솔레노이드를 제조하며, 위성제조 분야의 기술과 전장품 국산화를 이루어냄. 2026년 LumirX-1호 발사로 총 18기 군집위성 시스템 구축하여 글로벌 시장에서 경쟁력 있는 사업자로 성장을 추진하고 있음.",https://navercomp.wisereport.co.kr/v2/company/c1010001.aspx?cmp_cd=474170,2026-06-09T18:54:01,ok,0,0,0,0,0,1,0,1,1,0,1,0,0,0
링크솔루션,2025-06-10,1764099,474650,20250526000299,[발행조건확정]증권신고서(지분증권),general,42.87,50.32,46.595,20000.0,23000.0,21500.0,23000.0,0.0698,7771.0,77.71,30.08,PER,40259.0,5806432.0,,20700000000.0,42.87,50.32,46.595,코스닥,0.0,0.0,5.0,ok,426880.0,42.8699,0.0,OK,,,,,,,,,,,,,,,peer_group_features_enriched.csv,코스닥 기계·장비,기계,"동사는 2013년 설립된 3D 프린터 제조 및 3D 프린팅 서비스 전문 기업으로, 2025년 코스닥시장에 기술성장기업으로 상장함. 디지털 적층 성형기계 제조업에 속하며, SLA, FDM, MBJ 방식의 3D 프린터를 자체 개발하여 상용화에 성공함. 3D 프린터 판매와 출력물 생산 서비스를 운영하여 모빌리티, 항공/우주, 국방 등 다양한 산업에 서비스를 제공하고 있음.",https://navercomp.wisereport.co.kr/v2/company/c1010001.aspx?cmp_cd=474650,2026-06-09T18:54:02,ok,0,0,0,0,0,1,0,1,1,0,1,0,0,0
마녀공장,2023-06-08,1136977,439090,20230524000321,[발행조건확정]증권신고서(지분증권),general,37.32,46.28,41.8,12000.0,14000.0,13000.0,16000.0,0.2308,,,,PER,22337.0,,,32000000000.0,37.32,46.28,41.8,코스닥,0.0,0.0,3.0,partial,341158.0,28.37,0.0,OK,,,,,,,,,,,,,,,peer_group_features_enriched.csv,코스닥 화학,화장품,"동사는 2012년 설립된 천연 유래 성분 기능성 스킨케어 브랜드사로, 2023년 코스닥에 상장하였음. 대표 브랜드 '마녀공장' 중심으로 비건 화장품 '아워비건', 향 특화 브랜드 '바닐라부티크' 보유하고 있으며, 기초 화장품을 주력으로 65개국 이상에 수출하고 있음. OEM/ODM사와 파트너십을 통해 신속하게 제품을 출시하고, 온라인 기반 운영력으로 전세계 클린뷰티 시장 확대에 대응하고 있음.",https://navercomp.wisereport.co.kr/v2/company/c1010001.aspx?cmp_cd=439090,2026-06-09T18:54:02,ok,0,0,0,0,0,0,1,0,0,0,0,0,1,0
메가터치,2023-11-09,923516,446540,20231030000175,[발행조건확정]증권신고서(지분증권),general,19.83,29.85,24.84,3500.0,4000.0,3750.0,4800.0,0.28,3366.0,33.66,30.79,PER,4989.0,20771000.0,5200000.0,24960000000.0,19.83,29.85,24.84,코스닥,0.0,0.0,5.0,ok,605141.0,3.7883,0.0,OK,,,,,,,,,,,,,,,peer_group_features_enriched.csv,코스닥 전기·전자,전자장비와기기,"동사는 2010년 설립되어 2023년 코스닥시장 상장한 반도체 및 배터리 테스트 핀 제조기업임. 반도체 TEST용 PROBE PIN, ICT PIN, 배터리 충방전 테스트 PIN을 개발·제조하며, 비메모리 반도체 후공정 Wafer Test 및 Final Test용 핀과 2차전지 충방전 테스트 핀을 주력 생산함. 고속 신호 무결성을 보장하는 테스트 솔루션을 제공하고, AI 반도체 생태계 내 신뢰성으로 시장 경쟁력을 강화하고 있음.",https://navercomp.wisereport.co.kr/v2/company/c1010001.aspx?cmp_cd=446540,2026-06-09T18:54:02,ok,0,0,1,1,0,1,1,1,0,0,0,0,0,0
모니터랩,2023-05-19,1583652,434480,20230508000469,[발행조건확정]증권신고서(지분증권),general,30.6,46.9,38.75,7500.0,9800.0,8650.0,9800.0,0.1329,,,,PER,,,2000000.0,19600000000.0,,,,코스닥,0.0,0.0,3.0,partial,342877.0,,,NO_XML_DR,,,,,,,,,,,,,,,peer_group_features_enriched.csv,코스닥 IT 서비스,소프트웨어,"동사는 2005년 B2B 사이버보안 전문으로 설립되어 2023년 코스닥 상장하며, 쏘마 인수로 통합 보안 포트폴리오 완성함. 온프레미스 어플라이언스부터 클라우드 기반 SECaaS 플랫폼까지 다양한 방식 제공하고, 국내 최초 엣지 컴퓨팅 아키텍처 기반 SSE 출시함. 자체 개발 AI/ML 기반 CTI 플랫폼 AILabs로 위협 인텔리전스를 고도화하며, 제로트러스트 솔루션과 관리형 서비스 확대 추진하고 있음.",https://navercomp.wisereport.co.kr/v2/company/c1010001.aspx?cmp_cd=434480,2026-06-09T18:54:03,ok,0,0,1,1,0,0,0,0,0,0,0,1,0,0
모티브링크,2025-02-20,367400,463480,20250210000466,[발행조건확정]증권신고서(지분증권),general,16.98,29.43,23.205,5100.0,6000.0,5550.0,6000.0,0.0811,3204.0,32.04,,PER,7227.0,12390358.0,3020590.0,18123540000.0,17.53,29.88,23.705,코스닥,0.0,0.0,4.0,ok,507340.0,16.978,0.5,OK,,,,,,,,,,,,,,,peer_group_features_enriched.csv,코스닥 전기·전자,자동차부품,"동사는 1977년 전압·전류 제어 변압기 전문업체로 설립되어, 가전용 부품에서 자동차 부품 공급업체로 변모하며 2025년 코스닥에 상장함. 전장부품용 변압기 및 EMC COIL 최적화 설계를 제공하는 국내 유일 기업으로, OBC, LDC, 인버터 자성체 부품 양산하며 전자파 필터 및 ICCU 시스템 개발 진행 중임. 수소전기차용 고용량 제품 개발과 동시에 인공위성, 드론, 국방부품, UAM, 로봇 신규사업 확장하고 있음.",https://navercomp.wisereport.co.kr/v2/company/c1010001.aspx?cmp_cd=463480,2026-06-09T18:54:03,ok,0,0,0,0,1,0,0,1,1,0,1,0,0,0
미트박스,2025-01-23,1374717,475460,20250110000703,[발행조건확정]증권신고서(지분증권),general,29.18,41.5,35.34,19000.0,23000.0,21000.0,19000.0,-0.0952,,11.2287,,PER,32478.0,5642150.0,1000000.0,19000000000.0,29.18,41.5,35.34,코스닥,0.0,0.0,3.0,partial,467403.0,41.4989,0.0,OK,,,,,,31.1915,11.2287,502.2809,171.8128,2024.0,11011.0,192.34,,dart_api,peer_group_features_enriched.csv,코스닥 IT 서비스,인터넷과카탈로그소매,"동사는 2014년 축산물 유통·판매업을 목적으로 설립되었으며, 2025년 1월 코스닥시장에 상장함. 종속회사로 축산물 담보대출 서비스를 제공하는 ㈜미트매치대부와 HACCP 가공장을 보유한 ㈜미트그램을 두고 있음. 축산물 직거래 플랫폼 '미트박스'를 운영하며, 기존 축산물 유통시장의 복잡한 구조와 정보 비대칭성 문제를 해결하고자 IT 기술을 활용한 온라인 직거래 서비스를 제공하고 있음.",https://navercomp.wisereport.co.kr/v2/company/c1010001.aspx?cmp_cd=475460,2026-06-09T18:54:03,ok,0,0,1,0,0,0,0,1,0,0,0,1,0,0
바이오비쥬,2025-05-20,1657197,489460,20250502000293,[발행조건확정]증권신고서(지분증권),general,31.42,39.67,35.545,8000.0,9100.0,8550.0,9100.0,0.0643,8120.0,81.2,25.51,PER,13342.0,15524430.0,3000000.0,27300000000.0,31.42,39.67,35.545,코스닥,0.0,0.0,5.0,ok,507002.0,31.7943,0.0,OK,,,,,,,,,,,,,,,peer_group_features_enriched.csv,코스닥 화학,화장품,"동사는 2025년 코스닥에 상장한 글로벌 에스테틱 수출 기업으로, HA 기반 스킨부스터와 필러를 연구개발·제조·판매하고 있음. 주요 제품으로 '칸도럽 세럼', '아세나르트 아쿠아', '코레나 프리미엄' 필러를 보유하고, OEM 수탁 생산과 '셀리비온' 총판 등을 취급하고 있음. 2020년 하남 공장 준공, 2021년 연구소 설립 및 ISO:13485 인증 후 CE인증 등 해외 인증 취득을 추진하며 글로벌 판로를 확대하고 있음.",https://navercomp.wisereport.co.kr/v2/company/c1010001.aspx?cmp_cd=489460,2026-06-09T18:54:04,ok,0,0,0,0,0,0,1,1,0,0,0,0,1,0
뱅크웨어글로벌,2024-08-12,1138595,199480,20240731000209,[발행조건확정]증권신고서(지분증권),general,27.93,39.31,33.62,16000.0,19000.0,17500.0,16000.0,-0.0857,,,,PER,26361.0,,1400000.0,,27.93,39.31,33.62,코스닥,0.0,0.0,3.0,partial,348349.0,39.3043,0.0,OK,,,,,,,,,,,,,,,peer_group_features_enriched.csv,코스닥 IT 서비스,IT서비스,"동사는 2010년 설립된 금융기관 대상 코어시스템 소프트웨어 공급 전문 기업으로, 2024년 코스닥에 기술성장기업으로 상장함. 국내 유일 코어뱅킹시스템 소프트웨어 기업으로 코어뱅킹, 할부리스금융, 코어카드 시스템 등의 금융 소프트웨어를 아시아 7개국 100여 금융기관에 공급하고 있음. 글로벌 금융소프트웨어 시장 선도 기업 목표로 클라우드 기반 솔루션 및 구독형 소프트웨어 판매에 집중하고 있음.",https://navercomp.wisereport.co.kr/v2/company/c1010001.aspx?cmp_cd=199480,2026-06-09T18:54:05,ok,0,0,1,0,0,0,0,0,0,1,0,0,0,0
버넥트,2023-07-26,1605529,438700,20230714000339,[기재정정]증권신고서(지분증권),general,21.9,33.9,27.9,11500.0,13600.0,12550.0,16000.0,0.2749,9956.0,99.56,,EV/EBITDA,17408.0,,1920000.0,,21.88,33.94,27.91,코스닥,0.0,0.0,4.0,ok,3490948.0,8.0882,0.01,OK,,,,,,,,,,,,,,,peer_group_features_enriched.csv,코스닥 IT 서비스,소프트웨어,"동사는 2016년 설립된 컴퓨터 비전 기반 AR 기술로 XR 솔루션을 개발하는 테크 기업이며, 2023년 코스닥시장에 상장함. 자체 개발한 XR 엔진으로 원격협업, AR 콘텐츠 저작, 디지털트윈 모니터링 솔루션을 개발해 제조, 플랜트, 문화, 교육 등 다양한 산업에 공급하고 있음. 동사는 특허 76건과 GS인증 1등급 6건을 보유하고, Web XR 플랫폼 스퀘어스를 통해 글로벌 디지털 플랫폼 시장으로 사업을 확장하고 있음.",https://navercomp.wisereport.co.kr/v2/company/c1010001.aspx?cmp_cd=438700,2026-06-09T18:54:05,ok,0,0,1,0,0,0,0,1,0,0,0,1,0,0
벡트,2024-12-16,1453944,457600,20241203000034,[발행조건확정]증권신고서(지분증권),general,23.7,31.53,27.615,3500.0,3900.0,3700.0,3900.0,0.0541,3174.0,31.74,22.08,PER,,,4750000.0,18525000000.0,23.7,31.53,27.615,코스닥,0.0,0.0,5.0,ok,579711.0,,0.0,OK,,,,,,,,,,,,,,,peer_group_features_enriched.csv,코스닥 전기·전자,교육서비스,"동사는 2006년 설립된 디지털 사이니지 전문기업으로, 2024년 코스닥에 상장되었고, 종속회사 1개를 보유하고 있음. 파나소닉 프로젝터 한국 총판 및 카시오 수입원으로 시작하여, 디지털 사이니지 하드웨어와 소프트웨어를 활용한 토탈 솔루션을 제공하고 있음. 2022년 이솔정보통신 인수로 교육용 사이니지 시장을 확장하여 상업용 및 교육용 영상 기획, 설치, 운영 솔루션을 제공하고 있음.",https://navercomp.wisereport.co.kr/v2/company/c1010001.aspx?cmp_cd=457600,2026-06-09T18:54:05,ok,0,0,1,0,0,0,0,0,0,0,0,0,0,0
사이냅소프트,2024-11-19,1207901,466410,20241106000152,[발행조건확정]증권신고서(지분증권),general,27.98,38.26,33.12,21000.0,24500.0,22750.0,24500.0,0.0769,6809.0,68.09,25.2,PER,34016.0,5037023.0,1010000.0,24745000000.0,27.98,38.26,33.12,코스닥,0.0,0.0,5.0,ok,450847.0,27.9751,0.0,OK,,,,,,,,,,,,,,,peer_group_features_enriched.csv,코스닥 IT 서비스,소프트웨어,"동사는 2000년 주식회사 수퍼스마트로 설립되었으며, 2024년 11월 코스닥시장에 상장함. 기업시장(B2B)과 공공 및 교육시장(B2G)을 대상으로 AI 및 인공지능 전환(AX)과 디지털 전환(DX) 솔루션을 제공하고 있음. 주요 제품으로는 사이냅 문서뷰어, 사이냅 에디터, 사이냅 OCR, 사이냅 어시스턴트 등이 있으며, 현재 100대 대기업군 중 49개 그룹사에서 문서뷰어를 사용하고 있음.",https://navercomp.wisereport.co.kr/v2/company/c1010001.aspx?cmp_cd=466410,2026-06-09T18:54:06,ok,0,0,1,1,0,0,0,0,0,0,0,0,0,0
삼기이브이,2023-02-03,1526806,419050,20230120000341,[발행조건확정]증권신고서(지분증권),general,10.98,25.51,18.245,13800.0,16500.0,15150.0,11000.0,-0.2739,,,,PER,18536.0,,3552037.0,39072407000.0,10.98,25.51,18.245,코스닥,0.0,0.0,3.0,partial,652966.0,40.656,0.0,OK,,,,,,,,,,,,,,,ipo_features_raw.csv,코스닥 운송장비·부품,자동차부품,"동사는 2020년 주식회사 삼기로부터 전기차용 배터리 사업부문을 물적분할하여 설립되었으며, 2023년 코스닥시장에 상장함. 전기자동차 배터리부품 사업을 영위하며, 알루미늄 기구부품 및 ESS/EV용 전장부품을 핵심 제품으로 생산하고 있음. 엔드플레이트는 외부 충격으로부터 셀을 보호하고, BMS 케이블은 배터리 셀의 상태 정보를 BMS에 전달하는 신호 케이블임.",https://navercomp.wisereport.co.kr/v2/company/c1010001.aspx?cmp_cd=419050,2026-06-09T18:56:10,ok,0,0,0,0,0,1,1,1,1,0,0,0,0,0
삼양엔씨켐,2025-02-03,863533,482630,20250114000181,[발행조건확정]증권신고서(지분증권),general,17.75,26.89,22.32,16000.0,18000.0,17000.0,18000.0,0.0588,16121.0,161.21,,EV/EBITDA,21884.0,10830140.0,1100000.0,19800000000.0,17.7,26.9,22.3,코스닥,0.0,0.0,4.0,ok,463573.0,17.7481,0.02,OK,EBITDA,,,,,,,,,,,,,,peer_group_features_enriched.csv,코스닥 화학,반도체와반도체장비,"동사는 2008년 설립된 반도체용 정밀화학 소재 전문 기업으로, 2025년 코스닥시장에 상장하였음. 반도체 제조 공정 중 노광 및 세정 공정에 사용되는 Polymer, PAG, PERR 중간체 등을 생산·판매하고 있음. EUV 공정용 고부가가치 제품 비중 확대와 차세대 패키징 공정 대응 소재 개발을 통해 다변화하며, 글로벌 고객사 확대를 추진하여 매출 구조 안정성을 제고하고 있음.",https://navercomp.wisereport.co.kr/v2/company/c1010001.aspx?cmp_cd=482630,2026-06-09T18:54:06,ok,0,0,0,0,0,1,1,1,0,0,0,0,0,0
삼현,2024-03-21,262266,437730,20240311000468,[발행조건확정]증권신고서(지분증권),general,12.93,30.28,21.605,20000.0,25000.0,22500.0,30000.0,0.3333,,94.498,,PER,28685.0,,2000000.0,60000000000.0,12.93,30.28,21.605,코스닥,0.0,0.0,3.0,partial,573898.0,-4.5843,0.0,OK,,,,,998.4874,97.9638,94.498,948.5974,485.8354,2023.0,11011.0,95.25,9.81,dart_api,peer_group_features_enriched.csv,코스닥 운송장비·부품,자동차부품,"동사는 1988년 모터 제조업체로 설립되어 2024년 코스닥에 상장하며, 인도·중국에 법인 설립 및 자율주행 로봇 전문기업 케이스랩 지분을 취득하여 사업을 확대함. 스마트 액추에이터와 스마트 파워유닛을 제조하고, 모빌리티부문 DCT모터·CVVD, 방산부문 전기 수평안정화 장치 등 전장부품 공급하고 있음. 통합기술을 기반으로 우주항공, AAM 등 미래 모빌리티 시장 확장하여 글로벌 자율제조 솔루션 기업으로 도약하고 있음.",https://navercomp.wisereport.co.kr/v2/company/c1010001.aspx?cmp_cd=437730,2026-06-09T18:54:07,ok,0,0,1,0,1,1,0,1,1,0,1,0,0,0
성우,2024-10-31,319272,458650,20241018000189,[발행조건확정]증권신고서(지분증권),general,14.03,25.89,19.96,25000.0,29000.0,27000.0,32000.0,0.1852,25518.0,255.18,,PER,33732.0,15076980.0,3000000.0,96000000000.0,14.03,25.89,19.96,코스닥,0.0,0.0,4.0,ok,522577.0,5.1346,0.0,OK,,,,,,,,,,,,,,,peer_group_features_enriched.csv,코스닥 전기·전자,전기제품,"동사는 1992년 설립되어 브라운관 TV 부품 사업을 영위하다가 LCD TV 등으로 제품 다각화를 추진하였으며, 2024년 코스닥시장에 상장함. 현재 원통형 이차전지 부품 제조 및 판매사업을 주력으로 하며, 글로벌 기업에 이를 공급하고 전기차용 부품 생산 및 판매를 주요 사업으로 하고 있음. 차세대 이차전지인 46파이 부품 개발을 완료하여 양산을 준비 중이며, 타폼팩트 부품 개발도 진행하여 글로벌 기업으로 성장하고 있음.",https://navercomp.wisereport.co.kr/v2/company/c1010001.aspx?cmp_cd=458650,2026-06-09T18:54:07,ok,0,0,0,0,0,0,0,1,0,0,0,0,0,0
스톰테크,2023-11-20,1226270,352090,20231108000232,[발행조건확정]증권신고서(지분증권),general,26.6,38.2,32.400000000000006,8000.0,9500.0,8750.0,11000.0,0.2571,,,,PER,,,3350000.0,36850000000.0,26.6,38.2,32.4,코스닥,0.0,0.0,3.0,partial,468371.0,,0.0,NO_XML_DR,,,,,,,,,,,,,,,ipo_features_raw.csv,코스닥 화학,가정용기기와용품,"동사는 1999년 설립된 가정용 정수기 부품 제조 전문 기업으로, 26년간의 기술력과 영업력을 바탕으로 꾸준한 성장을 이어가고 있음. 2023년 코스닥시장에 상장하였으며, 종속회사를 통해 인쇄회로기판 사업도 영위하고 있음. 주요 제품으로는 정수기 및 음용수기의 관과 관을 연결하는 피팅, 누수를 차단하고 유로를 제어하는 밸브, 출수를 제어하는 안전 파우셋, 렌탈사업의 사후관리시스템을 위한 튜빙 아세이를 개발 및 생산하고 있음.",https://navercomp.wisereport.co.kr/v2/company/c1010001.aspx?cmp_cd=352090,2026-06-09T18:54:08,ok,0,0,0,0,1,0,1,1,0,0,0,0,0,0
스튜디오미르,2023-02-07,1139965,408900,20230119000286,[발행조건확정]증권신고서(지분증권),general,20.8,38.0,29.4,15300.0,19500.0,17400.0,19500.0,0.1207,,15.1099,,PER,24603.0,,1000000.0,,20.8,38.0,29.4,코스닥,0.0,0.0,3.0,partial,466942.0,20.7414,0.0,OK,,,,,257.8136,33.3986,15.1099,253.4622,209.3957,2022.0,11011.0,21.04,12.95,dart_api,peer_group_features_enriched.csv,코스닥 오락·문화,방송과엔터테인먼트,"동사는 2010년 설립된 애니메이션 제작 및 기획 전문 기업으로, 2023년 코스닥시장에 상장하였음. 3D 애니메이션을 주요 사업부문으로 하는 (주)스튜디오미르CGI를 자회사로 두고 있음. 하이브리드 연출을 통해 퀄리티 높은 작품과 단가 상승, 제작 효율화 통한 원가 감소를 지원함. 프리프로덕션부터 메인프로덕션, 포스트프로덕션에 이르는 총괄제작 가능하며, 기획부터 최종 작업까지 전공정을 내재화해 작품의 연속성과 완성도를 높임.",https://navercomp.wisereport.co.kr/v2/company/c1010001.aspx?cmp_cd=408900,2026-06-09T18:54:08,ok,0,0,0,0,0,0,0,0,0,0,0,0,0,1
스튜디오삼익,2024-02-06,1540815,415380,20240124000150,[발행조건확정]증권신고서(지분증권),general,19.62,29.36,24.49,14500.0,16500.0,15500.0,18000.0,0.1613,,21.7291,,PER,20526.0,,,15300000000.0,19.62,29.36,24.49,코스닥,0.0,0.0,3.0,partial,400382.0,12.3063,0.0,OK,,,,,953.9901,27.7792,21.7291,321.2839,194.4949,2023.0,11011.0,65.19,2.91,dart_api,peer_group_features_enriched.csv,코스닥 유통,가구,"동사는 2017년 삼익T.D.F로부터 상표 전용사용권을 취득해 온라인 홈퍼니싱 유통사업을 하고 있으며, 2024년 코스닥시장에 상장함. 삼익가구, 스칸디아 등 다양한 브랜드로 침실가구와 수면용품을 30여개 온라인 플랫폼에서 판매하며, 제조협력사 관리 및 배송 프로세스를 운영함. 동사는 1인가구 증가 및 시장 디지털화에 맞춰 중저가 제품 및 프리미엄 수면용품 개발로 브랜드 포트폴리오를 다각화하고 있음.",https://navercomp.wisereport.co.kr/v2/company/c1010001.aspx?cmp_cd=415380,2026-06-09T18:54:09,ok,0,0,1,0,0,0,0,1,0,0,0,1,1,0
시지트로닉스,2023-08-03,1284751,429270,20230721000279,[발행조건확정]증권신고서(지분증권),general,40.6,46.5,43.55,18000.0,20000.0,19000.0,25000.0,0.3158,,,,PER,33651.0,,900000.0,,40.57,46.51,43.54,코스닥,0.0,0.0,3.0,partial,397255.0,25.708,0.01,OK,,,,,,,,,,,,,,,peer_group_features_enriched.csv,코스닥 전기·전자,반도체와반도체장비,"동사는 2023년 유가증권시장에 상장한 실리콘 소재 기반의 광·개별소자 전문 기업임. ESD, Power, Sensor 등 반도체 소자 개발부터 생산·판매까지 아우르며, 질화갈륨 기반 전력반도체 및 RF 소자 개발을 진행하고 있음. Epi 공정 기술 적용한 M-FAB 파운드리 라인으로 IDM 기업으로 발돋움하며, Sensor 소자와 GaN Power 소자로 집중하고 있음.",https://navercomp.wisereport.co.kr/v2/company/c1010001.aspx?cmp_cd=429270,2026-06-09T18:54:09,ok,0,0,0,0,0,1,1,1,0,0,0,0,0,0
시큐레터,2023-08-24,1579570,418250,20230811001329,[발행조건확정]증권신고서(지분증권),general,25.9,35.7,30.8,9200.0,10600.0,9900.0,12000.0,0.2121,,,,PER,14313.0,,1333885.0,16006620000.0,26.0,36.0,31.0,코스닥,0.0,0.0,3.0,partial,986493.0,16.1601,0.2,OK,,,,,,,,,,,,,,,peer_group_features_enriched.csv,코스닥 IT 서비스,소프트웨어,"동사는 2015년 설립된 보안 소프트웨어 전문기업으로, 2023년 기술성장기업 특례로 코스닥 상장함. 독자 개발한 리버스엔지니어링 기술 기반 MARS 플랫폼으로 다양한 보안 사업을 영위하고 있으며, AI 및 취약점 분석 연구 등 기술 융합 솔루션 사업을 전개 중. 디지털 문서 파일 활용 구간의 실시간 탐지 및 분석 제품 개발과 클라우드 콘텐츠 공유 협업 시장에 대비한 보안 제품과 서비스 확장을 추진하고 있음.",https://navercomp.wisereport.co.kr/v2/company/c1010001.aspx?cmp_cd=418250,2026-06-09T18:54:09,ok,0,0,1,1,0,0,0,0,0,0,0,1,0,0
시큐센,2023-06-29,1113499,232830,20230619000132,[발행조건확정]증권신고서(지분증권),konex_transfer,13.95,28.29,21.12,2000.0,2400.0,2200.0,3000.0,0.3636,,,,PER,2789.0,,1948000.0,5844000000.0,,,,코스닥,0.0,0.0,3.0,partial,349394.0,-7.5654,,NO_XML_DR,,,,,,,,,,,,,,,ipo_features_raw.csv,코스닥 IT 서비스,IT서비스,"동사는 2011년 설립된 보안 플랫폼 및 서비스 전문 기업으로 2023년 코스닥에 상장함. IT보안, 핀테크 보안, 생체인증 솔루션 등을 공급하며 AI 및 양자내성 암호기술을 접목한 보안 솔루션을 개발하고 있음. 디지털금융 서비스, 보안 솔루션 및 컨설팅, 생체인증, 전자서명 솔루션을 주요 사업으로 하며, 씨플랫폼과 투케이엠시스템즈를 연결종속회사로 보유하고 있음.",https://navercomp.wisereport.co.kr/v2/company/c1010001.aspx?cmp_cd=232830,2026-06-09T18:56:10,ok,0,0,1,1,0,0,0,0,0,1,1,1,0,0
쏘닉스,2023-11-07,561723,88280,20231025000085,[발행조건확정]증권신고서(지분증권),general,24.55,46.1,35.325,5000.0,7000.0,6000.0,7500.0,0.25,,,,PER,9277.0,,3600000.0,27000000000.0,24.55,46.1,35.325,코스닥,0.0,0.0,3.0,partial,440855.0,19.1549,0.0,OK,,,,,,,,,,,,,,,peer_group_features_enriched.csv,코스닥 전기·전자,핸드셋,"동사는 2000년 설립된 RF 필터 전문 파운드리 기업으로, 2023년 코스닥시장에 기술 성장 기업으로 상장하였음. 중소기업, 벤처기업, 소재·부품·장비 전문기업, 기술 혁신형 중소기업(Inno-Biz)에 해당함. 5G 스마트폰용 RF 필터의 소형화, 고성능화에 기여하는 차세대 첨단 RF 필터 파운드리 기술을 보유한 국내 유일의 RF 필터 전문 파운드리 기업임.",https://navercomp.wisereport.co.kr/v2/company/c1010001.aspx?cmp_cd=088280,2026-06-09T18:54:09,ok,0,0,0,0,0,1,1,1,0,0,0,0,0,0
쓰리에이로직스,2024-12-24,870065,177900,20241212000606,[발행조건확정]증권신고서(지분증권),general,45.4,52.9,49.15,15700.0,18200.0,16950.0,11000.0,-0.351,,,,PER,,,1857400.0,20431400000.0,45.4,52.9,49.15,코스닥,0.0,0.0,3.0,partial,488615.0,,0.0,OK,,,,,,,,,,,,,,,peer_group_features_enriched.csv,코스닥 전기·전자,통신장비,"동사는 2004년 설립된 근거리 무선통신 칩 설계 전문업체로, 2024년 코스닥 상장함. 2006년 국내 최초 13.56MHz 대역 RFID 리더 칩을 국산화하였고, NFC 리더 칩 양산 및 NFC 다이나믹 태그 칩 상용화 등 NFC 칩 제품 범위를 확대하고 있음. 자동차에서 차량 열쇠 대체 기술로 문 개폐 및 시동 제어, 스마트 물류에서 제품 추적과 인증, 물류 최적화, 정보 제공에 활용되고 있음.",https://navercomp.wisereport.co.kr/v2/company/c1010001.aspx?cmp_cd=177900,2026-06-09T18:54:10,ok,0,0,0,0,1,1,0,0,1,0,0,0,0,0
씨메스,2024-10-24,1588189,475400,20241014000121,[기재정정]증권신고서(지분증권),general,15.71,29.76,22.735,20000.0,24000.0,22000.0,30000.0,0.3636,7556.0,75.56,45.12,PER,28472.0,11972920.0,2600000.0,,15.71,29.76,22.735,코스닥,0.0,0.0,5.0,ok,3914502.0,-5.3667,0.0,OK,,,,,,,,,,,,,,,peer_group_features_enriched.csv,코스닥 기계·장비,기계,"동사는 2014년 설립된 AI Robotics 전문기업으로, 2024년 기술성장기업으로 코스닥시장에 상장하였음. 3차원 비전기술, AI기술, 산업용 로봇 제어기술을 기반으로 지능형 로봇 솔루션과 인스펙션 솔루션 사업을 영위하고 있음. 지능형 로봇 솔루션은 물류 솔루션과 제조 솔루션으로 구분되며, 쿠팡, CJ대한통운, 현대·기아차, LG전자 등 국내외 대기업이 주요 고객임.",https://navercomp.wisereport.co.kr/v2/company/c1010001.aspx?cmp_cd=475400,2026-06-09T18:54:10,ok,0,0,1,1,1,1,0,1,0,0,0,0,0,0
아우토크립트,2025-07-15,1649620,331740,20250702000145,[기재정정]증권신고서(지분증권),general,21.59,33.35,27.47,18700.0,22000.0,20350.0,22000.0,0.0811,17608.0,176.08,23.58,PER,28058.0,10076324.0,1400000.0,,21.7,33.5,27.6,코스닥,0.0,0.0,5.0,ok,4902418.0,21.591,0.13,OK,,,,,,,,,,,,,,,peer_group_features_enriched.csv,코스닥 IT 서비스,자동차부품,"동사는 2019년 설립된 자동차 사이버보안 소프트웨어 솔루션 전문 기업으로, 2025년 코스닥에 상장함. 자동차 내부 시스템 보안과 외부 통신 보안 제품군을 개발·공급하고, V2X 통신 보안은 무선교통 네트워크와 전력통신 네트워크로 세분화됨. 핵심기술인 자동차 특화 암호기술을 기반으로 차량 암호 응용 개발 및 검증 기술과 차량 통신 보안 및 인프라 운영 기술을 응용하여 6개 제품군 공급하고 있음.",https://navercomp.wisereport.co.kr/v2/company/c1010001.aspx?cmp_cd=331740,2026-06-09T18:54:11,ok,0,0,1,0,0,0,0,1,1,0,0,0,0,0
아이스크림미디어,2024-08-30,657224,461300,20240820000053,[발행조건확정]증권신고서(지분증권),general,9.41,27.89,18.65,32000.0,40200.0,36100.0,32000.0,-0.1136,28279.0,282.79,,PER,44374.0,13678433.0,2460000.0,,9.41,27.89,18.65,코스닥,0.0,0.0,4.0,ok,302356.0,27.8857,0.0,OK,,,,,,,,,,,,,,,peer_group_features_enriched.csv,코스닥 IT 서비스,교육서비스,"동사는 2002년 디지털 콘텐츠 개발 및 서비스 전문업체로 설립되어 코스닥시장에 상장한 에듀테크 전문 기업임. 650만건 이상의 교육용 콘텐츠를 보유하고 있으며, 전국 초등교사의 93%가 활용하는 디지털 수업 플랫폼 아이스크림S, 교사 원격연수 플랫폼 아이스크림연수원 등 사업을 영위함. 삼각 해자 구조로 다양한 플랫폼과 AI 솔루션을 통해 글로벌 에듀테크 기업으로 도약하고 있음.",https://navercomp.wisereport.co.kr/v2/company/c1010001.aspx?cmp_cd=461300,2026-06-09T18:54:12,ok,0,0,1,1,0,0,0,0,0,0,0,1,0,0
아이씨티케이,2024-05-17,1373709,456010,20240503000443,[발행조건확정]증권신고서(지분증권),general,15.0,31.0,23.0,13000.0,16000.0,14500.0,20000.0,0.3793,,-90.3071,,PER,18828.0,,1970000.0,39400000000.0,,,,코스닥,0.0,0.0,3.0,partial,712437.0,-6.2248,,NO_XML_DR,,,,,61.8751,-23.6461,-90.3071,104.1281,94.0827,2023.0,11011.0,10.68,-38.22,dart_api,peer_group_features_enriched.csv,코스닥 전기·전자,통신장비,"동사는 2017년 설립된 PUF 기반 보안 시스템 반도체 설계 전문 기업으로, 2024년 기술성장기업으로 코스닥에 상장함. 세계 최초로 VIA PUF와 PQC 기술을 적용한 보안칩을 양산, 상용화하고 150개 이상의 국내외 특허를 보유하고 있음. 보안칩부터 보안 플랫폼까지 End-to-End 보안 수직화 기술을 통해 이동통신사 및 글로벌 빅테크 대상 사업을 영위하고 있음.",https://navercomp.wisereport.co.kr/v2/company/c1010001.aspx?cmp_cd=456010,2026-06-09T18:54:12,ok,0,0,1,0,0,1,0,0,0,0,0,1,0,0
아이언디바이스,2024-09-23,1706794,464500,20240906000321,[발행조건확정]증권신고서(지분증권),general,25.45,35.91,30.68,4900.0,5700.0,5300.0,7000.0,0.3208,,,,PER,7646.0,,3000000.0,21000000000.0,25.45,35.91,30.68,코스닥,0.0,0.0,3.0,partial,434285.0,8.4489,0.0,OK,,,,,,,,,,,,,,,peer_group_features_enriched.csv,코스닥 전기·전자,반도체와반도체장비,"동사는 2008년 설립된 혼성신호 SoC 반도체 기획/설계 및 제조/판매를 주 사업으로 하는 팹리스 반도체 기업으로, 2024년 코스닥 시장에 상장함. 저전력/고성능/고집적 설계에 중점을 두고 원천기술을 바탕으로 시스템반도체 및 소프트웨어를 개발하여 글로벌 세트업체에 공급하고 있음. 주력 제품인 스마트파워앰프는 스마트폰, AR/VR, AI스피커 등에 적용되며, 아날로그-디지털-파워가 한 칩에 혼재된 제품에 강점을 보유하고 있음.",https://navercomp.wisereport.co.kr/v2/company/c1010001.aspx?cmp_cd=464500,2026-06-09T18:54:12,ok,0,0,1,1,0,1,0,1,0,0,0,0,0,0
아이엠티,2023-10-10,1546101,451220,20230914000342,[발행조건확정]증권신고서(지분증권),general,40.04,47.53,43.785,10500.0,12000.0,11250.0,14000.0,0.2444,,,,PER,,,47400.0,22120000000.0,,,,코스닥,0.0,0.0,3.0,partial,368254.0,,,NO_XML_DR,,,,,,,,,,,,,,,peer_group_features_enriched.csv,코스닥 기계·장비,반도체와반도체장비,"동사는 2000년 설립된 레이저 및 CO2 건식 세정기술, 레이저 열처리 원천기술을 보유한 반도체 공정 장비 전문기업이며, 2023년 코스닥에 상장함. 종속회사로 프로브카드용 MLC 제작 아이엠텍플러스와 스마트폰용 카메라 AF 및 OIS용 Coil 제조 IMT VINA를 보유함. 건식세정, 레이저 열처리, 반도체 화학 분석 장비 및 첨단 산업 소재·부품 사업을 영위, HBM용 CO2 건식 세정 장비를 개발·생산함.",https://navercomp.wisereport.co.kr/v2/company/c1010001.aspx?cmp_cd=451220,2026-06-09T18:54:13,ok,0,0,0,0,0,1,1,1,0,0,0,0,0,0
에스비비테크,2022-10-17,567897,389500,20221004000084,[발행조건확정]증권신고서(지분증권),general,32.9,45.3,39.1,10100.0,12400.0,11250.0,12400.0,0.1022,,,,PER,18470.0,,54000.0,,32.86,45.31,39.085,코스닥,0.0,0.0,3.0,partial,555689.0,32.8641,0.015,OK,,,,,,,,,,,,,,,peer_group_features_enriched.csv,코스닥 기계·장비,기계,"동사는 2000년 설립 후 베어링, 감속기 생산·판매하는 기업이며, 2022년 기술성장기업으로 코스닥에 상장하였음. 1993년 초경볼 및 세라믹 볼 베어링 국산화를 시도하며 독자 기술력을 축적, 로봇용 감속기를 국내 개발하여 '로보드라이브'로 상용화하였음. 정밀 베어링 기술의 감속기 설계 및 제조 역량을 가진 국내 유일 기업으로, 반도체 및 디스플레이 장비 산업에 특수 베어링을 공급하고 있음.",https://navercomp.wisereport.co.kr/v2/company/c1010001.aspx?cmp_cd=389500,2026-06-09T18:54:14,ok,0,0,0,0,1,1,0,1,0,0,0,0,0,0
에스와이스틸텍,2023-11-13,1135084,365330,20231031000076,[발행조건확정]증권신고서(지분증권),general,20.0,36.0,28.0,1200.0,1500.0,1350.0,1800.0,0.3333,,,,PER,1874.0,,7000000.0,12600000000.0,20.0,36.0,28.0,코스닥,0.0,0.0,3.0,partial,360534.0,3.9488,0.0,OK,,,,,,,,,,,,,,,peer_group_features_enriched.csv,코스닥 금속,건축자재,"동사는 2015년 데크플레이트 제조판매 및 설치를 사업으로 설립되어 2023년 코스닥에 상장하였으며, 2025년 신설된 발전소들을 연결대상 종속회사로 편입함. 아파트 등 주거시설과 물류센터 등에 데크플레이트를 공급하며 제품매출, 공사매출, 상품매출 사업을 영위하고 있음. 건설인력 부족, 인건비 상승, 산업재해 예방 등 건축현장 환경 변화에 대응하여 데크플레이트 공법의 시장 확대를 추구하고 있음.",https://navercomp.wisereport.co.kr/v2/company/c1010001.aspx?cmp_cd=365330,2026-06-09T18:54:14,ok,0,0,0,0,0,0,1,1,0,0,0,0,0,0
에스투더블유,2025-09-19,1803635,488280,20250909000313,[발행조건확정]증권신고서(지분증권),general,24.05,34.65,29.35,11400.0,13200.0,12300.0,13200.0,0.0732,,,19.36,PER,17399.0,11058366.0,1580000.0,20856000000.0,24.05,34.65,29.35,코스닥,0.0,0.0,4.0,ok,444263.0,24.1336,0.0,OK,,,,,,,,,,,,,,,peer_group_features_enriched.csv,코스닥 IT 서비스,IT서비스,"동사는 AI 빅데이터 분석 기반의 데이터 인텔리전스 기업으로, 비정형 데이터를 수집하고 AI 알고리즘으로 분석하여 데이터 간 상관관계를 도출함. 멀티도메인 데이터 교차분석을 통해 국방, 기업보안, 산업 AI 분야에서 국제적으로 솔루션을 공급하고 있음. 도메인 특화 언어모델과 교차분석 기술로 AI Agent 구축을 목표로 하며, 산업을 금융과 공공 등으로 확대하고 있음.",https://navercomp.wisereport.co.kr/v2/company/c1010001.aspx?cmp_cd=488280,2026-06-09T18:54:15,ok,0,0,1,1,0,0,0,0,0,1,0,0,0,0
에이럭스,2024-11-01,1641600,475580,20241021000237,[발행조건확정]증권신고서(지분증권),general,13.41,26.24,19.825,11500.0,13500.0,12500.0,16000.0,0.28,4169.567,41.6957,51.56,PER,15591.0,13789430.0,1500000.0,24000000000.0,13.41,26.24,19.825,코스닥,0.0,0.0,5.0,ok,695495.0,-2.6233,0.0,OK,,,,,,,,,,,,,,,peer_group_features_enriched.csv,코스닥 기타제조,교육서비스,"동사는 2015년 드론 및 로봇 제조 전문 기업으로 설립되었으며, 2024년 코스닥시장에 상장함. 주력 제품인 교육용 드론 및 로봇의 개발·제조를 기반으로 교육 콘텐츠, 플랫폼, 서비스까지 확장된 융합 사업을 영위하고 있음. 2022년 드론 사업부 신설로 핵심 부품을 내재화하였으며, 2025년 이알 및 이알 베트남 인수를 통한 수직계열화와 보라스카이 인수로 방산 시장에 본격 진입하고 있음.",https://navercomp.wisereport.co.kr/v2/company/c1010001.aspx?cmp_cd=475580,2026-06-09T18:54:15,ok,0,0,1,0,1,0,0,1,0,0,0,1,0,0
에이엘티,2023-07-27,493325,172670,20230714000210,[발행조건확정]증권신고서(지분증권),general,24.48,38.48,31.48,16700.0,20500.0,18600.0,25000.0,0.3441,,142.6009,,PER,27146.0,,900000.0,,24.48,38.48,31.48,코스닥,0.0,0.0,3.0,partial,276827.0,7.9054,0.0,OK,,,,,443.1885,80.2584,142.6009,1838.7993,693.5317,2022.0,11011.0,165.14,18.11,dart_api,peer_group_features_enriched.csv,코스닥 전기·전자,반도체와반도체장비,"동사는 2003년 설립되어 비메모리 반도체 후공정 테스트를 전문적으로 수행하고, 종속회사 에이지피는 CIS 패키징 사업을 진행하고 있음. DDI, CIS, PMIC, MCU, M/C 테스트와 CIS Wafer Test 후 Reconstruct를 진행하고 있음. SoC 테스트 품목 확대 및 차세대 전력반도체 재료인 SiC의 Dicing 기술 개발을 하며, 최신 설비와 전문 엔지니어 확보로 매출 성장을 지속하고 있음.",https://navercomp.wisereport.co.kr/v2/company/c1010001.aspx?cmp_cd=172670,2026-06-09T18:54:16,ok,0,0,0,0,0,1,0,0,0,0,0,0,0,0
에이유브랜즈,2025-04-03,1803927,481070,20250321000213,[발행조건확정]증권신고서(지분증권),general,8.79,20.19,14.49,14000.0,16000.0,15000.0,16000.0,0.0667,10658.266,106.5827,23.47,PER,17542.0,14260000.0,60000.0,32000000000.0,8.79,20.19,14.49,코스닥,0.0,0.0,5.0,ok,590422.0,8.7903,0.0,OK,,,,,,,,,,,,,,,peer_group_features_enriched.csv,코스닥 유통,"섬유,의류,신발,호화품","동사는 2022년 ㈜에이유커머스에서 물적분할되어 설립된 패션·라이프스타일 전문 기업임. 2010년 영국 ZENNAR LTD와 파트너십으로 '락피쉬' 브랜드를 도입하고, 2013년 사업권을 완전 인수하여 독자적 운영 체제를 구축함. 2020년 '락피쉬웨더웨어'로 리브랜딩하여 사계절 라이프스타일 브랜드로 전환, 2024년 영국 ZENNAR LIMITED 지분 인수로 글로벌 사업을 재정비하고 있음.",https://navercomp.wisereport.co.kr/v2/company/c1010001.aspx?cmp_cd=481070,2026-06-09T18:54:16,ok,0,0,0,0,0,0,0,0,0,0,0,1,1,0
에이직랜드,2023-11-13,1540453,445090,20231031000244,[발행조건확정]증권신고서(지분증권),general,30.96,38.38,34.67,19100.0,21400.0,20250.0,25000.0,0.2346,6175.0,61.75,,PER,30998.0,,2636330.0,65908250000.0,30.96,38.38,34.67,코스닥,0.0,0.0,4.0,ok,768583.0,19.3496,0.0,OK,,,,,,,,,,,,,,,peer_group_features_enriched.csv,코스닥 전기·전자,반도체와반도체장비,"동사는 2016년 설립된 시스템 반도체 디자인하우스로, 글로벌 1위 파운드리 TSMC의 국내 유일 공식 협력사임. 고객사의 반도체 회로 설계를 TSMC를 통해 제조 가능한 설계로 전환하며, AI 반도체, 모바일, 네트워킹 기기 등 다양한 분야에 대응하고 있음. SoC 아키텍처 설계부터 양산까지 지원하며, Arm의 ADP 자격을 바탕으로 5G, 엣지 메모리 컨트롤러, IoT 등 고성능 SoC 개발을 전문으로 하고 있음.",https://navercomp.wisereport.co.kr/v2/company/c1010001.aspx?cmp_cd=445090,2026-06-09T18:54:16,ok,0,0,0,1,0,1,0,1,0,0,0,0,0,0
에이치브이엠,2024-06-28,1011368,295310,20240618000224,[발행조건확정]증권신고서(지분증권),general,17.0,36.0,26.5,11000.0,14200.0,12600.0,18000.0,0.4286,,,,PER,17139.0,,2400000.0,43200000000.0,17.0,36.0,26.5,코스닥,0.0,0.0,3.0,partial,604048.0,-5.0236,0.0,OK,,,,,,,,,,,,,,,peer_group_features_enriched.csv,코스닥 금속,비철금속,"동사는 2012년 설립된 첨단 금속 전문 제조기업으로 2024년 코스닥 시장에 상장함. 고청정 진공용해 기술을 핵심 역량으로 연구개발을 통해 Ni계 초내열 합금, Fe계 고강도 합금, Ti계 특수합금 등 고부가가치 소재를 안정적으로 공급해 왔음. 슈퍼알로이 분야에서 글로벌 기술 경쟁력을 확보하여 우주·항공·방위, 반도체, 에너지 등 전략 산업 전반에 다각화된 사업을 구축하고 있음.",https://navercomp.wisereport.co.kr/v2/company/c1010001.aspx?cmp_cd=295310,2026-06-09T18:54:17,ok,0,0,0,0,0,1,1,1,0,0,1,0,0,0
에이치엔에스하이텍,2024-10-25,311216,44990,20241011000542,[발행조건확정]증권신고서(지분증권),general,19.37,31.78,25.575,22000.0,26000.0,24000.0,22000.0,-0.0833,13082.172,130.8217,,PER,32247.0,8061064.0,500000.0,,19.37,31.78,25.575,코스닥,0.0,0.0,4.0,ok,390590.0,31.7766,0.0,OK,,,,,,,,,,,,,,,peer_group_features_enriched.csv,코스닥 전기·전자,전자장비와기기,"동사는 1995년 설립된 반도체 부품 개발 기업으로, 2015년 코넥스 상장 후 2024년 코스닥 시장에 이전 상장함. 동사는 ACF 제조를 주력으로 하는 소재사업부와 수정진동자 및 발진기를 개발·제조하는 전자사업부를 운영하고 있음. 소재사업부는 Touch Panel용 ACF를 최초 상품화하여 TSP시장 선도, 전자사업부는 통신용 고주파수 제품으로 시장점유율 1위 달성하고 있음.",https://navercomp.wisereport.co.kr/v2/company/c1010001.aspx?cmp_cd=044990,2026-06-09T18:54:17,ok,0,0,0,0,0,1,1,1,0,0,0,0,0,0
에이텀,2023-12-01,1444380,355690,20231117000115,[발행조건확정]증권신고서(지분증권),general,25.08,42.56,33.82,23000.0,30000.0,26500.0,18000.0,-0.3208,,,,PER,40043.0,,19500.0,,25.08,42.56,33.82,코스닥,0.0,0.0,3.0,partial,345329.0,55.0483,0.0,OK,,,,,,,,,,,,,,,peer_group_features_enriched.csv,코스닥 전기·전자,전자장비와기기,"동사는 2015년 설립된 평판형 트랜스 전문 기업으로, 2023년 코스닥시장에 기술성장기업으로 상장함. 종속회사로 에이텀 베트남 법인(생산기지), 청한전자(MLCC 등 전자부품 유통), 디에스티(선박 및 산업기계 부품 제조·판매)를 보유하고 있음. 동사는 평판형 트랜스 핵심 기술을 기반으로 소형화, 고효율, 고출력 트랜스를 제조하며, 휴대용 충전기, TV용 트랜스, 전기자동차 부품 등 종합 솔루션을 제공하고 있음.",https://navercomp.wisereport.co.kr/v2/company/c1010001.aspx?cmp_cd=355690,2026-06-09T18:54:17,ok,0,0,1,0,0,1,0,1,1,0,0,0,0,0
에코아이,2023-11-21,1218299,448280,20231109000215,[발행조건확정]증권신고서(지분증권),general,15.6,30.7,23.15,28500.0,34700.0,31600.0,34700.0,0.0981,17474.0,174.74,23.24,PER,41085.0,,2079000.0,72141300000.0,15.6,30.7,23.15,코스닥,0.0,0.0,5.0,ok,565521.0,15.541,0.0,OK,,,,,,,,,,,,,,,peer_group_features_enriched.csv,코스닥 일반서비스,상업서비스와공급품,"동사는 2005년 설립된 온실가스 감축 전문기업으로, 2023년 코스닥시장에 상장하였으며 종속회사를 보유하고 있음. 온실가스 감축 투자사업을 통해 탄소배출권을 판매하며, 쿡스토브 보급, 메탄가스 누출 방지 등 다양한 감축사업을 추진하고 있음. 배출권거래제 대응 및 탄소자산운용과 환경컨설팅을 수행하고, 유럽에너지거래소 트레이딩 멤버십을 등록하여 거래 서비스를 제공하고 있음.",https://navercomp.wisereport.co.kr/v2/company/c1010001.aspx?cmp_cd=448280,2026-06-09T18:54:18,ok,0,0,0,0,0,0,0,0,0,0,0,0,0,1
엔젯,2022-11-18,1587056,419080,20221108000080,[발행조건확정]증권신고서(지분증권),general,20.2,37.0,28.6,12000.0,15200.0,13600.0,10000.0,-0.2647,,,,PER,19055.0,,63000.0,21000000000.0,20.23,37.02,28.625,코스닥,0.0,0.0,3.0,partial,374875.0,47.5203,0.025,OK,,,,,,,,,,,,,,,peer_group_features_enriched.csv,코스닥 기계·장비,디스플레이장비및부품,"동사는 2009년 설립되어 EHD 잉크젯 프린팅 및 코팅 솔루션을 주 사업으로 하고, 2022년 코스닥에 상장함. 글로벌 및 국내 대기업과 협업 통해 마이크로LED 칩본딩, 디스플레이 코팅, 폴더블 코팅 등으로 진출하고 2026년 리사이클링 사업으로 확장함. 동사는 EHD 프린팅·코팅과 리사이클링 사업을 영위하며, iEHD 기술 기반 멀티노즐 프린트헤드로 시장 점유율 확대를 추진하고 있음.",https://navercomp.wisereport.co.kr/v2/company/c1010001.aspx?cmp_cd=419080,2026-06-09T18:54:19,ok,0,0,1,0,0,1,0,1,0,0,0,0,0,0
엘케이켐,2025-02-25,1747977,489500,20250212000695,[발행조건확정]증권신고서(지분증권),general,29.73,39.77,34.75,18000.0,21000.0,19500.0,21000.0,0.0769,8197.0,81.97,,PER,29883.0,6424676.0,,21000000000.0,29.73,39.76,34.745,코스닥,0.0,0.0,4.0,ok,393939.0,29.7259,0.005,OK,,,,,,,,,,,,,,,peer_group_features_enriched.csv,코스닥 화학,반도체와반도체장비,"동사는 2007년 설립된 반도체 박막 증착 공정용 화학소재 전문 기업으로, 2025년 코스닥에 상장하였음. 한국표준산업분류상 '그 외 기타 분류 안된 화학제품 제조업'에 속하며, 프리커서 및 리간드를 개발, 제조 및 판매하고 있음. 주요 제품으로 High-k 소재인 CP, PCP 리간드와 Low-k 소재인 DIS 프리커서를 보유하며, 다양한 광발전소재와 메탈 프리커서를 생산하고 있음.",https://navercomp.wisereport.co.kr/v2/company/c1010001.aspx?cmp_cd=489500,2026-06-09T18:54:19,ok,0,0,0,0,0,1,1,1,0,0,0,0,0,0
엠디바이스,2025-03-07,1022142,226590,20250221000431,[발행조건확정]증권신고서(지분증권),general,40.11,48.36,44.235,7200.0,8350.0,7775.0,8350.0,0.074,9385.0,93.85,15.95,PER,13942.0,,1260000.0,10521000000.0,40.11,48.36,44.235,코스닥,0.0,0.0,5.0,ok,855116.0,40.109,0.0,OK,,,,,,,,,,,,,,,peer_group_features_enriched.csv,코스닥 전기·전자,반도체와반도체장비,"동사는 2009년 설립된 SSD 전문기업으로, 2025년 유가증권시장에 상장하고 드론 비행제어장치 및 반도체 OS 테스터 전문 자회사를 설립함. 메모리와 시스템 반도체를 결합한 SSD의 설계부터 판매·유통까지 전과정을 직접 수행하며, 기업용, 소비자용 SSD 등 모든 사업을 하고 있음. 클라우드, AI, 자율주행 수요 증가에 따라 데이터센터에 집중하고, 새로운 ICT 인프라와 반도체 사업을 추진하고 있음.",https://navercomp.wisereport.co.kr/v2/company/c1010001.aspx?cmp_cd=226590,2026-06-09T18:54:19,ok,0,0,1,1,1,1,0,0,1,0,0,0,0,0
엠아이큐브솔루션,2023-08-04,1497142,373170,20230725000127,[발행조건확정]증권신고서(지분증권),general,24.48,35.81,30.145,8500.0,10000.0,9250.0,12000.0,0.2973,,,,PER,13242.0,,,14520000000.0,24.48,35.81,30.145,코스닥,0.0,0.0,3.0,partial,404009.0,9.3792,0.0,OK,,,,,,,,,,,,,,,peer_group_features_enriched.csv,코스닥 IT 서비스,IT서비스,"동사는 2005년 소프트웨어 개발 및 판매업 영위를 목적으로 설립되었으며, 2023년 코스닥시장에 상장함. Smart Factory 솔루션과 Digital Transformation 플랫폼을 주된 사업으로 영위하고 있음. 전기·전자, 반도체, 디스플레이, 2차전지 등 다양한 업종의 제조 현장을 전산화·자동화하며, 제조 지능화를 위한 컨설팅부터 시스템 구축, 운영서비스까지 토탈 솔루션을 제공하고 있음.",https://navercomp.wisereport.co.kr/v2/company/c1010001.aspx?cmp_cd=373170,2026-06-09T18:54:20,ok,0,0,1,0,1,1,1,1,0,0,0,1,0,0
엠오티,2024-11-18,1563922,413390,20241106000087,[발행조건확정]증권신고서(지분증권),general,6.48,19.84,13.16,12000.0,14000.0,13000.0,10000.0,-0.2308,7023.0,70.23,,PER,14970.0,12174580.0,1750000.0,17500000000.0,6.48,19.84,13.16,코스닥,0.0,0.0,4.0,ok,620383.0,33.1997,0.0,OK,,,,,,,,,,,,,,,peer_group_features_enriched.csv,코스닥 기계·장비,전기제품,"동사는 2019년에 이차전지와 자동차부품 생산자동화 장비 제조를 위해 설립되었으며, 창업자와 주요 임직원은 삼성SDI 출신의 핵심 기술인력으로 구성되었음. 이차전지 조립공정의 탭 웰딩, 젤리롤 인서트, 캔캡 웰딩 설비를 주력으로 공급하며, 삼성SDI와 SK온 등 국내외 대기업으로부터 기술력을 인정받고 있음. 북미와 유럽에 법인을 운영하며, 46파이 원통형, 전고체, LFP 이차전지 제조장비를 개발해 거래처를 다변화하고 있음.",https://navercomp.wisereport.co.kr/v2/company/c1010001.aspx?cmp_cd=413390,2026-06-09T18:54:20,ok,0,0,0,0,1,1,0,1,1,0,0,0,0,0
오브젠,2023-01-30,1472930,417860,20230113000327,[발행조건확정]증권신고서(지분증권),general,22.2,41.6,31.9,18000.0,24000.0,21000.0,18000.0,-0.1429,,-19.4675,,PER,30843.0,,23279.0,13967208000.0,22.19,41.64,31.915,코스닥,0.0,0.0,3.0,partial,329876.0,41.6399,0.015,OK,,,,,,-20.4544,-19.4675,105.3332,1.0598,2022.0,11011.0,9839.02,,dart_api,peer_group_features_enriched.csv,코스닥 IT 서비스,소프트웨어,"동사는 2000년 설립된 AI 및 데이터 사이언스 기술 기반의 풀스택 AI 데이터 플랫폼 기업으로, 2023년 코스닥 시장에 상장됨. 2025년 데이터 엔지니어링 전문기업 잘레시아를 인수하고 2026년 합병을 완료하여 AI 데이터 시장 경쟁력을 강화함. 동사는 데이터 수집/통합/분석부터 실행까지 아우르는 엔드투엔드 플랫폼 역량을 보유하며, 고객 데이터 & 초개인화 플랫폼과 전사 데이터 통합 & BI 플랫폼 사업을 영위하고 있음.",https://navercomp.wisereport.co.kr/v2/company/c1010001.aspx?cmp_cd=417860,2026-06-09T18:54:21,ok,0,0,1,1,0,0,0,0,0,0,0,1,0,0
와이제이링크,2024-10-18,1023211,209640,20241007000466,[발행조건확정]증권신고서(지분증권),general,23.05,32.47,27.76,8600.0,9800.0,9200.0,12000.0,0.3043,7054.0,70.54,32.23,PER,12714.0,14317240.0,3560000.0,42720000000.0,22.92,32.36,27.64,코스닥,0.0,0.0,5.0,ok,931540.0,5.6159,0.12,OK,,,,,,,,,,,,,,,peer_group_features_enriched.csv,코스닥 기계·장비,전자장비와기기,"동사는 2009년 설립된 SMT 공정 스마트화 장비 전문 기업으로, 2024년 코스닥시장에 상장함. 베트남과 멕시코에 생산법인을, 인도, 유럽, 중국, 일본에 영업법인을 운영 중이며, 인도법인은 2027년 생산법인 전환을 계획하고 있음. 주요 제품은 PCB이송장비, PCB추적장비, SMT 후공정 장비, Smart Factory Solution 등 4가지로 구성되며, SMT 공정 완전자동화를 위한 제품 라인업을 지속 확대하고 있음.",https://navercomp.wisereport.co.kr/v2/company/c1010001.aspx?cmp_cd=209640,2026-06-09T18:54:22,ok,0,0,0,0,1,1,0,1,0,0,0,0,0,0
와이즈넛,2025-01-24,351427,96250,20250114000177,[기재정정]증권신고서(지분증권),general,29.08,34.53,31.805,24000.0,26000.0,25000.0,17000.0,-0.32,13559.0,135.59,35.61,PER,36659.0,13170452.0,900000.0,,29.08,34.53,31.805,,0.0,0.0,5.0,ok,4046706.0,53.6267,0.0,OK,,,,,,,,,,,,,,,peer_group_features_enriched.csv,코스닥 IT 서비스,소프트웨어,"동사는 2000년 설립된 국내 대표 AI 에이전트 전문 기업으로, 2025년 코스닥에 특례상장함. 자체 개발한 자연어처리기술을 기반으로 기업용 검색엔진에서 인공지능 챗봇으로 사업을 확장하며 국내 6,000여 고객사를 확보, 시장 점유율 1위를 유지하고 있음. 산업 특화형 LLM과 RAG 기술이 집약된 AI 에이전트 플랫폼 기업으로 도약하고, 고객 맞춤형 AI 에이전트 플랫폼 중심으로 기술 혁신을 지속하고 있음.",https://navercomp.wisereport.co.kr/v2/company/c1010001.aspx?cmp_cd=096250,2026-06-09T18:54:22,ok,0,0,1,1,0,0,0,0,0,0,0,1,0,0
워트,2023-10-26,866451,396470,20231013000580,[발행조건확정]증권신고서(지분증권),general,12.43,21.81,17.12,5000.0,5600.0,5300.0,6500.0,0.2264,,,,PER,6395.0,,,26000000000.0,,,,코스닥,0.0,0.0,3.0,partial,366046.0,-1.6419,,NO_XML_DR,,,,,,,,,,,,,,,peer_group_features_enriched.csv,코스닥 기계·장비,반도체와반도체장비,"동사는 2004년 반도체 및 디스플레이 공정의 환경제어 시스템 전문기업으로 설립되어 2023년 코스닥시장에 상장하고 있음. 반도체 전공정 Photo공정과 후공정 HBM공정의 트랙 장비에 장착되는 THC, FFU, TCU 등을 개발해 삼성전자, SK하이닉스, 세메스 등에 납품함. 장비의 높은 안정성과 낮은 고장률을 기반으로 EUV 공정을 확대하며, 해외 영업을 적극 추진하고 있음.",https://navercomp.wisereport.co.kr/v2/company/c1010001.aspx?cmp_cd=396470,2026-06-09T18:54:23,ok,0,0,0,0,1,1,0,0,0,0,0,0,0,0
원일티엔아이,2025-05-09,488244,136150,20250423000260,[발행조건확정]증권신고서(지분증권),general,41.12,49.54,45.33,11500.0,13500.0,12500.0,13500.0,0.08,7871.0,78.71,24.42,PER,22929.0,8381030.0,1200000.0,16200000000.0,41.12,49.84,45.48,코스닥,0.0,0.0,5.0,ok,549270.0,41.1226,0.15,OK,,,,,,,,,,,,,,,peer_group_features_enriched.csv,코스닥 기계·장비,에너지장비및서비스,"동사는 1998년 설립된 친환경 에너지 설비 전문기업으로, 2025년 코스닥에 상장하였음. 수소산업에서 수소저장합금과 수소개질기를 개발·제조하며 천연가스 분야에서 고압연소식기화기, 재액화기, 연료주입시스템 등을 국산화하여 공급하고 있음. 장보고-Ⅲ급 잠수함용 수소저장합금 시스템을 납품 중이며, 중대형 수소개질기 및 이산화탄소 포집기술 국산화로 청색수소 생산 설비 공급을 추진하고 있음.",https://navercomp.wisereport.co.kr/v2/company/c1010001.aspx?cmp_cd=136150,2026-06-09T18:54:23,ok,0,0,0,0,0,1,0,1,0,0,0,0,0,0
웨이비스,2024-10-25,1270749,289930,20241016000084,[발행조건확정]증권신고서(지분증권),general,17.97,27.81,22.89,11000.0,12500.0,11750.0,15000.0,0.2766,,,,PER,15238.0,,1490000.0,22350000000.0,18.35,28.15,23.25,코스닥,0.0,0.0,3.0,partial,412137.0,1.5619,0.36,OK,,,,,,,,,,,,,,,peer_group_features_enriched.csv,코스닥 전기·전자,우주항공과국방,"동사는 2017년 설립된 GaN RF 반도체 전문기업으로, 2024년 코스닥에 상장함. 국내 최초 GaN RF 반도체 칩 양산 기술로 칩-패키지-모듈의 수직가치사슬을 내재화해 첨단무기체계, 안티드론, 통신 인프라, 위성 등에 제품을 공급하고 있음. 미국과 일본이 주도하는 시장에서 글로벌 수급난 해소 대안으로 주목받으며, 국내 첨단 무기체계 제조사의 핵심 공급사로 국가 산업 자립화에 기여하고 있음.",https://navercomp.wisereport.co.kr/v2/company/c1010001.aspx?cmp_cd=289930,2026-06-09T18:54:23,ok,0,0,0,0,0,1,0,1,0,0,1,0,0,0
위너스,2025-02-24,1137860,479960,20250212000606,[발행조건확정]증권신고서(지분증권),general,17.19,26.93,22.06,7500.0,8500.0,8000.0,8500.0,0.0625,2882.0,28.82,,PER,,6851000.0,1700000.0,14450000000.0,17.19,26.93,22.06,코스닥,0.0,0.0,4.0,ok,393840.0,,0.0,OK,,,,,,,,,,,,,,,ipo_features_raw.csv,코스닥 전기·전자,전기장비,"동사는 2004년 설립된 배선기구 전문 제조업체로, 2025년 코스닥시장에 상장하였음. 스위치, 콘센트, 멀티콘센트, 분전반 등 배선기구를 중심으로 빌트인 콘센트 및 각종 통신기기의 제조·판매를 주요 사업으로 영위하고 있음. 아파트 등 주거용 건물에 적용되는 스마트홈 시스템과 연계 가능한 스마트 배선기구 및 스마트 분전함을 공급하고 있으며, 최근에는 전기차 충전기 시장에 진출하여 사업 영역을 확대하고 있음.",https://navercomp.wisereport.co.kr/v2/company/c1010001.aspx?cmp_cd=479960,2026-06-09T18:56:11,ok,0,0,0,0,0,1,0,1,0,0,0,0,0,0
위츠,2024-11-20,1445440,459100,20241105000117,[발행조건확정]증권신고서(지분증권),general,14.77,29.42,22.095,5300.0,6400.0,5850.0,6400.0,0.094,5107.0,51.07,18.6,PER,7509.0,12652000.0,3000000.0,19200000000.0,14.76,29.41,22.085,코스닥,0.0,0.0,5.0,ok,509602.0,14.7689,0.01,OK,,,,,,,,,,,,,,,peer_group_features_enriched.csv,코스닥 전기·전자,핸드셋,"동사는 2019년 삼성전기 무선충전 사업을 인수하여 설립되었으며, 2024년 코스닥시장에 상장함. 삼성전자의 1차 협력사로서 스마트폰과 웨어러블 기기에 탑재되는 무선충전모듈(전력수신Rx) 및 무선충전기(전력송신Tx)를 공급하는 전력전송 솔루션 전문 기업임. 전자사업에서는 모바일용 무선충전 모듈과 게이밍·가전용 디스플레이 모듈을 공급하고, 전장사업에서는 KG모빌리티에 모바일 무선충전기와 전력통신제어모듈을 공급하고 있음.",https://navercomp.wisereport.co.kr/v2/company/c1010001.aspx?cmp_cd=459100,2026-06-09T18:54:24,ok,0,0,1,0,1,0,0,0,1,0,0,0,0,0
유라클,2024-08-16,407294,88340,20240805000135,[발행조건확정]증권신고서(지분증권),general,22.74,33.78,28.26,18000.0,21000.0,19500.0,21000.0,0.0769,4475.0,44.75,26.56,PER,27181.0,4372368.0,751000.0,15771000000.0,22.74,33.78,28.26,코스닥,0.0,0.0,5.0,ok,455422.0,22.7401,0.0,OK,,,,,,,,,,,,,,,peer_group_features_enriched.csv,코스닥 IT 서비스,소프트웨어,"동사는 2001년 설립된 AI·모바일 플랫폼 전문기업으로, 2024년 코스닥시장에 상장함. 자회사로는 모바일 기기 유통 사업을 영위하는 에이 네트웍스와 지 네트웍스가 있음. 모바일 개발 플랫폼 '모피어스'를 기반으로 1,000개 이상 기업의 모바일 시스템을 구축하였으며, 모바일 푸시 시스템과 UMS 구축 사업 및 시스템 운영/유지 보수의 사업을 수행하고 있음.",https://navercomp.wisereport.co.kr/v2/company/c1010001.aspx?cmp_cd=088340,2026-06-09T18:54:24,ok,0,0,1,1,0,0,0,0,0,0,0,1,0,0
유진테크놀로지,2023-11-02,1085026,240600,20231019000208,[발행조건확정]증권신고서(지분증권),general,30.55,38.69,34.62,12800.0,14500.0,13650.0,17000.0,0.2454,,,,PER,20879.0,,1049482.0,17841194000.0,30.55,38.69,34.62,코스닥,0.0,0.0,3.0,partial,460854.0,18.5785,0.0,OK,,,,,,,,,,,,,,,peer_group_features_enriched.csv,코스닥 금속,전기제품,"동사는 2010년 설립된 정밀 금형 분야 전문 기업으로, 이차전지 노칭금형 제조에서 선도적 위치를 확보하고 있음. 전기차 배터리 제조 과정에서 핵심적으로 사용되는 노칭금형의 설계 제작에 독보적 역량을 지니며, 초정밀 가공을 실현하고 있음. 화성 테크캠퍼스에서 이차전지 자동화 장비 설계 및 제작을 담당하며, IN-LINE 시스템의 TOTAL SOLUTION을 제공하고 있음.",https://navercomp.wisereport.co.kr/v2/company/c1010001.aspx?cmp_cd=240600,2026-06-09T18:54:24,ok,0,0,0,0,1,1,1,1,0,0,0,0,0,0
이노스페이스,2024-07-02,1700587,462350,20240619000220,[발행조건확정]증권신고서(지분증권),general,25.0,37.0,31.0,36400.0,43300.0,39850.0,43300.0,0.0866,12999.0,129.99,,PER,57754.0,9520072.0,1330000.0,57589000000.0,25.0,37.0,31.0,코스닥,0.0,0.0,4.0,ok,751951.0,25.0268,0.0,OK,,,,,,,,,,,,,,,peer_group_features_enriched.csv,코스닥 운송장비·부품,우주항공과국방,"동사는 2017년 설립된 항공기용 부품 제조업체로 브라질·유럽·UAE에 현지법인을 두고 있음. 동사는 우주산업 밸류체인 중 Upstream 발사체 제작 및 발사서비스를 수행하며, 위성발사·시험평가·제품 제작 및 판매 사업을 영위하고 있음. 동사는 세계 최고 수준의 하이브리드 로켓 고체연료 기술을 보유하고, 2023년 브라질 발사 성공으로 운용 능력을 실증하고 있음.",https://navercomp.wisereport.co.kr/v2/company/c1010001.aspx?cmp_cd=462350,2026-06-09T18:54:24,ok,0,0,0,0,0,1,0,1,0,0,1,0,0,0
이노시뮬레이션,2023-07-06,965318,274400,20230626000073,[발행조건확정]증권신고서(지분증권),general,29.9,39.2,34.55,13000.0,15000.0,14000.0,15000.0,0.0714,,,,PER,21390.0,,900000.0,13500000000.0,29.87,39.22,34.545,코스닥,0.0,0.0,3.0,partial,342535.0,29.8738,0.005,OK,,,,,,,,,,,,,,,peer_group_features_enriched.csv,코스닥 IT 서비스,소프트웨어,"동사는 2000년에 설립된 스마트 모빌리티를 위한 XR 솔루션 기업으로, 2023년 기술성장기업으로 코스닥에 상장함. 디지털 트윈 기반으로 국방 훈련 시뮬레이터, 스마트 모빌리티 시뮬레이터, AI 시뮬레이션 플랫폼, VILS 실차 검증 기술을 핵심 사업으로 진행함. 한화에어로스페이스, 현대로템과 협력하여 K9 자주포, K2 전차 등 XR 기반 방산 시뮬레이터 사업을 확장하고 있음.",https://navercomp.wisereport.co.kr/v2/company/c1010001.aspx?cmp_cd=274400,2026-06-09T18:54:25,ok,0,0,1,1,0,0,0,0,1,0,0,1,0,0
이닉스,2024-02-01,338170,452400,20240119000136,[발행조건확정]증권신고서(지분증권),general,21.93,34.71,28.32,9200.0,11000.0,10100.0,14000.0,0.3861,,110.1933,,PER,14090.0,,3000000.0,42000000000.0,21.93,34.71,28.32,코스닥,0.0,0.0,3.0,partial,612198.0,0.6388,0.0,OK,,,,,1188.8959,107.8562,110.1933,924.3158,807.952,2023.0,11011.0,14.4,9.07,dart_api,peer_group_features_enriched.csv,코스닥 운송장비·부품,전기제품,"동사는 1984년 설립하여 2024년 코스닥에 상장된 전기차 이차전지 부품 전문업체임. 파우치 배터리의 효율, 수명 증진 및 안전성을 보완하는 배터리셀 패드와 내화소재를 현대모비스, SK On, 폭스바겐에 공급하여 독일자동차협회의 까다로운 기준과 품질 환경을 갖추고 있음. 자체 개발제품의 성능 검증을 위한 내화성능 시험실과 설비를 보유, 미국 신공장을 완공해 글로벌 시장 진출을 본격화하고 있음.",https://navercomp.wisereport.co.kr/v2/company/c1010001.aspx?cmp_cd=452400,2026-06-09T18:54:25,ok,0,0,0,0,0,1,1,1,1,0,0,0,0,0
이지트로닉스,2022-02-04,1140837,377330,20220118000223,[발행조건확정]증권신고서(지분증권),general,34.1,43.1,38.6,19000.0,22000.0,20500.0,22000.0,0.0732,,0.9375,,PER,33374.0,,1980000.0,43560000000.0,34.08,43.09,38.585,코스닥,0.0,0.0,3.0,partial,399902.0,34.0804,0.015,OK,,,,,177.4781,-0.3023,0.9375,362.9882,198.7787,2021.0,11011.0,82.61,-0.17,dart_api,peer_group_features_enriched.csv,코스닥 전기·전자,전기제품,"동사는 2008년 전력변환장치 제조·판매를 목적으로 설립되었으며, 2023년 타법인 지분투자 및 미국 법인 설립을 완료함. 전기·수소차용, 방산 전술형차량용, 통신장비용 전력변환장치를 개발하여 전기차충전기 및 신재생에너지용 DC배전으로 사업영역을 확대함. 전력변환기술 발전을 통해 친환경 모빌리티, 통신인프라 등 상용화 영역을 확대하고, 미국·중국 현지 생산체계 구축으로 글로벌 시장에 진출하고 있음.",https://navercomp.wisereport.co.kr/v2/company/c1010001.aspx?cmp_cd=377330,2026-06-09T18:54:26,ok,0,0,0,0,0,1,0,1,1,0,0,0,0,0
인스웨이브시스템즈,2023-09-25,1222113,450520,20230913000346,[발행조건확정]증권신고서(지분증권),general,38.96,49.14,44.05,20000.0,24000.0,22000.0,24000.0,0.0909,,,,PER,,,,,38.96,49.14,44.05,코스닥,0.0,0.0,3.0,partial,387219.0,,0.0,OK,,,,,,,,,,,,,,,ipo_features_raw.csv,코스닥 IT 서비스,소프트웨어,"동사는 2002년 설립된 소프트웨어 전문 기업으로, 2023년 코스닥에 상장했으며 2개의 비상장 종속회사를 보유하고 있음. 국내 최초 웹 표준 UI/UX 개발 플랫폼을 출시해 다양한 고객사에 공급하고, 금융 단말 솔루션 WebTop을 공급하고 있음. 핵심 플랫폼에 LLM 및 생성형 AI를 결합, 2024년 AI 에이전트 플랫폼 웹스퀘어 AI를 출시하며 인공지능 전환을 주도하고 있음.",https://navercomp.wisereport.co.kr/v2/company/c1010001.aspx?cmp_cd=450520,2026-06-09T18:56:11,ok,0,0,1,1,0,0,0,0,0,1,0,1,0,0
인스피언,2024-10-18,1284876,465480,20241002000231,[발행조건확정]증권신고서(지분증권),general,16.37,33.1,24.735,8000.0,10000.0,9000.0,12000.0,0.3333,3947.766,39.4777,,PER,11958.0,10137772.0,2250000.0,27000000000.0,16.38,33.1,24.74,코스닥,0.0,0.0,4.0,ok,568369.0,-0.3512,0.005,OK,,,,,,,,,,,,,,,peer_group_features_enriched.csv,코스닥 IT 서비스,IT서비스,"동사는 2009년 SAP 컨설팅 및 보안솔루션 개발·판매 회사로 설립되어 2024년 코스닥시장에 상장함. 현재 제조, 금융, 서비스, 공공 등 전 분야 기업 고객 대상 SAP 구축/유지보수 컨설팅, 보안솔루션, EDI 솔루션 개발 및 판매 사업을 수행하고 있음. 동사는 클라우드 기반 SaaS형 EAI솔루션 개발, 통합보안관리 솔루션 출시, API Gateway 서비스 확장 및 글로벌 EDI 서비스 확장을 추진하고 있음.",https://navercomp.wisereport.co.kr/v2/company/c1010001.aspx?cmp_cd=465480,2026-06-09T18:54:27,ok,0,0,1,1,0,0,0,1,0,1,0,0,0,0
자람테크놀로지,2023-03-07,1365038,389020,20230220002105,[발행조건확정]증권신고서(지분증권),general,26.2,40.9,33.55,16000.0,20000.0,18000.0,22000.0,0.2222,,6.1735,,PER,27089.0,,,,26.14,40.91,33.525,코스닥,0.0,0.0,3.0,partial,336227.0,18.7862,0.025,OK,,,,,161.1824,2.0295,6.1735,198.1607,188.2258,2022.0,11011.0,5.28,1.26,dart_api,peer_group_features_enriched.csv,코스닥 전기·전자,통신장비,"동사는 2000년 설립된 시스템반도체 설계 전문 팹리스 기업으로, 2023년 코스닥에 상장함. 통신반도체(XGSPON칩) 및 XGSPON SFP+ ONU 제품을 주력으로, 광트랜시버, 기가와이어, 하이패스 단말기용 반도체 등 다양한 제품을 보유하고 있음. 2023년 글로벌 통신장비사와 165억원 규모의 XGSPON ASIC 계약을 체결, 2025년에는 230억원 차세대 XGSPON 계약도 추가로 체결하고 있음.",https://navercomp.wisereport.co.kr/v2/company/c1010001.aspx?cmp_cd=389020,2026-06-09T18:54:27,ok,0,0,0,0,0,1,0,0,0,0,0,0,0,0
제닉스,2024-09-30,1293485,381620,20240913000388,[발행조건확정]증권신고서(지분증권),general,23.44,36.95,30.195,28000.0,34000.0,31000.0,40000.0,0.2903,6891.0,68.91,,PER,44411.0,4442640.0,,,23.44,36.95,30.195,코스닥,0.0,0.0,4.0,ok,462626.0,9.9322,0.0,OK,,,,,,,,,,,,,,,peer_group_features_enriched.csv,코스닥 기계·장비,기계,"동사는 2010년 설립된 자동화 물류 시스템 전문기업으로, 2024년 코스닥시장에 상장함. 반도체, 디스플레이, 2차전지, 자동차 등 다양한 산업에 적용되는 AMHS(Automated Material Handling System)를 전문적으로 개발 및 공급하고 있음. 주요 제품으로는 공정 내 반송물의 보관 및 반입·반출 역할을 수행하는 Stocker와 자재를 자동 이송하는 물류로봇인 AGV/AMR을 생산하고 있음.",https://navercomp.wisereport.co.kr/v2/company/c1010001.aspx?cmp_cd=381620,2026-06-09T18:54:27,ok,0,0,0,0,1,1,1,1,1,0,0,0,0,0
진영,2023-06-01,816933,285800,20230519000263,[발행조건확정]증권신고서(지분증권),general,31.41,41.21,36.31,3600.0,4200.0,3900.0,5000.0,0.2821,,,,PER,6123.0,,4250000.0,21250000000.0,31.4,41.2,36.3,코스닥,0.0,0.0,3.0,partial,442940.0,18.3407,0.01,OK,,,,,,,,,,,,,,,peer_group_features_enriched.csv,코스닥 화학,화학,"동사는 2023년 코스닥에 상장한 플라스틱 소재 기반 고기능성 시트 전문 기업으로, 연결대상 종속회사 3개사를 보유하고 있음. ASA, ABS 등의 소재를 기반으로 내마모성, 방염 등의 기능이 추가된 친환경 플라스틱 시트를 개발·생산하며, 국내 주요 가구업체에 납품하고 있음. 박판 압출 기술과 국내 최대 규모 생산라인을 바탕으로 차량용 내장재, 가전제품용 특수 마감재로 사업을 확대하고 있음.",https://navercomp.wisereport.co.kr/v2/company/c1010001.aspx?cmp_cd=285800,2026-06-09T18:54:28,ok,0,0,0,0,0,0,1,1,1,0,0,0,0,0
캡스톤파트너스,2023-11-15,1497124,452300,20231103000318,[발행조건확정]증권신고서(지분증권),general,14.87,24.32,19.595,3200.0,3600.0,3400.0,4000.0,0.1765,,,,PER,4229.0,,1596000.0,,14.87,24.32,19.595,코스닥,0.0,0.0,3.0,partial,347089.0,5.415,0.0,OK,,,,,,,,,,,,,,,peer_group_features_enriched.csv,코스닥 기타금융,창업투자,"동사는 2008년 설립된 벤처투자회사로 중소/벤처기업에 투자금융을 제공하는 벤처캐피탈임. 기술력이 높지만 자본과 경영여건이 취약한 초기 벤처기업에게 자금과 경영서비스를 제공하고 인수합병, 상장 등을 통해 투자자금을 회수하는 금융회사임. 대출이 아닌 지분투자방식으로 벤처기업의 성장을 도모하여 기술개발 촉진과 산업구조 고도화, 고용창출을 통해 국민경제 활성화에 기여하며, 초기 벤처기업 발굴 및 투자와 투자조합 결성을 지속하고 있음.",https://navercomp.wisereport.co.kr/v2/company/c1010001.aspx?cmp_cd=452300,2026-06-09T18:54:29,ok,0,0,0,0,0,0,0,0,0,1,0,0,0,0
컨텍,2023-11-09,1685251,451760,20231030000344,[발행조건확정]증권신고서(지분증권),general,24.16,31.58,27.87,20300.0,22500.0,21400.0,22500.0,0.0514,21936.635,219.3664,,PER,29668.0,15613041.0,2060000.0,46350000000.0,24.0,31.5,27.75,코스닥,0.0,0.0,4.0,ok,656347.0,24.1607,0.12,OK,,,,,,,,,,,,,,,peer_group_features_enriched.csv,코스닥 IT 서비스,우주항공과국방,"동사는 2015년 우주산업 Downstream 솔루션 제공 목표로 설립되어 2023년 코스닥에 상장함. 우주산업 전 영역을 아우르는 풀 버티컬 체인을 완성하고, 지상국 안테나, 모뎀 제작, 관제 임무 지원 시스템, GSaaS, AI 딥러닝 분석 솔루션 제공함. 인공위성 부분품 및 본체 제작을 통해 UAE와 유럽에 납품하며, 위성통신 서비스를 통해 B2G, B2B를 넘어 B2C까지 사업을 확장하고 있음.",https://navercomp.wisereport.co.kr/v2/company/c1010001.aspx?cmp_cd=451760,2026-06-09T18:54:29,ok,0,0,1,1,0,0,0,0,0,0,1,0,0,0
케이엔에스,2023-12-06,1402995,432470,20231124000347,[발행조건확정]증권신고서(지분증권),general,22.34,32.93,27.635,19000.0,22000.0,20500.0,23000.0,0.122,5729.0,57.29,,PER,28327.0,4442278.0,,,22.34,32.93,27.635,코스닥,0.0,0.0,4.0,ok,341332.0,18.8054,0.0,OK,,,,,,,,,,,,,,,peer_group_features_enriched.csv,코스닥 기계·장비,전기제품,"동사는 2006년 설립되어 2023년 코스닥 상장함. 2025년 은성에프에이 지분 취득을 통해 종속회사를 확대함. BMA 부품을 동사의 설비를 통해 자동으로 생산하며, LGES와 SK온의 1차 벤더사에게 납품하고 있음. 동사는 AI 기반 공정 최적화 기술과 로봇 시스템을 결합해 스마트 팩토리 솔루션으로 사업을 확장하고 있으며, 지능형 로봇 개발을 추진하고 있음.",https://navercomp.wisereport.co.kr/v2/company/c1010001.aspx?cmp_cd=432470,2026-06-09T18:54:30,ok,0,0,1,1,1,1,0,1,0,0,0,0,0,0
케이웨더,2024-02-22,426828,68100,20240208000055,[발행조건확정]증권신고서(지분증권),general,14.08,28.89,21.485,4800.0,5800.0,5300.0,7000.0,0.3208,,-24.3641,,PER,6750.0,,1000000.0,7000000000.0,14.08,28.89,21.485,코스닥,0.0,0.0,3.0,partial,362264.0,-3.7037,0.0,OK,,,,,146.8801,-24.6883,-24.3641,147.8146,84.2772,2023.0,11011.0,75.39,-16.81,dart_api,peer_group_features_enriched.csv,코스닥 기계·장비,IT서비스,"동사는 1997년 기상업무법 민간예보사업제도 도입에 맞춰 설립된 국내 최대 민간기상사업자로, 2024년 코스닥시장에 기술성장기업으로 상장함. 날씨 빅데이터플랫폼으로 기상 관련 개인과 기업고객의 리스크를 줄이고 삶의 질을 향상시키는 것을 목표로 하고 있음. 동사의 플랫폼은 기상 및 공기 빅데이터로 구성되어 4,000여 회원사에 데이터를 유통하고 독자적인 민간예보 맞춤형 데이터를 제공하고 있음.",https://navercomp.wisereport.co.kr/v2/company/c1010001.aspx?cmp_cd=068100,2026-06-09T18:54:30,ok,0,0,1,0,0,1,0,0,0,0,0,1,0,0
코난테크놀로지,2022-07-07,601988,402030,20220624000079,[발행조건확정]증권신고서(지분증권),general,25.7,37.6,31.65,21000.0,25000.0,23000.0,25000.0,0.087,,,,PER,33648.0,,1200000.0,30000000000.0,25.7,37.59,31.645,코스닥,0.0,0.0,3.0,partial,321611.0,25.7014,0.005,OK,,,,,,,,,,,,,,,peer_group_features_enriched.csv,코스닥 IT 서비스,소프트웨어,"동사는 1999년 설립된 AI 기술 전문기업으로, Text AI 및 Vision AI 기반의 다양한 제품을 보유하고 있음. 주요 제품으로 코난서치, 코난애널리틱스, 펄스케이, 코난챗봇, 코난 LLM, 코난와처, 코난보이스 등이 있으며, 5개 사업부를 운영하고 있음. B2B 및 B2G 중심으로 AI 솔루션을 제공하며, 생성형 AI와 데이터 분석 역량을 통해 공공 및 국방 분야의 고도화를 추진하고 있음.",https://navercomp.wisereport.co.kr/v2/company/c1010001.aspx?cmp_cd=402030,2026-06-09T18:54:30,ok,0,0,1,1,0,0,0,0,0,0,0,0,0,0
코츠테크놀로지,2023-08-10,959210,448710,20230731000178,[발행조건확정]증권신고서(지분증권),general,23.69,33.65,28.67,10000.0,11500.0,10750.0,13000.0,0.2093,,,,PER,15071.0,,,13000000000.0,23.69,33.65,28.67,코스닥,0.0,0.0,3.0,partial,481817.0,13.7416,0.0,OK,,,,,,,,,,,,,,,peer_group_features_enriched.csv,코스닥 전기·전자,우주항공과국방,"동사는 1999년 설립된 방위산업 전문 기업으로, SBC, 군용 전시기, 무기체계 탑재용 컴퓨터 및 시스템 분야에서 차별화된 기술력을 확보하고 있음. 상용 기성품과 산업 표준 개방형 아키텍처를 활용해 고신뢰성·고성능 장비를 설계·제작하며, 방위산업 무기체계의 중요 모듈 설계 및 제조를 주력 사업으로 하고 있음. 철도 분야 전자연동장치, 초고압 직류 송전 제어기 등 민수 산업과 ESS 제어기 분야로 사업 다변화를 추진하고 있음.",https://navercomp.wisereport.co.kr/v2/company/c1010001.aspx?cmp_cd=448710,2026-06-09T18:54:31,ok,0,0,0,0,1,1,0,1,0,0,1,0,0,0
코칩,2024-05-07,446901,126730,20240423000279,[발행조건확정]증권신고서(지분증권),general,9.08,28.57,18.825,11000.0,14000.0,12500.0,18000.0,0.44,,,22.52,EV/EBITDA,15399.0,,1500000.0,18000.0,9.08,28.57,18.825,코스닥,0.0,0.0,4.0,ok,652369.0,-16.8907,0.0,OK,,,,,,,,,,,,,,,peer_group_features_enriched.csv,코스닥 전기·전자,전기제품,"동사는 1994년 설립된 에너지 저장 장치 분야 전기전자부품 제조기업으로, 2002년 삼성전기 DLC 사업부 양수를 통해 원천 기술을 확보하였음. 칩셀카본과 칩셀 LTO를 주축으로 이차전지 제조 사업을 하며, 삼성전기 공식 파트너로서 MLCC 및 수동부품 유통 사업을 병행하고 있음. 코인형 제품의 SMD 타입 전환과 대용량 파우치 타입 라인업 추가로 대용량 에너지 저장 솔루션을 제공하는 시스템 파트너로 도약하고 있음.",https://navercomp.wisereport.co.kr/v2/company/c1010001.aspx?cmp_cd=126730,2026-06-09T18:54:31,ok,0,0,1,0,0,0,0,1,0,0,0,0,0,0
퀄리타스반도체,2023-10-27,1584183,432720,20231017000136,[발행조건확정]증권신고서(지분증권),general,24.13,34.25,29.19,13000.0,15000.0,14000.0,17000.0,0.2143,,,,PER,19771.0,,54000.0,30600000000.0,24.13,34.25,29.19,코스닥,0.0,0.0,3.0,partial,400734.0,14.0155,0.0,OK,,,,,,,,,,,,,,,peer_group_features_enriched.csv,코스닥 전기·전자,반도체와반도체장비,"동사는 2017년 설립된 초고속 인터커넥트 반도체 설계 전문 기업으로, 2023년 기술성장기업으로 코스닥에 상장함. 초고속 인터페이스 IP 라이선싱 및 디자인 서비스 사업에 주력하며, MIPI, Display Chipset, PCIe 등 폭넓은 제품 포트폴리오를 보유하고 있음. 파운드리를 이용하는 SoC 개발사와 디자인하우스를 대상으로 2020년부터 다수의 IP 양산 실적을 기록, 안정적인 사업 기반을 구축하고 있음.",https://navercomp.wisereport.co.kr/v2/company/c1010001.aspx?cmp_cd=432720,2026-06-09T18:54:34,ok,0,0,0,0,0,1,0,0,0,0,0,0,0,0
클로봇,2024-10-28,1784914,466100,20241015000370,[발행조건확정]증권신고서(지분증권),general,25.22,35.51,30.365,9400.0,10900.0,10150.0,13000.0,0.2808,9245.0,92.45,,PER,14576.0,25136306.0,3000000.0,39000000000.0,25.22,35.51,30.365,코스닥,0.0,0.0,4.0,ok,916263.0,10.8123,0.0,OK,,,,,,,,,,,,,,,peer_group_features_enriched.csv,코스닥 IT 서비스,기계,"동사는 2013년 설립되어 2024년 코스닥시장에 기술성장기업으로 상장하였으며, 범용 자율주행 솔루션 CHAMELEON과 로봇 관제 솔루션 CROMS를 라이선스 형태로 공급하고 있음. 동사는 공공·생활 분야의 안내, 배송, 순찰 서비스와 물류 및 제조 자동화 영역에서 로봇 기반 서비스를 제공하고 있음. 동사는 다양한 환경에서 높은 복잡도의 로봇 서비스를 구현하며, 기술 개발과 특허 확보를 통해 경쟁력을 강화하고 있음.",https://navercomp.wisereport.co.kr/v2/company/c1010001.aspx?cmp_cd=466100,2026-06-09T18:54:35,ok,0,0,1,0,1,0,0,1,1,0,0,0,0,0
탑런토탈솔루션,2024-11-01,814582,336680,20241022000128,[발행조건확정]증권신고서(지분증권),general,37.85,46.73,42.29,12000.0,14000.0,13000.0,18000.0,0.3846,27662.756,276.6276,,PER,,19592224.0,2500000.0,45000000000.0,37.8,46.7,42.25,코스닥,0.0,0.0,4.0,ok,586348.0,,0.04,NO_XML_DR,,,,,,,,,,,,,,,ipo_features_raw.csv,코스닥 전기·전자,자동차부품,"동사는 2024년 코스닥에 상장한 차량용 디스플레이 및 OLED 부품 전문 기업으로, OLED 장비의 탑런에이피솔루션과 소재의 탑런머티리얼솔루션을 보유하고 있음. 부품 부문에서 차량용 BLU, IVI, HUD 등 전장솔루션과 OLED 및 TV부품, 금형 등 IT솔루션을 제공하고 있음. 동사는 20년간 BLU 생산 노하우와 전공정 자동화로 경쟁력을 확보하고, 중국 및 베트남 공장을 통해 신속한 납기 대응 체계를 구축하고 있음.",https://navercomp.wisereport.co.kr/v2/company/c1010001.aspx?cmp_cd=336680,2026-06-09T18:54:35,ok,0,0,1,0,1,1,1,1,1,0,0,0,0,0
트루엔,2023-05-17,1134216,417790,20230503000315,[발행조건확정]증권신고서(지분증권),general,23.47,36.22,29.845,10000.0,12000.0,11000.0,12000.0,0.0909,,,,PER,15680.0,,2500000.0,30000000000.0,23.47,36.22,29.845,코스닥,0.0,0.0,3.0,partial,406518.0,23.4694,0.0,OK,,,,,,,,,,,,,,,peer_group_features_enriched.csv,코스닥 전기·전자,전자장비와기기,"동사는 2005년 디지털 영상감시시스템 및 IoT 솔루션 전문기업으로 설립되어 2023년 코스닥시장에 상장하였음. IP카메라 태동기부터 영상 전송 코덱 개발 및 H.264 IP카메라를 업계 최초로 출시하며 IP카메라 전문 업체로서 입지를 구축하였음. 주요 사업은 디지털 영상감시시스템과 IoT 사업으로 구분되며, IP카메라, 영상스트리밍솔루션, Zoom Block 등을 생산하고 있음.",https://navercomp.wisereport.co.kr/v2/company/c1010001.aspx?cmp_cd=417790,2026-06-09T18:54:36,ok,0,0,1,0,0,1,0,1,0,0,0,0,0,0
티엑스알로보틱스,2025-03-20,1458161,484810,20250307001078,[발행조건확정]증권신고서(지분증권),general,25.49,36.53,31.01,11500.0,13500.0,12500.0,13500.0,0.08,,,,PER,18119.0,11453434.0,3075400.0,41517900000.0,25.49,36.53,31.01,코스닥,0.0,0.0,3.0,partial,1093809.0,25.4926,0.0,OK,,,,,,,,,,,,,,,peer_group_features_enriched.csv,코스닥 기계·장비,기계,"동사는 2017년 설립된 물류자동화 및 로봇자동화 솔루션 회사로, 2024년 로탈을 흡수합병하고 2025년 코스닥에 상장함. 물류자동화 부문은 휠소터 등 화물 분류 자동화 장비와 솔루션을 제공하며, 로봇자동화 부문은 AMR 등 맞춤형 솔루션을 공급하고 있음. 동사는 서비스로봇 신사업을 추진하며, 해외 기업과 기술 협력을 통해 자체 생산 및 판매를 추진하고 있음.",https://navercomp.wisereport.co.kr/v2/company/c1010001.aspx?cmp_cd=484810,2026-06-09T18:54:37,ok,0,0,1,0,1,1,0,1,0,0,0,0,0,0
티이엠씨,2023-01-19,1301252,425040,20230109000347,[발행조건확정]증권신고서(지분증권),general,19.7,32.4,26.05,32000.0,38000.0,35000.0,28000.0,-0.2,,421.8355,,PER,47325.0,,31250.0,,19.7,32.38,26.04,코스닥,0.0,0.0,3.0,partial,639425.0,40.8347,0.01,OK,,,,,3517.4013,532.6537,421.8355,2029.633,1008.1338,2022.0,11011.0,101.33,15.14,dart_api,peer_group_features_enriched.csv,코스닥 화학,반도체와반도체장비,"동사는 2015년 설립된 반도체 공정용 특수가스 제조기업으로, 2016년 SK하이닉스 협력사 등록 및 2018년 기술 혁신 기업 선정으로 기술협력 관계를 구축함. 가스 합성 및 수전해, 희귀가스 추출 및 분리, 특수가스 정제 등 전 공정을 내재화하며, 반도체용 특수가스, 반도체 및 2차전지 장비 사업을 영위함. 전 공정의 국내 내재화와 자동화 설비를 구축하고, 재활용 기술을 통한 공급망 안정화와 ESG 경영을 지향하고 있음.",https://navercomp.wisereport.co.kr/v2/company/c1010001.aspx?cmp_cd=425040,2026-06-09T18:54:37,ok,0,0,0,0,1,1,1,1,0,0,0,0,0,0
파두,2023-08-07,1292291,440110,20230726000458,[발행조건확정]증권신고서(지분증권),general,24.2,36.4,30.3,26000.0,31000.0,28500.0,31000.0,0.0877,94820.0,948.2,,PER,40912.0,,6250000.0,193750000000.0,24.2,36.4,30.3,코스닥,0.0,0.0,4.0,ok,864182.0,24.2276,0.0,OK,,,,,,,,,,,,,,,peer_group_features_enriched.csv,코스닥 전기·전자,반도체와반도체장비,"동사는 2015년 설립된 데이터센터 특화 시스템 반도체 팹리스 기업이며, 2023년 기술성장기업으로 코스닥시장에 상장함. 핵심제품은 고부가가치 영역인 기업용 SSD에 필수적인 SSD 컨트롤러임. 기업용 SSD는 높아지는 기술적 요구사항으로 소수 글로벌 기업만 개발/양산 가능하며, 동사는 클라우드와 AI, 5G, 자율주행 등 데이터 수요 증가에 따른 데이터센터 영역에 집중하고 있음.",https://navercomp.wisereport.co.kr/v2/company/c1010001.aspx?cmp_cd=440110,2026-06-09T18:54:37,ok,0,0,1,1,0,1,0,0,1,0,0,0,0,0
포스뱅크,2024-01-29,862312,105760,20240115000358,[발행조건확정]증권신고서(지분증권),general,17.23,28.26,22.745,13000.0,15000.0,14000.0,18000.0,0.2857,4479.0,44.79,,PER,18122.0,,1500000.0,27000000000.0,17.23,28.26,22.745,코스닥,0.0,0.0,4.0,ok,418687.0,0.6732,0.0,OK,,,,,,,,,,,,,,,peer_group_features_enriched.csv,코스닥 기계·장비,상업서비스와공급품,"동사는 2003년 설립된 POS 및 KIOSK 개발 제조 전문기업으로, 2024년 코스닥에 상장했으며, 미국, 중국, 유럽에 법인 및 연락사무소를 확대하고 있음. 카드 판독기, 바코드 리더 등과 호환되는 POS 및 무인 주문 KIOSK 시스템을 개발하여 외식업과 소매 유통업에 공급하고 있음. 평택공장에 자동 생산 라인을 구축하여 연간 최대 283,000대를 생산하며, 80여 개국에 제품을 공급하고 있음.",https://navercomp.wisereport.co.kr/v2/company/c1010001.aspx?cmp_cd=105760,2026-06-09T18:54:38,ok,0,0,0,0,0,1,0,1,0,0,0,0,0,0
퓨릿,2023-10-18,1027828,445180,20231004000216,[발행조건확정]증권신고서(지분증권),general,28.0,40.5,34.25,8800.0,10700.0,9750.0,10700.0,0.0974,,,,EV/EBITDA,14824.0,,4137000.0,,28.0,40.5,34.25,코스닥,0.0,0.0,3.0,partial,562108.0,27.8198,0.0,OK,,,,,,,,,,,,,,,peer_group_features_enriched.csv,코스닥 화학,반도체와반도체장비,"동사는 2010년 산업용 및 디스플레이 공정 폐유기용제 회수·정제 사업으로 설립되어 2023년 코스닥 상장함. 초고순도 반도체용 케미컬과 디스플레이용, 산업용 케미컬을 생산하며, 반도체 포토리소그래피와 LCD 배향막 세정제 원재료를 주력으로 공급함. 지속적 연구개발로 정제 생산방식에서 합성 생산방식으로 확장하고, 국내외 반도체 및 소재업체에 납품해 지속 성장하고 있음.",https://navercomp.wisereport.co.kr/v2/company/c1010001.aspx?cmp_cd=445180,2026-06-09T18:54:38,ok,0,0,0,0,0,1,1,1,0,0,0,0,0,0
피아이이,2025-02-04,1429220,452450,20250116000121,[발행조건확정]증권신고서(지분증권),general,23.97,39.17,31.57,4000.0,5000.0,4500.0,5000.0,0.1111,11981.0,119.81,,PER,6576.0,36201000.0,3600000.0,14400000000.0,23.96,39.17,31.565,코스닥,0.0,0.0,4.0,ok,458502.0,23.9659,0.005,OK,,,,,,,,,,,,,,,peer_group_features_enriched.csv,코스닥 기계·장비,IT서비스,"동사는 2018년 설립되어 2025년 코스닥 시장에 상장한 AI 기반 제조지능화 솔루션 전문기업임. 딥러닝 비전 기술과 피지컬 AI를 결합하여 첨단 제조 공정에 초정밀 AI 검사 기능을 제공하고, 데이터를 통합 분석하여 스마트팩토리 토탈 솔루션을 공급함. AX사업부를 중심으로 신규 영역을 확장하고 AI 모델 경량화 기술로 B2B AI 시장 주도권을 선점하며 지속 성장하고 있음.",https://navercomp.wisereport.co.kr/v2/company/c1010001.aspx?cmp_cd=452450,2026-06-09T18:54:39,ok,0,0,1,1,0,1,0,1,0,0,0,0,0,0
핀텔,2022-10-20,1524507,291810,20221007000272,[발행조건확정]증권신고서(지분증권),general,21.0,33.4,27.2,7500.0,8900.0,8200.0,8900.0,0.0854,10950.0,109.5,20.5,PER,11263.0,22055945.0,60000.0,17800000000.0,20.9,32.8,26.85,코스닥,0.0,0.0,5.0,ok,725727.0,20.9802,0.35,OK,,,,,,,,,,,,,,,peer_group_features_enriched.csv,코스닥 IT 서비스,소프트웨어,"동사는 2015년 설립된 소프트웨어 개발 및 공급 전문 기업으로 2022년 코스닥에 상장함. 스마트시티와 교통체계 관련 AI 영상분석 솔루션을 개발·판매하며, 고해상도 AI 영상분석 기술로 스마트시티, 커넥티드 모빌리티, 예측형 스마트 안전 산업에서 두각을 나타내고 있음. 'PREVAX' 플랫폼을 공급하며, 스마트시티 시장 지배력 강화와 지능형 도시운영 AI 플랫폼으로 사업 확장하고 있음.",https://navercomp.wisereport.co.kr/v2/company/c1010001.aspx?cmp_cd=291810,2026-06-09T18:54:39,ok,0,0,1,1,0,0,0,0,1,0,0,1,0,0
필에너지,2023-07-14,1488320,378340,20230704000142,[첨부정정]증권신고서(지분증권),general,20.73,30.5,25.615,26300.0,30000.0,28150.0,34000.0,0.2078,,,,PER,37844.0,,29412.0,95625000000.0,,,,코스닥,0.0,0.0,3.0,partial,489790.0,,,,,,,,,,,,,,,,,,ipo_features_raw.csv,코스닥 기계·장비,전기제품,"동사는 2020년 필옵틱스에서 분할돼 이차전지 설비 제조 및 판매를 위해 설립되고, 2023년 코스닥시장에 상장함. 레이저 공정 기술과 정밀 제어 기술로 Stacking 설비, Laser Notching 설비, 원통형 배터리 권취기 등을 개발, 공급하고 있음. 2026년 미국 전고체 배터리 기업과 전략적 지분 투자를 통해 전고체 배터리 장비 공급권 확보 및 기술 고도화에 집중하고 있음.",https://navercomp.wisereport.co.kr/v2/company/c1010001.aspx?cmp_cd=378340,2026-06-09T18:54:40,ok,0,0,0,0,1,1,1,1,0,0,0,0,0,0
하이젠알앤엠,2024-06-27,650771,160190,20240617000110,[발행조건확정]증권신고서(지분증권),general,19.13,33.83,26.48,4500.0,5500.0,5000.0,7000.0,0.4,,,33.44,EV/EBITDA,6801.0,,3400000.0,,19.13,33.83,26.48,코스닥,0.0,0.0,4.0,ok,575891.0,-2.926,0.0,OK,,,,,,,,,,,,,,,peer_group_features_enriched.csv,코스닥 전기·전자,기계,"동사는 2007년 설립되어 오티스엘리베이터코리아의 산업용 모터사업부문을 인수하였으며, 2010년 중국 청도 모터부품 공장 인수로 생산체제를 구축함. 현재 산업용전동기, 서보 & 로봇, 모빌리티 사업을 영위하며, 국내 산업용전동기 시장에서 3위 점유율을 보유하고 있음. 동사는 내압방폭형 서보모터 생산 인증 업체로, 로봇용 액추에이터 및 모빌리티용 영구자석 구동모듈을 미래비전 핵심기술로 선정하여 글로벌 모터 기업으로 발돋움하고 있음.",https://navercomp.wisereport.co.kr/v2/company/c1010001.aspx?cmp_cd=160190,2026-06-09T18:54:40,ok,0,0,0,0,1,0,0,1,1,0,0,0,0,0
한국피아이엠,2025-04-04,765897,448900,20250324000424,[발행조건확정]증권신고서(지분증권),general,30.59,42.37,36.48,9300.0,11200.0,10250.0,11200.0,0.0927,9062.292,90.6229,11.81,EV/EBITDA,16136.0,6080457.0,65000.0,14560000000.0,30.59,42.37,36.48,코스닥,0.0,0.0,5.0,ok,712141.0,30.59,0.0,OK,EBITDA,,,,,,,,,,,,,,peer_group_features_enriched.csv,코스닥 운송장비·부품,자동차부품,"동사는 2001년 금속사출부품의 제조 및 판매를 목적으로 설립되었으며, 2025년 코넥스시장에서 코스닥시장으로 신속이전상장하였음. 금형전문기업 ㈜대명정밀을 2021년 인수하여 금형기술 및 제작설비를 확보하였으며, 종속회사로 ㈜대명정밀 등 2개사를 보유하고 있음. 금속분말사출성형(MIM) 기술을 바탕으로 자동차 터보차저 및 변속기 부품, 치아 임플란트, 웨어러블 스마트기기 부품을 주력사업으로 영위하고 있음.",https://navercomp.wisereport.co.kr/v2/company/c1010001.aspx?cmp_cd=448900,2026-06-09T18:54:40,ok,0,0,0,0,0,1,1,1,1,0,0,0,0,0
한선엔지니어링,2023-11-24,958451,452280,20231110000103,[발행조건확정]증권신고서(지분증권),general,22.68,32.99,27.835,5200.0,6000.0,5600.0,7000.0,0.25,,,,PER,7760.0,,4250000.0,29750000000.0,22.68,32.99,27.835,코스닥,0.0,0.0,3.0,partial,557722.0,9.7938,0.0,OK,,,,,,,,,,,,,,,peer_group_features_enriched.csv,코스닥 금속,기계,"동사는 2012년 설립된 계측장비 피팅 및 밸브 제조 전문기업으로, 설립 첫해 새한엔텍의 생산시설을 인수하여 연구개발 체계를 구축함. 동사의 S-LOK 브랜드를 통해 석유화학, 조선·해양, 방위산업, 반도체, 수소연료전지 산업에 제품을 공급하고 있음. 에너지 전환에 대응하여 수소, 반도체 등 전략 산업군을 목표로 고순도 피팅 및 밸브 개발과 해외 인증 확보를 통해 시장 진출을 확대하고 있음.",https://navercomp.wisereport.co.kr/v2/company/c1010001.aspx?cmp_cd=452280,2026-06-09T18:54:41,ok,0,0,0,0,0,1,1,1,0,0,0,0,1,0
한싹,2023-10-04,1602638,430690,20230918000117,[발행조건확정]증권신고서(지분증권),general,20.01,35.28,27.645,8900.0,11000.0,9950.0,12500.0,0.2563,,,,PER,13752.0,,1500000.0,18750000000.0,20.0,35.3,27.65,코스닥,0.0,0.0,3.0,partial,578849.0,9.1041,0.005,OK,,,,,,,,,,,,,,,peer_group_features_enriched.csv,코스닥 IT 서비스,소프트웨어,"동사는 1992년 설립 후 2000년 법인으로 전환, 2023년 코스닥에 상장한 응용소프트웨어 개발 및 공급 전문기업임. 주요 제품은 망간자료전송, 패스워드관리, 보안전자팩스, 스마트빌링 솔루션 등이며, 35년의 업력으로 국내 보안 시장을 선도하고 있음. 클라우드 개발과 AI연구센터 설립으로 신제품을 출시하고, R&D를 통해 ICT 환경에 맞춘 융합보안 솔루션 전문기업으로 도약하고 있음.",https://navercomp.wisereport.co.kr/v2/company/c1010001.aspx?cmp_cd=430690,2026-06-09T18:54:42,ok,0,0,1,1,0,0,0,0,0,0,0,0,0,0
한주라이트메탈,2023-01-19,156600,198940,20230109000226,[발행조건확정]증권신고서(지분증권),general,32.2,40.95,36.575,2700.0,3100.0,2900.0,3100.0,0.069,,0.9318,,PER,4572.0,,6500000.0,20150000000.0,32.2,40.95,36.575,코스닥,0.0,0.0,3.0,partial,640883.0,32.196,0.0,OK,,,,,2324.9685,52.5494,0.9318,1877.2476,390.4254,2022.0,11011.0,380.82,2.26,dart_api,peer_group_features_enriched.csv,코스닥 금속,자동차부품,"동사는 1987년 설립되었으며 2023년 코스닥시장에 상장된 알루미늄 토탈 솔루션 프로바이더임. 동사는 국내 울산에 본사와 공장을 운영하고 2022년에 슬로바키아에 해외 종속기업을 설립하여 글로벌 사업을 확장하고 있음. 동사는 현대차 eM플랫폼 크로스멤버를 수주하여 Tier-1으로 등록되었으며, 전자기교반 주조공법을 적용한 고부가가치 부품 연구개발을 확대하고 있음.",https://navercomp.wisereport.co.kr/v2/company/c1010001.aspx?cmp_cd=198940,2026-06-09T18:54:42,ok,0,0,1,0,0,0,1,1,1,0,0,1,0,0
한중엔시에스,2024-06-24,474588,107640,20240607000180,[발행조건확정]증권신고서(지분증권),general,32.6,42.64,37.62,20000.0,23500.0,21750.0,30000.0,0.3793,14219.0,142.19,,PER,34865.0,9085013.0,48000.0,48000000000.0,32.31,42.64,37.475,코스닥,0.0,0.0,4.0,ok,632786.0,13.9538,0.145,OK,,,,,,,,,,,,,,,peer_group_features_enriched.csv,코스닥 전기·전자,전기장비,"동사는 1995년 설립되어 2024년 코스닥에 상장한 기업으로 미국 및 중국에 법인을 두고 해외 시장에 대응하고 있음. ESS 부품과 EV 부품을 주로 생산·판매하며, ESS 분야 수냉식 냉각시스템 및 자동차부품분야 EV 전용 Cooling Fan Module 등을 생산하고 있음. 국내 유일의 수냉식 ESS 냉각시스템 상용화 기업이며, 연구개발 및 해외생산 거점을 통해 업계 선두주자로 독보적 위치를 유지하고 있음.",https://navercomp.wisereport.co.kr/v2/company/c1010001.aspx?cmp_cd=107640,2026-06-09T18:54:42,ok,0,0,0,0,0,1,0,1,1,0,0,0,0,0
한켐,2024-10-22,1016309,457370,20241002000203,[발행조건확정]증권신고서(지분증권),general,18.89,30.08,24.485,12500.0,14500.0,13500.0,18000.0,0.3333,5366.0,53.66,,PER,17878.0,8067134.0,,,18.9,30.08,24.49,코스닥,0.0,0.0,4.0,ok,506667.0,-0.6824,0.005,OK,,,,,,,,,,,,,,,peer_group_features_enriched.csv,코스닥 화학,디스플레이장비및부품,"동사는 1999년 설립되어 2024년 코스닥 상장하였으며, OLED, 반도체 소재 등을 생산하는 전문기업으로 성장함. 동사는 고객사 요구에 맞춰 화합물 소재를 연구·개발·생산하고, 최적화된 제조 공정과 고순도 제품으로 고객의 제품 개발 시간과 비용 절감을 지원하고 있음. 6천건 이상의 합성 경험, 다양한 합성반응 노하우를 바탕으로 기업들과 경쟁력을 구축하며 사업을 활발히 전개하고 있음.",https://navercomp.wisereport.co.kr/v2/company/c1010001.aspx?cmp_cd=457370,2026-06-09T18:54:42,ok,0,0,0,0,0,1,1,1,0,0,0,0,0,0
한텍,2025-03-20,404941,98070,20250305000408,[발행조건확정]증권신고서(지분증권),general,43.0,51.5,47.25,9200.0,10800.0,10000.0,10800.0,0.08,16392.6221,163.9262,14.07,PER,19102.0,11127819.0,3309000.0,35737200000.0,43.0,51.5,47.25,코스닥,0.0,0.0,5.0,ok,548002.0,43.4614,0.0,OK,,,,,,,,,,,,,,,peer_group_features_enriched.csv,코스닥 금속,에너지장비및서비스,"동사는 1998년 한국비료에서 분사하여 설립되었으며, 2011년 후성 그룹에 편입 후 울산으로 본사를 이전하여 생산능력 증대함. 에너지사업부는 열교환기, 압력용기, 반응기 등 화공기기를 제작하고, 탱크사업부는 산업용 초저온 저장탱크 설계·제작·설치에 주력하고 있음. 국내외 대형 EPC 업체와 거래하며 암모니아 저장탱크 및 사용후 핵연료, 액화수소 저장탱크 등 친환경 에너지 인프라 사업으로 포트폴리오 다각화하고 있음.",https://navercomp.wisereport.co.kr/v2/company/c1010001.aspx?cmp_cd=098070,2026-06-09T18:54:43,ok,0,0,0,0,0,1,1,1,0,0,0,0,0,0
현대힘스,2024-01-26,667373,460930,20240116000199,[발행조건확정]증권신고서(지분증권),general,24.2,39.84,32.02,5000.0,6300.0,5650.0,7300.0,0.292,,101.1738,,PER,8311.0,,8707000.0,63561100000.0,24.2,39.84,32.02,코스닥,0.0,0.0,3.0,partial,320502.0,12.1646,0.0,OK,,,,,1891.8802,144.6368,101.1738,2504.8375,1768.3552,2023.0,11011.0,41.65,7.65,dart_api,peer_group_features_enriched.csv,코스닥 운송장비·부품,조선,"동사는 2008년 HD현대중공업의 선박블럭 및 배관 제조부문 자산을 양수하여 설립되었고, 2024년 코스닥시장에 상장함. 선박의 주요 부문 제조와 배관·철의장 도장을 주력사업으로 하고, 여러 공장을 통해 연간 20만톤 생산능력을 갖춤. HD현대중공업 등과 장기 업무협정으로 안정적 매출기반을 확보하며, 친환경 선박용 제품과 항만 크레인 제작 등 신규사업으로 다변화를 추진하고 있음.",https://navercomp.wisereport.co.kr/v2/company/c1010001.aspx?cmp_cd=460930,2026-06-09T18:54:43,ok,0,0,0,0,0,1,0,1,0,0,0,0,0,0
